sample_id,source,question,gold_answer,task_type
hotpotqa_0141,hotpotqa,"Which American singer-songwriter known as ""the Caruso of Rock"", recorded on the Monument Records label and had hits such as ""Pretty One,"" and ""Uptown""?",Roy Orbison,entity
hotpotqa_0100,hotpotqa,Where is the base of one of the three main British intelligence agencies?,Cheltenham,entity
musique_0658,musique,Who sings Meet Me In Montana with the singer of You're Still New to Me?,Dan Seals,entity
hotpotqa_0900,hotpotqa,The 2016 Baylor Bears football team were invited to what event when they defeated the 2016 Boise State Broncos?,Cactus Bowl,entity
musique_0742,musique,Who is the father of the person who directed He Named Me Malala?,Charles Guggenheim,compositional
hotpotqa_0642,hotpotqa,Shere Khan is a fictional Bengal tiger that was the main antagonist in Rudyard Kipling's book titled what?,The Jungle Book,entity
hotpotqa_0264,hotpotqa,"Who's the Hungarian-born US film director renowned for adapting Stephen King novellas to the screen, including The Mist and The Green Mile?",Frank Darabont,entity
squad_0185,squad,"The school known as Notre Dame is known by a more lengthy name, what is it?",University of Notre Dame du,entity
musique_0320,musique,When did the author of Prometheus Unbound pass?,8 July 1822,temporal
hotpotqa_0924,hotpotqa,BLIZZARD! The Storm That Changed America was about the storm also referred to as what?,Great White Hurricane,entity
hotpotqa_0463,hotpotqa,"Which was released second, Charley and the Angel or Planes?",Planes,temporal
hotpotqa_0862,hotpotqa,"What actress starred with James Franco in Palo Alto and played Kristina Jung in ""Blow""?",Emma Roberts,compositional
hotpotqa_0711,hotpotqa,"What is the birthdate of this former NASA astronaut and a retired captain in the United States Navy, who published the book Lost Moon: The Perilous Voyage of Apollo 13?","March 25, 1928",entity
musique_0976,musique,What language is used in the place where Portrait of Bia de' Medici can be found?,Italian,compositional
hotpotqa_0967,hotpotqa,When was American actor who acted Spock in The City on the Edge of Forever born? ,"March 26, 1931",temporal
squad_0094,squad,Which college did Notre Dame add in 1921?,College of Commerce,entity
hotpotqa_0667,hotpotqa,"The actor that uses the stage name ""Li Ming"" starred with Donnie Yen in a 2005 Hong Kong film directed by who?",Tsui Hark,compositional
hotpotqa_0718,hotpotqa,"Who directed the 2004 film that featured ""Más"" by Kinky?",Tony Scott,compositional
hotpotqa_0715,hotpotqa,Who developed the game with whom the man who created the C programming language was incorrectly cited as a co-author?,Bell Labs,compositional
hotpotqa_0835,hotpotqa,"Otryadyn Gündegmaa, is a Mongolian sports shooter, she competed in 10 m and 25 m pistol events at the 1996 Summer Olympics, known officially as the Games of the XXVI Olympiad and unofficially as the C",United States,entity
hotpotqa_0294,hotpotqa,What era was the man associated with Fanny Talbot the leading art critic of?,Victorian era,compositional
hotpotqa_0250,hotpotqa,What is the historical name of the acid that dissolves phenazine?,oil of vitriol,entity
musique_0265,musique,What does the Buddhist belief that says Buddhas come one at a time and not within other eras mean?,The School of the Elders,other
squad_0452,squad,When did Beyonce begin her second world tour?,March 2009,temporal
musique_0186,musique,What is the enrollment at the school where the Frog Baby Fountain is located?,"22,513 students",entity
musique_0746,musique,Why did the author of With the Century redeploy his military troops?,to defend Seoul,other
hotpotqa_0965,hotpotqa,"When was the American fitness guru, actor, and comedian born who is known for his eccentric, flamboyant, and energetic personality and also a star of Rudolph the Red-Nosed Reindeer: The Movie?","July 12, 1948",temporal
musique_0838,musique,"From what year to what year, did the poet who wrote A Host of Golden Daffodils, live?",1770-1850,temporal
squad_0176,squad,In what year did the opening of a theology library at Notre Dame occur?,2015,temporal
musique_0739,musique,What league was the team Don Barry plays for a part of?,Canadian Football League,entity
hotpotqa_0804,hotpotqa,Who is this retired American politician who was a U. S. representative of Oklahoma's 2nd Congressional District whom Oklahoma politician Jim Wilson ran against during the July 27 Democratic primary?,Dan Boren,entity
musique_0077,musique,Who did members of the group who originally performed Kollaps collaborate with?,the Birthday Party,compositional
musique_0512,musique,Who played the Would You Take Another Chance on Me performer in Walk the Line?,Waylon Malloy Payne,entity
musique_0399,musique,Who played the It'll Be Me singer in Walk the Line?,Waylon Malloy Payne,entity
musique_0111,musique,Who was the first president from the party following the Anti-Administration Party?,Jefferson,compositional
musique_0286,musique,"When Anson led the Chicago Cubs, how many pennants did they win in the league that employed Peter McLaughlin?",six,numerical
hotpotqa_0807,hotpotqa,"The metafamily of graphical operating systems developed, marketed, and sold by Microsoft offers what kind of help to musicians?",software for singing training,other
hotpotqa_0226,hotpotqa,"The character portrayed in ""Giuliani Time"" is a real-life informal adviser to the White House in which area?",cybersecurity,entity
squad_0310,squad,"After leaving Destiny's Child, how many records did Beyoncé release under her own name?",118 million,numerical
squad_0292,squad,For what movie did Beyonce receive  her first Golden Globe nomination?,Dreamgirls,entity
hotpotqa_0790,hotpotqa,"In what year was the author of ""Trading Christmas"" born?",1948,compositional
squad_0220,squad,Which league did Notre Dame Fighting Irish teams participate in in 1982?,Horizon League,entity
hotpotqa_0063,hotpotqa,In what political party was the man who officially opened he Royal Spa Centre in 1972?,Conservative,compositional
musique_0926,musique,What year did the league the Scone Thoroughbreds play for start?,1895,temporal
hotpotqa_0177,hotpotqa,"""Apocalypic"" is a song sung by Lizzy Hale from which group? ",Halestorm,entity
squad_0474,squad,Beyonce tied with which artist for most nominations by a female artist?,Lauryn Hill,entity
musique_0280,musique,What was the record label of the singer of Take Good Care of My Baby?,Liberty Records,entity
hotpotqa_0936,hotpotqa,"What type od dance music inspired the band, ""The Kabalas""?",Polka,entity
hotpotqa_0212,hotpotqa,"The NBC-affiliated television station, owned by an American telecommunications company whose founder is Julian Sinclair Smith, called WJAR is more commonly known as what?",NBC 10,entity
musique_0255,musique,What year saw the formation of the band that released the album Ohio Is for Lovers?,2001,compositional
hotpotqa_0844,hotpotqa,"In the 2016 romantic drama ""Me Before You"" directed by Thea Sharrock, Sam Claflin (who also appears in The Hunger Games) stars as which character?",Will Traynor,entity
hotpotqa_0684,hotpotqa,"Which board game was created by Reiner Knizia, Junta or Medici?",Medici,other
squad_0419,squad,Who did Beyoncé tour with for the Verizon Lades First Tour?,Missy Elliott and Alicia Keys,entity
musique_0687,musique,Who is the spouse of the actor of the US president in The American President?,Catherine Zeta-Jones,compositional
hotpotqa_0233,hotpotqa,"Which band has more members, Muse or The Raconteurs?",The Raconteurs,other
hotpotqa_0709,hotpotqa, Portrait of Wally is a 1912 oil painting by a protégé of Gustav Klimt whose work is noted for its intensity and what?,raw sexuality,other
musique_0730,musique,"When did the individual who said psychology is the science of mental life, die?",1910,temporal
musique_0117,musique,What was a notable work of the Chet Holifield Federal Building designer?,Transamerica Pyramid,entity
musique_0885,musique,Who was the original broadcaster of season 1 of the series of which A Measure of Salvation is one episode?,Sci-Fi Channel,compositional
musique_0068,musique,"When did the the river where Southern California gets most of its water, start to form the Grand Canyon?",about 5 to 6 million years ago,temporal
squad_0267,squad,Mariel Zagunis is notable for winning what?,Olympic gold,entity
hotpotqa_0078,hotpotqa,"The lead singer and guitarist in the Portland, Oregon rock band consisting of John Gourley, Zach Carothers, Kyle O'Quin, Jason Sechrist and Eric Howk, goes by what alias?",The Fantastic The,entity
hotpotqa_0416,hotpotqa,"What  teen sex comedy film written by Adam Herz and directed by brothers Paul and Chris Weitz, starred an actor best known for her role as Jessica ?",American Pie,entity
musique_0832,musique,Who originally broadcasted season 1 of the series in which He That Believeth in Me is an episode?,Sci-Fi Channel,entity
musique_0898,musique,"What was the response of the man who coined the term ""abominable mystery"" to the claims that certain animals could not have evolved through natural selection?",Darwin proposed scenarios for the incremental evolution of each feature.,other
musique_0794,musique,"What is the county where Punta Gorda, Florida is located named after?",Charlotte Harbor,compositional
musique_0417,musique,"Who played the writer of ""Lewis Boogie"" on walk the line?",Waylon Malloy Payne,entity
squad_0286,squad,What was Beyoncé's role in Destiny's Child?,lead singer,entity
hotpotqa_0209,hotpotqa,Sojourners and KO Magazine share what publication format?,magazine,other
musique_0018,musique,When did the country formerly known as Zaire become independent?,1960,temporal
musique_0937,musique,What year did the sport that Christopher McKivat plays for start?,1895,compositional
hotpotqa_0989,hotpotqa,"What is a rare breed of dog that was derived as a variant of Rat Terrier, Shiloh Shepherd dog or American Hairless Terrier ?",American Hairless Terrier,entity
musique_0755,musique,What year was the foundation of the school where Thomas Farrell was educated?,1824,temporal
hotpotqa_0148,hotpotqa,Who chaired the ceremony in which the film written by Canet and Philippe Lefebvre won the award for Best Film?,Isabelle Mergault,compositional
hotpotqa_0599,hotpotqa,John Martin & Co. is responsible for the pageant that has been known as what since 1996?,Credit Union Christmas Pageant,entity
hotpotqa_0947,hotpotqa,"Who co- satrred with the actor who starred in several television series over more than five decades, including such popular roles as Bret Maverick in a 1959 episode of the Western comedy television se",Clint Eastwood,entity
musique_0376,musique,In what century did the person for whom Murska Sobota Cathedral was named become the influence for Santa Claus wearing red?,4th,compositional
hotpotqa_0348,hotpotqa,Alan Furst and Lee Child are what?,is a British author,entity
squad_0151,squad,Construction for which hall started on March 8th 2007 at Notre Dame?,Duncan Hall,temporal
hotpotqa_0538,hotpotqa,Seoul Train and Making North America are both films in what style of cinema or film making genre?,documentary,entity
hotpotqa_0818,hotpotqa,"Between the two musicians, Peter Garrett and Ryo Kawakita, who has had more diverse job experiences? ",Peter Robert Garrett,other
musique_0786,musique,Who played the piano in the series that had an episode called A Measure of Salvation?,Roark Critchlow,compositional
squad_0114,squad,Which institute involving animal life did Cavanaugh create at Notre Dame?,Lobund Institute for Animal Studies,entity
musique_0270,musique,Who founded the company that made Vacamatic?,Walter Percy Chrysler,compositional
hotpotqa_0677,hotpotqa,"When was the American rapper from Atlanta, Georgia born who's song is ""Sneakin'""?","October 22, 1992",temporal
musique_0494,musique,Where is the water lily pond painted by the artist who painted The Cliff Walk at Pourville?,his flower garden at his home in Giverny,compositional
musique_0812,musique,When did the Admiral Twin open in the city served by KGTO?,1998,temporal
musique_0616,musique,Who is the spouse of Ernest the Rebel's director?,Martine Carol,entity
hotpotqa_0624,hotpotqa,The team Kevin Goldthwaite last played for play their home games at Providence Park since what year?,2011,temporal
hotpotqa_0748,hotpotqa,Terry Pratchett's The Colour of Magic starred which star of Only Fools and Horses?,Sir David John White,entity
musique_0804,musique,When did the author of The Sparrow's Nest live?,1770-1850,temporal
hotpotqa_0376,hotpotqa,What was the official name for the draft that Thomas E. O'Donnell was a public opponent of?,Conscription in the United States,entity
musique_0469,musique,"Where is the water lily pond by the artist of Impression, Sunrise located?",his flower garden at his home in Giverny,compositional
musique_0106,musique,When did the organization that gives out the Frank P. Brown Medal open?,1824,temporal
hotpotqa_0897,hotpotqa,Fred Mundee attended the public high school that was built in what year?,1909,temporal
musique_0429,musique,Who is the spouse of the person who won the popular vote in the 2000 election?,Tipper Gore,compositional
hotpotqa_0534,hotpotqa,When was the band for which Bob Welch was a guitarist formed ?,1967,temporal
hotpotqa_0653,hotpotqa,What was the nationality of Marco Garibaldi's former partner?,American,entity
hotpotqa_0396,hotpotqa,Who is married to Jim Tomlinson and released an album entitled Raconte-moi?,Stacey Kent,compositional
musique_0487,musique,"Along with the performer of Nude as the News, what indie/folk musician is based in Miami?",Iron & Wine,compositional
musique_0256,musique,"Which county border the county where Rapid City, South Dakota is located?",Meade County,other
hotpotqa_0519,hotpotqa,"The pop singer in the lead role in ""Tere Bin Laden"" received how many Lux Style Awards?",five,numerical
hotpotqa_0230,hotpotqa,"Which director is American, Mark L. Lester or Ken Loach?",Mark L. Lester,other
musique_0092,musique,What year did the maker of the CMA CGM Vela dissolve?,1999,temporal
squad_0458,squad,The video for what song won Beyoncé the 2009 MTV Video of the Year award?,Single Ladies,entity
musique_0676,musique,Who sings Meet Me in Montana with the album artist of This is the Way that I Feel?,Dan Seals,compositional
musique_0439,musique,What is the meaning of the name of the administrative territorial entity that contains Sivand?,Old Persian as Pars,entity
hotpotqa_0221,hotpotqa,What are the plants in the same genus as the Dendranthema boreale sometimes called?,mums or chrysanths,entity
hotpotqa_0504,hotpotqa,Who is the oldest of the Van Dyke family?,Dick Van Dyke,other
hotpotqa_0371,hotpotqa, Rani Silautia is an Indian politician from a party having links with which Hindu nationalist organization ?,the Hindu nationalist Rashtriya Swayamsevak Sangh,entity
musique_0379,musique,In what century did the person San Nicolò dei Mendicoli is named after become the influence for red being worn by Santa Claus?,4th,compositional
hotpotqa_0679,hotpotqa,"Who was born in 1976 and co-wrote the teleplay for the first episode of ""Black Mirror?""",Rashida Jones,compositional
musique_0159,musique,Who employs the person who wrote the book Animal Liberation?,New York University,compositional
squad_0111,squad,Which year was the Laetare Medal first given out at Notre Dame?,1883,temporal
hotpotqa_0495,hotpotqa,"What is the population of the largest city in Iraq, who's 1956–57 Iraq FA Cup Championship was open to teams from the capital?","8,765,000",compositional
hotpotqa_0119,hotpotqa,What event at the Asian Junior Athletics Championships has men and women competing at the same time?,3000 metres steeplechase,other
hotpotqa_0401,hotpotqa,"Which actor starring in ""Lisa Picard Is Famous"" was born in Douglas County?",Laura Ellen Kirk,compositional
hotpotqa_0011,hotpotqa,"Gunmen from Laredo starred which narrator of ""Frontier""?",Walter Darwin Coy,entity
hotpotqa_0558,hotpotqa,Are San Diego International Airport and McCarran International Airport located in the same state?,no,other
musique_0657,musique,"Who sings Meet Me in Montana, with the performer of There's No Stopping Your Heart?",Dan Seals,compositional
hotpotqa_0930,hotpotqa,"The song ""Boom"" features an artist born on January 17, 1971 with what legal name?",Jonathan Smith,entity
hotpotqa_0049,hotpotqa,"In what year was the creator of the current arrangement of the ""Simpson's Theme"" born?","March 28, 1941",compositional
musique_0261,musique,What is the school from which researchers studied corruption in Sub-Saharan countries from 1970 to 1996 a member of?,Five Colleges,entity
squad_0163,squad,In what year did the College of Arts and Letters at Notre Dame grant its first degree?,1849,temporal
musique_0313,musique,What position was held by the individual who was prime minister when the UK joined the European Community?,Prime Minister of the United Kingdom,compositional
hotpotqa_0051,hotpotqa,In what show did Cynthia Nixon receive the 2004 Primetime Emmy Award for Outstanding Supporting Actress in a Comedy Series and a Screen Actors Guild Award for her performance?,Sex and the City,entity
musique_0570,musique,The language that ORDER BY is part of has the name of who?,Michael Widenius's daughter,entity
hotpotqa_0354,hotpotqa,Mindless Self Indulgence and Tappi Tíkarrass are both what?,band,entity
hotpotqa_0419,hotpotqa,What area is the species of Spruce which can be found in Rensselaer Plateau native to?,eastern North America,entity
musique_0222,musique,Why were the Uighurs ranked higher by the people who established the vice royalty of the Sakya regime?,the Uighurs surrendered peacefully without violently resisting,other
musique_0701,musique,What is the center having Christopher C. Kraft Jr. Mission Control Center named after?,Lyndon B. Johnson,entity
musique_0402,musique,What kind of agency is the the law enforcement bureau that pioneered DNA testing?,FBI is primarily a domestic agency,entity
hotpotqa_0999,hotpotqa,"What 2016 animated movie about birds, written by Jon Vitti, features characters also used in a pinball video game published by Rovio Entertainment in the same year?",The Angry Birds Movie,compositional
hotpotqa_0688,hotpotqa,Who was the head coach of the Duke Blue Devils football team when they played at Wallace Wade Stadium and has won multiple college football coach of the year awards?,David Cutcliffe,entity
hotpotqa_0524,hotpotqa,Door into the Dark is a poetry collection by a man that received the Nobel Prize in Literature in what year?,1995,temporal
musique_0757,musique,In what year was the psychologist who founded functional psychology born?,1842,compositional
hotpotqa_0067,hotpotqa,"Still Da Baddest is the fourth studio album by American rapper Trina, following the poor chart performance, ""I Got a Thang for You"" featuring which American singer/songwriter, record producer, busines",Keyshia Cole,entity
hotpotqa_0518,hotpotqa,"What is a semi-professional football club in Hyde, Greater Manchester, England?",Hyde United Football Club,entity
squad_0388,squad,Which other song from the soundtrack did better in the charts?,Summertime,other
musique_0148,musique,Who is the employer of the person who said the greatest good for the greatest number?,New York University,compositional
hotpotqa_0661,hotpotqa,Who is the current head coach of the basketball team for which Michael Beasley played for one year before declaring for the NBA draft in 2008?,Bruce Weber,entity
hotpotqa_0604,hotpotqa,Which painter created the 'Beguiling of Merlin' and was closely associated with the later part of the Pre-Raphaelite movement? ,Edward Burne-Jones,entity
hotpotqa_0609,hotpotqa,How far north from Salzburg is the Austrian village that shares a name with a controversial German Pilsner or pale lager?,33 km,numerical
musique_0607,musique,In what year was the performer of A New House formed?,1985,temporal
hotpotqa_0323,hotpotqa,"In the draft of the 2017–18 Phoenix Suns season, The Phoneix Suns picked which player that played one season for the Kansas Jayhawks?",Josh Jackson,entity
hotpotqa_0938,hotpotqa,"What show created by Michael G. Moye and Ron Leavitt aired on May 2, 2006 in Chile? ",Married... with Children,compositional
musique_0863,musique,How many troops did the Turks send to Nariné Simonian's city of birth?,30000,numerical
hotpotqa_0434,hotpotqa,The 32nd TCA Awards were hosted by a  Mexican actor best known for his roles as Fernando Mendiola in what?,La Fea Mas Bella,entity
hotpotqa_0567,hotpotqa,Hall of Fame Racing is a team created by a joint venture of a number of players including the quarterback who was the #1 overall draft pick in what year?,1989,temporal
musique_0071,musique,How did the Japanese beat the country whose government disagreed on the language used to describe the torch route?,First Sino-Japanese,other
squad_0018,squad,How many departments are within the Stinson-Remick Hall of Engineering?,five,numerical
hotpotqa_0962,hotpotqa,Team Halfords Bikehut was the team of the British female cyclist who now works in what capacity?,environmental consultant,compositional
musique_0573,musique,In what year was the performer of Singles founded?,1985,temporal
squad_0097,squad,Those who attended a Jesuit college may have been forbidden from joining which Law School due to the curricula at the Jesuit institution?,Harvard Law School,entity
hotpotqa_0031,hotpotqa,"Who was born first, Pablo Trapero or Aleksander Ford?",Aleksander Ford,temporal
hotpotqa_0035,hotpotqa,"Who was inducted into the Rock and Roll Hall of Fame, David Lee Roth or Cia Berg?",David Lee Roth,entity
musique_0751,musique,Where was the guy who devised Mock Turtle born?,Daresbury,entity
musique_0156,musique,The writer of The Night They Drove Old Dixie Down falls under which record label?,Capitol Records,entity
musique_0366,musique,"Who is the law, proposed by the man who combined the idea of elements with earlier theories of the atom, named after?",John Dalton,entity
hotpotqa_0066,hotpotqa,"The expert mentor to the celebrities that perform on ""Splash!"" won the 2009 FINA World Championionship in the individual event at what age? ",15,numerical
squad_0350,squad,Which film featured Destiny's Child's first major single?,Men in Black,entity
hotpotqa_0892,hotpotqa,"What was the job title of this American engineer and former astronaut aboard Apollo 11, who inspired the musical Moon Landing?",Lunar Module Pilot,entity
musique_0454,musique,What is the record label for the performers of Bathtub Blues?,Red House Records,entity
hotpotqa_0176,hotpotqa,"Michael Ralph DeVito (born June 10, 1984) is a former American football defensive end, he  the National Football League (NFL), DeVito attended high school at Nauset Regional High School an NEASC accre",Massachusetts,entity
squad_0132,squad,The amount of professors at Notre Dame increased by what amount under Malloy?,500,numerical
hotpotqa_0548,hotpotqa,"Which plant, Buddleja or Burchardia, is an herb named after a German botanist?",Burchardia,entity
musique_0309,musique,What year saw the end of the administration that developed USRA Light Mountain?,1920,temporal
musique_0030,musique,What year did the council which was seated in 1949 adopt the convention of cybercrime in?,2001,temporal
hotpotqa_0017,hotpotqa,"Human Error"" is the season finale of the third season of a tv show that aired on what network?",Fox,entity
musique_0022,musique,What is the field of work of the proposer of the modern synthetic theory of evolution?,bio,entity
hotpotqa_0357,hotpotqa,"Terenzo is a city in the Province of Parma, which region of Italy is Terenzo located in?",northern Italian region,entity
squad_0061,squad,In what year did Lobund at Notre Dame become an Institute?,1950,temporal
musique_0493,musique,How many PGA tour wins does the 1997 Masters Tournament winner have?,79,numerical
hotpotqa_0588,hotpotqa,What piece was composed in 1937 for the American Bandmasters Association and has a melody similar to Green Bushes?,Lincolnshire Posy,compositional
hotpotqa_0581,hotpotqa,Which star in The Pokrovsky Gate was also a director and occasional singer?,Oleg Menshikov,entity
musique_0074,musique,Which county contains the state having Wonderland Village?,Wayne County,compositional
musique_0972,musique,Who designed the place where Portrait of Francesco delle Opere can be found?,Giorgio Vasari,entity
musique_0830,musique,What college did the background singer of You're So Vain attend?,Dartford Grammar School,entity
musique_0555,musique,What is the name of the latest version of the OS X operating system of the company against which the lawsuit of Apple vs Microsoft and Hewlett-Packard was decided?,macOS,entity
musique_0196,musique,When did the museum of the war where Boston was the location of many important events open?,"April 19, 2017",temporal
musique_0814,musique,In which league was the sports team of Stanley Blair?,Canadian Football League,entity
squad_0496,squad,Who did Beyoncé part ways with during her hiatus?,her father,entity
hotpotqa_0127,hotpotqa,"Pearl Lowe and Alison Goldfrapp, is of which nationality?",English,entity
musique_0142,musique,In which year did the SS.11 manufacturer end?,1970,temporal
musique_0139,musique,In which year did the company that made SS.11 end?,1970,temporal
squad_0071,squad,In what year did Notre Dame begin to host the Global Adaptation Index?,2013,temporal
musique_0082,musique,What was the language of the designer of Sacro Cuore di Cristo Re?,Italian,other
hotpotqa_0886,hotpotqa,"While both singer-songwriters have displayed incredible talent, what sets Robert Palmer apart from Wayne Coyne, causing him to gain populatiry in two continents?",eclectic mix of musical styles,other
musique_0080,musique,Who was the first Muslim elected as president of the party formed government in NWFP after the elections of 1937?,Badruddin Tayyab Ji,entity
musique_0784,musique,Why did Kim Pyong-il's father redeploy his military troops?,to defend Seoul,other
hotpotqa_0061,hotpotqa,"What American stage, film, and television actor  who also appeared in a large number of musicals, played Samson in the 1949 film ""Samson and Delilah"".",Victor John Mature,entity
musique_0585,musique,Where did the producer of Ishtar attend school?,Northwestern's School of Communication,entity
musique_0704,musique,Who sings on Every Storm along with the singer-songwriter whose fifth studio album was Watching Airplanes?,Co-writer Hillary Lindsey,compositional
musique_0084,musique,Who was President of the U.S. following the event which was preceded by Joseph Schumpeter and Norman Angell's most prolific writing ?,Thomas Woodrow Wilson,compositional
hotpotqa_0623,hotpotqa,The Oxus cobra contains what kind of ions for their venom to be active? ,magnesium,entity
squad_0453,squad,Who beat out Beyonce for Best Female Video ?,Taylor Swift,entity
squad_0034,squad,How many stories tall is the main library at Notre Dame?,14,numerical
hotpotqa_0492,hotpotqa,"Dharmatama is a 1975 Hindi thriller movie, and the first Bollywood film to be shot in Afghanistan,the title character was based on matka, king Ratan Khatri, Matka"" gambling or satta"" is a form of lott",New York Cotton Exchange,compositional
musique_0982,musique,Who designed the museum that has the Portrait of Guidobaldo da Montefeltro?,Giorgio Vasari,compositional
musique_0437,musique,Where in Plymouth is the operator of Barnett class lifeboat based?,Millbay Docks,entity
musique_0418,musique,Who did a Snakes on a Plane actor play in Star Wars?,Mace Windu,entity
hotpotqa_0201,hotpotqa,"What musical genre was the song that, according to Annet Artani, inspired the Britney Spears song ""Everytime""?",R&B,entity
hotpotqa_0379,hotpotqa,"What vehicle, introduced for model year 2006, does Patrick Carpentier currently drive in the NASCAR Sprint Cup Series?",Ford Fusion,entity
musique_0866,musique,What did some think of the man who lent his name to the place Eugene Blair died changing the phrasing in his book?,some commentators have taken this as a concession to religion that Darwin later ,other
musique_0614,musique,In what year was the performer of Hang Your Head founded?,1985,temporal
musique_0155,musique,Who was the first torchbearer in the place where Manuel John Johnson was born?,Leong Hong Man,compositional
musique_0569,musique,Who is the sibling of the painter of The Melancholy of Departure?,Alberto Savinio,compositional
hotpotqa_0155,hotpotqa,"The largest ship in the ""Imperator"" class ocean liners had how many gross register tons?","56,551",numerical
hotpotqa_0777,hotpotqa,Where does this Argentine sports club currently compete that Augusto Solari currently is a professional footballer for?,Primera División,compositional
hotpotqa_0321,hotpotqa,Mary Small served the county whose seat is what town?,Bath,compositional
hotpotqa_0241,hotpotqa,Where does Lance Stephenson of the Indiana Pacers basketball team play his home games?,Bankers Life Fieldhouse,entity
musique_0618,musique,What is the place where Luigi Fabris lived at the time of his death an example of?,comune,other
musique_0955,musique,Who is the spouse of the actress of the Red Queen from Alice in Wonderland?,Tim Burton,compositional
musique_0844,musique,when did the season of Grey's Anatomy where derek dies start?,"September 25, 2014",temporal
musique_0711,musique,When was the author of the Principles of Psychology born?,1842,temporal
musique_0829,musique,What is the native language of the person who broke the salt law in Belgium in 1930?,Gujarati,compositional
squad_0319,squad,What younger sister of Beyonce also appeared in Destiny's Child?,Solange,entity
musique_0577,musique,Who is the programming language that includes the UPDATE statement partially named after?,Michael Widenius's daughter,compositional
musique_0564,musique,Who is the sibling of the developer of The Song of Love?,Alberto Savinio,compositional
musique_0422,musique,What is the city where Todor Kableshkov lived when he died the capital of?,Gabrovo Province,compositional
musique_0460,musique,Who played the performer of Mean Old Man on Walk the Line?,Waylon Malloy Payne,entity
musique_0462,musique,Who is the child of the person who was made Senate Majority Leader after the 1954 election?,Lynda Bird Johnson Robb,compositional
musique_0112,musique,When was the super bowl won by the team that the Patriots lost to?,2011,compositional
musique_0945,musique,Who is the spouse of the person who plays queen of hearts in Alice in Wonderland?,Tim Burton,entity
hotpotqa_0638,hotpotqa,What town sends their students to Messalonskee High School and had a population of 1010 according to the 2010 census?,Rome,entity
musique_0044,musique,When did the distributer of Poptropica start?,1998,temporal
musique_0876,musique,What is the family of the naked-backed fruit bat found in the birthplace of Erin Stewart?,Dobsonia,compositional
musique_0127,musique,Who produced the series Acme Animation Factory is part of?,Warner Bros.,entity
hotpotqa_0445,hotpotqa,How much is the company that Jessica Alba is associated with worth as of 2015?,$1.7 billion,numerical
hotpotqa_0554,hotpotqa,What is the capital of the state Curly Ray Cline is from?,Charleston,compositional
musique_0818,musique,What place is the football club of Julian Rowe named after?,"Collingwood, Victoria",entity
hotpotqa_0994,hotpotqa,What politician from New York served two terms representing New York in the United States Senate? ,Hillary Rodham Clinton,entity
hotpotqa_0798,hotpotqa,Both Martha Stewart Living and Tall Timber Short Lines are considered what?,magazine,entity
musique_0508,musique,Who wrote the book named after the performer who a lot of modern pop artists grew up listening to?,Andrew Morton,compositional
squad_0009,squad,In what year did the student paper Common Sense begin publication at Notre Dame?,1987,temporal
hotpotqa_0259,hotpotqa,"What city is located in Gauteng, South Africa with a suburb called Kew?",Johannesburg,entity
musique_0542,musique,When did the relationship of the person a lot of modern pop artists grew up listening to with Carlos Leon end?,May 1997,temporal
squad_0246,squad,From where does the Band of the Fighting Irish lead a march to the Notre Dame Stadium for football home games?,the steps of Bond Hall,entity
hotpotqa_0038,hotpotqa,"The 337th Flight Test Squadron (337 FLTS) was most recently part of the 46th Test Wing and based at McClellan Air Force Base, a former United States Air Force base located in the North Highlands area ",California,entity
squad_0339,squad,Who was the first record label to give the girls a record deal?,Elektra Records,entity
musique_0695,musique,How many members does the legislator of United Nations Security Council Resolution 731 have?,fifteen,numerical
squad_0233,squad,What is the Notre Dame fight song?,Notre Dame Victory March,entity
musique_0634,musique,Who did the performer on In My Pocket ply in Princess Diaries?,Lana Thomas,entity
hotpotqa_0128,hotpotqa,Which British company whose majority of its business interests are in Asia was related to the London Based Trading house Matheson & Company?,Jardine Matheson,entity
squad_0333,squad,What city was Beyoncé's elementary school located in?,Fredericksburg,entity
squad_0117,squad,"Outside of an institute studying animals, what other institute did Cavanugh create at Notre Dame?",Medieval Institute,entity
squad_0418,squad,What was the name of Beyoncé's European start that started in November 2003?,Dangerously in Love Tour,entity
squad_0203,squad,On what date did brothers from Holy Cross arrive at the future location of Notre Dame?,"November 26, 1842",temporal
squad_0492,squad,When did she stop using her father as a manager?,During the break,temporal
musique_0548,musique,"How many iPods had the company that lost Apple vs. Microsoft and Hewlett-Packard sold by April 9, 2007?",hundred million,numerical
musique_0194,musique,What is the record label for the singer of Cast Your Fate to the Wind?,Warner Bros.,compositional
squad_0017,squad,Before the creation of the College of Engineering similar studies were carried out at which Notre Dame college?,the College of Science,entity
musique_0766,musique,What marked the end of the place where the idea of representative democracy originated?,establishment of the Roman Empire.,other
musique_0990,musique,"What was the favorability rating during the 9/11 attacks, of the president who was the son of the former president who signed the Civil Rights Act of 1991?",surged to near 90%,compositional
musique_0008,musique,Who was thee first president of the association that wrote the code of ethics for psychology?,G. Stanley Hall,entity
hotpotqa_0971,hotpotqa,"John Gale, is from North Platte, Nebraska, and has served as the 26th Secretary of State of Nebraska since 2000, he is a member of the Republican Party, commonly referred to as the GOP, an abbreviatio",Grand Old Party,other
musique_0952,musique,Who is the spouse of the actress who plays the fairy godmother in the new Cinderella?,Tim Burton,compositional
squad_0241,squad,"Which person portrayed Knute Rockne in the 1940 movie ""Knute Rockne?""",Pat O'Brien,entity
musique_0856,musique,What channel was the original broadcaster of season 1 of the series that has the episode Lay Down Your Burdens?,Sci-Fi Channel,entity
hotpotqa_0834,hotpotqa,"What is the year of the event which occurred first, Vessel was released, or Debut was released?",1993,temporal
hotpotqa_0322,hotpotqa,What 1998 film with Arthur Nascarella was directed by Tony Scott?,Enemy of the State,entity
musique_0116,musique,In what year did the South Korean car manufacturer that purchased the factor in 1995 dissolve?,1999,temporal
hotpotqa_0004,hotpotqa,"Cadmium Chloride is slightly soluble in this chemical, it is also called what?",alcohol,other
musique_0644,musique,Who sings on Every Storm with the performer of Every Storm?,Co-writer Hillary Lindsey,compositional
musique_0643,musique,In what year was the band that released Fergus Sings the Blues formed?,1985,temporal
hotpotqa_0161,hotpotqa,What year did the chairman of the Jenkins Commission die?,2003,temporal
musique_0433,musique,Where in Plymouth is the base for the operator of Thames class lifeboat?,Millbay Docks,entity
musique_0904,musique,Who is the one with the most wins at the masters?,an American retired professional golfer,numerical
musique_0941,musique,When did the Mirinda manufacturer switch from sugar to corn syrup?,the 1980s,temporal
squad_0361,squad,When did Destiny's Child release their second album?,1999,temporal
squad_0182,squad,What field of study did Anton-Hermann Chroust specialize in?,classics and law,entity
musique_0917,musique,Who was the location of Wrestlers designed by?,Giorgio Vasari,entity
hotpotqa_0732,hotpotqa,"Which film director is younger, Del Lord or Wang Xiaoshuai?",Del Lord,other
hotpotqa_0331,hotpotqa,"Who produced the movie that ""Puss in Boots: The Three Diablos"" is the sequel of?",DreamWorks Animation,compositional
musique_0565,musique,Who is the spouse of actress featured in Fanfan?,Christopher Lambert,entity
hotpotqa_0096,hotpotqa,"The airline operating in Whitehorse, Yukon handled how many passengers in 2012?","294,000",numerical
hotpotqa_0542,hotpotqa,"Which American guitarist and bluegrass musician from Danville, Virginia did Rebecca Rippy play or share the stage with?",Tony Rice,entity
musique_0630,musique,What type of community is the city where Tiziano Siviero was born an instance of?,comune,entity
squad_0293,squad,When did Beyonce take a hiatus in her career and take control of her management?,2010,temporal
squad_0424,squad,"How many countries did her song ""Irreplaceable"" get number one status in?",five,numerical
squad_0052,squad,What book did John Zahm write in 1896?,Evolution and Dogma,entity
hotpotqa_0277,hotpotqa,Who represents the district that Gawthorpe is in?,Julie Cooper,entity
hotpotqa_0083,hotpotqa,Which industry do Richard Hawley and Chicago's Catherine belong to? ,rock band,entity
musique_0137,musique,Who led the force that later pushed deep into Polish territory?,Marshal Mikhail Tukhachevsky,entity
squad_0164,squad,On which university did Notre Dame base its curriculum on?,Saint Louis University,entity
squad_0457,squad,Who is Beyoncé's alter ego?,Sasha Fierce,entity
squad_0232,squad,What is notable about the Notre Dame marching band?,oldest university band in continuous existence in the United States,entity
hotpotqa_0395,hotpotqa,"Who released their second album with a band from Louisville, Kentucky?",Andrew Bird,compositional
musique_0281,musique,What is the record label for the artist who sang Take Good Care of My Baby in 1961?,Liberty Records,compositional
hotpotqa_0479,hotpotqa,Do both Juniper and Indigofera belong to the cypress family Cupressaceae?,no,other
hotpotqa_0055,hotpotqa,"Roger Avary (born August 23, 1965) is a Canadian film and television producer, screenwriter and director in the American mass media industry, he wrote the screenplay for Beowulf, a 2007 British-Americ",Robert Zemeckis,entity
musique_0707,musique,Who is the king singing to in the show named for the person whose writings in The Federalist Papers is used to support the use of judicial review?,the rebelling American colonists,compositional
hotpotqa_0756,hotpotqa,"Cohousing is a community designed around a shared space, an example being Sættedammen in which country?",Denmark,entity
musique_0451,musique,When did the pop singer quit being an original judge on American Idol?,before season nine,temporal
musique_0205,musique,Where are the headquarters of the team which Tonny Brogaard is a member of located?,Copenhagen,compositional
musique_0873,musique,When was the last time the team which participated in the 1901 FA Cup Final won a trophy?,2015,temporal
hotpotqa_0852,hotpotqa,Which city in China is a prefecture-level city Xinzhou or Guanghan,Xinzhou () is a prefecture-level city,entity
hotpotqa_0687,hotpotqa,Rakekniven was climbed in 1996 by a mountaineer that holds which nationality ?,American,compositional
squad_0020,squad,What entity provides help with the management of time for new students at Notre Dame?,Learning Resource Center,entity
musique_0772,musique,When was the season of Grey's Anatomy where Shepherd dies filmed?,"filming for the eleventh season would begin on July 25, 2014",temporal
hotpotqa_0792,hotpotqa,What American luxury jewelry and specialty retailer did Jean Michel Schlumberger work at?,Tiffany & Company,entity
musique_0633,musique,Who was married to the painter of The Great Red Dragon Paintings?,Catherine Blake,compositional
musique_0133,musique,In which county is the city in which KZOI is licensed?,Dakota County,entity
squad_0325,squad,Beyoncé was raised in what religion?,Methodist,entity
musique_0403,musique,When did the performer of Forever Your Girl quit as a judge?,before season nine,temporal
musique_0108,musique,Who is the child of the host of the gathering where Frédéric was introduced to George Sand?,Cosima Wagner,compositional
hotpotqa_0467,hotpotqa,"Who was born first, Martin Heidegger or Lydia Davis?",Martin Heidegger,temporal
musique_0221,musique,Who did the Han Chinese want to help fight against alongside the people who imposed their military might on Tibet?,the Jin,compositional
musique_0453,musique,Where is the water lily pond by the creator of The Cliff Walk at Pourville located?,his flower garden at his home in Giverny,entity
musique_0438,musique,What award did the star represented by Lew Wasserman receive?,Academy Honorary Award,entity
hotpotqa_0064,hotpotqa,Which Oscar-nominated film was written by the screenwriter who wrote a 1991 romantic drama based upon a screenplay by Sooni Taraporevala?,Salaam Bombay,compositional
squad_0261,squad,Who starred as Daniel Ruettiger in the film Rudy?,Sean Astin,entity
squad_0335,squad,How old was Beyoncé when she won a school talent show?,seven,numerical
musique_0761,musique,When did the admiral twin open in Oklahoma's 2nd-largest city?,1998,temporal
hotpotqa_0139,hotpotqa, Teri W. Odom is a member of a scientific journal first published in 2007 by who?,the American Chemical Society,compositional
hotpotqa_0426,hotpotqa,Are George Avakian and Bobby Managoff both record producers?,"Robert Manoogian Jr. (January 4, 1918 – April 3, 2002) was an American professio",other
hotpotqa_0324,hotpotqa,Which Byron Edmund Walker founded institution was originally controlled by the Church of England?,The University of Toronto,entity
hotpotqa_0116,hotpotqa,"Californian rock band Lit recorded A Place in the Sun in 1995, but what's their best known song?",My Own Worst Enemy,entity
hotpotqa_0847,hotpotqa,"Daniel Heartz is an American musicologist and Professor emeritus of Music at which public research university located in Berkeley, California?","University of California, Berkeley",entity
musique_0354,musique,When did the first episode of the series that I'll Always Remember You is a part of air?,"March 24, 2006",temporal
squad_0464,squad,"A fight scene from the movie, Obsessed, won which award for Beyonce?",MTV Movie Award for Best Fight,entity
hotpotqa_0692,hotpotqa,Where was the film A Taxi Driver released?,South Korea,entity
hotpotqa_0283,hotpotqa,"Huddersfield Giants R.L.F.C. are an English professional rugby league club from Huddersfield, West Yorkshire, the birthplace of rugby league, who play in the Super League competition, they play their ",England,entity
squad_0149,squad,Which library was built at Notre Dame in 1963?,Theodore Hesburgh Library,entity
musique_0424,musique,In what year was the University College at Highfield founded?,1862,temporal
squad_0341,squad,In what year did Beyonce's father quit his job to manage her group?,1995,temporal
hotpotqa_0953,hotpotqa,The Wrekin is a hill that can be seen even as far as a landmark 47-storey mixed use skyscraper that is how tall?,554 ft,numerical
hotpotqa_0082,hotpotqa,What actor in the film D.C. Cab also had a role in the TV series Barney Miller?,Max Gail,compositional
musique_0782,musique,When was the institute of technology featuring the Houston Field House founded?,1824,temporal
squad_0353,squad,Beyonce's group changed their name to Destiny's Child in what year?,1996,temporal
hotpotqa_0948,hotpotqa,"Shanghai Noon was the directorial debut of an American film director whose other credits include Showtime, Failure to Launch, and what other film?",Marmaduke,entity
squad_0269,squad,When did Beyonce start becoming popular?,in the late 1990s,temporal
musique_0421,musique,Who authored The Road to City A where City A is the birthplace of Ryan Junge?,Robert Ludlum,compositional
hotpotqa_0390,hotpotqa,Tulapur is a village in which second largest city in Maharashtra?,Pune,entity
squad_0476,squad,"How many number one singles did Beyonce now have after the song ""Telephone""?",six,numerical
musique_0152,musique,Which company owns the company through which the TCM Vault Collection was released?,Warner Bros.,compositional
hotpotqa_0482,hotpotqa,What Category 5 hurricane cause the Sqannanoa River to flood?,Hurricane Ivan,entity
hotpotqa_0486,hotpotqa,"Who has won more Grand Slam doubles titles, Elizabeth Smylie or Vasek Pospisil?",Elizabeth Smylie,other
squad_0304,squad,In which decade did the Recording Industry Association of America recognize Beyonce as the The Top Certified Artist?,2000s,temporal
musique_0089,musique,Who is the child of Liszt's mistress?,Cosima Wagner,entity
squad_0395,squad,What was Beyoncé's character called in Austin Powers in Goldmember?,Foxxy Cleopatra,entity
musique_0999,musique,Did the person who blocked UNFPA funding become disfavorable during the time of the 9/11 attacks?,surged to near 90%,other
musique_0010,musique,When was the employer of John J. Collins established?,1822,temporal
musique_0027,musique,How many championships in a row were won by the person who played in the most NBA finals games?,eight,numerical
hotpotqa_0974,hotpotqa,Whar did Sarfraz Ahmed do after Azhar Ali stepped down?,He took up the Test captaincy,compositional
hotpotqa_0387,hotpotqa,"What Dutch DJ did Richard Bedford collaborate with on the album ""Intense""?",Armin van Buuren,entity
squad_0480,squad,Who else appeared with Beyonce in Telephone?,Lady Gaga,entity
hotpotqa_0708,hotpotqa,"Which gold mine is located in the Bridge River District, Bralorne or Dome Mine?",Bralorne,entity
musique_0672,musique,Near which body of water was Sarah Nambawa born?,Lake Victoria,entity
squad_0481,squad,Who did they tie with for six top songs?,Mariah Carey,entity
hotpotqa_0912,hotpotqa,When was the by-election of a constituency represented in the House of Commons of the UK Parliament since 2010 by David Rutley held on?,30 September 1971,temporal
musique_0414,musique,Who played the performer of When He Walks on You in Walk the Line?,Waylon Malloy Payne,compositional
musique_0383,musique,What is the meaning of the name of the province where Larestan County is located?,Old Persian as Pars,compositional
musique_0371,musique,In what century did the patron saint of the navy become the influence for red being worn by Santa Claus?,4th,temporal
musique_0129,musique,What language was used by the author of Train to Pakistan?,English language,entity
hotpotqa_0072,hotpotqa,what is the connection between Peter O'Meara and Norman Dike?,Band of Brothers,other
musique_0790,musique,The singer on Sweet Thing was taught where?,Dartford Grammar School,entity
musique_0752,musique,When did the person who wrote that exciting facts lead to emotions die?,1910,temporal
squad_0392,squad,What song was the lead single from the film's sound track?,Fighting Temptations,entity
musique_0538,musique,Who paid £15 million to transfer the player holding the record for most premier league goals to their club?,Newcastle United,compositional
musique_0960,musique,When did the manufacturer of Teem change from sugar to corn syrup?,the 1980s,temporal
squad_0135,squad,Who was the Notre Dame president that preceded John Jenkins?,Malloy,entity
hotpotqa_0037,hotpotqa,The Royal Commission into Drug Trafficking (1977–1979) or Woodward Royal Commission was a royal commission initiated by the New South Wales Government to investigate drug trafficking in New South Wale,Australia,entity
hotpotqa_0963,hotpotqa,"What was the royal title of the man whose German government backed the colonization of Poland by German settlers, one ofthe factors leading to the plight of rural Poland which was the focus of the nov","Prince of Bismarck, Duke of Lauenburg",compositional
squad_0438,squad,How many millions of dollars did ''The Pink Panther'' gross world-wide?,158.8 million,numerical
hotpotqa_0054,hotpotqa,"A Head Full of Dreams Tour is the seventh tour by Coldplay, and which had it's first show at a stadium that is known as Estadio Unico and is owned by who?",Province of Buenos Aires,entity
hotpotqa_0639,hotpotqa,What is the instrument played by the instrumentalist with whom Taj Mahal and N. Ravikiran made Mumtaz Mahal?,Mohan Veena (slide guitar),compositional
musique_0864,musique,What percentage of BYU students are members of the distributors of Man's Search for Happiness?,Approximately 99 percent,numerical
squad_0263,squad,Pat O'Brien portrayed which person in the film Knute Rockne?,Knute Rockne,entity
squad_0294,squad,Which album was darker in tone from her previous work?,Beyoncé,other
musique_0795,musique,When did Admiral Twin open for Hanson in the city where the Highway 66 Association was based?,1998,temporal
musique_0409,musique,What shares a border with the city where CHKS-FM is located?,Point Edward,entity
hotpotqa_0589,hotpotqa,Feodor Chin voices the character of Zenyatta from a game by a developer an publisher based in what city and state?,"Irvine, California",compositional
squad_0235,squad,In what year did Notre Dame football begin?,1887,temporal
hotpotqa_0360,hotpotqa,What is the approximate population of the country that Koularo lies in?,1 million,numerical
hotpotqa_0356,hotpotqa,What quarterback for the Atlanta Falcons did Baker Mayfield win the starting job at Oklahoma over?,Trevor Knight,entity
hotpotqa_0594,hotpotqa,What Indian politician hosted a Hindi language Indian television talk show?,Smriti Malhotra,entity
squad_0160,squad,In what year did the Suffolk Street location start to house a Notre Dame facility?,1998,temporal
musique_0038,musique,Who was the president of the body that petitioned the king of England to recognize the rights of colonists when the declaration of independence was adopted?,President John Hancock,compositional
hotpotqa_0757,hotpotqa,"Which television show premiered in 2008 and featured a contestant who previously starred in ""Hannah Montana""?",Dancing with the Stars,compositional
musique_0272,musique,Who is the spouse of the person who made The Circe Invidiosa?,Esther Kenworthy Waterhouse,compositional
hotpotqa_0124,hotpotqa,Which American college that has sent students to Centre for Medieval and Renaissance Studies was founded in 1874?,St. Olaf College,compositional
hotpotqa_0885,hotpotqa,"Andover, located in Essex County, Massachusetts, is an example of a basic unit of local government and local division of state authority in each of the six New England states, commonly referred to in ",cities,entity
musique_0284,musique,How many pennants from Andy Olsen's employer did the Anson-led Chicago cubs win?,six,numerical
hotpotqa_0576,hotpotqa,"Which magazine is published in the United Kingdom, Bella or Al Jamila?",Bella,compositional
squad_0144,squad,In what year did the student union building at Notre Dame get renamed to LaFortune Center?,1950,temporal
squad_0128,squad,During what years was Edward Malloy president of Notre Dame?,1987–2005,temporal
musique_0802,musique,What league was the team in that Glenn McWhinney played for?,Canadian Football League,entity
hotpotqa_0927,hotpotqa,"What is the 2011 census population of this village and civil parish in Lincolnshire, England, where High Dyke road runs between it and Colsterworth?","1,647",numerical
hotpotqa_0941,hotpotqa,Westfield Culver City is owned by what Australian shopping centre company that existed from 1960 to 2014,Westfield Group,entity
musique_0934,musique,Who was the spouse of the composer of In the Hall of the Mountain King?,Nina Grieg,compositional
hotpotqa_0056,hotpotqa,"The American Pre-Code comedy film featuring an American actress, dancer, and singer, widely known for performing in films and RKO's musical films, was released in what year?",1932,temporal
hotpotqa_0068,hotpotqa,What profession does Am Rong and Alexandre Rockwell have in common?,filmmaker,other
musique_0183,musique,What is the enrolment at the university where Frog Baby Fountain is located?,"22,513 students",compositional
hotpotqa_0285,hotpotqa,"Dixit Dominus is a psalm setting by who, which was a German, later British, baroque composer who spent the bulk of his career in London, becoming well known for his operas, oratorios, anthems, and org",George Frideric Handel,entity
squad_0280,squad,What is Beyonce's full name?,Beyoncé Giselle Knowles-Carter,entity
squad_0197,squad,Which prize does the Architecture School at Notre Dame give out?,Driehaus Architecture Prize,entity
hotpotqa_0884,hotpotqa,What do it yourself magazine does William Gurstelle write for?,Make,entity
hotpotqa_0663,hotpotqa,What animal subject to the Foster's rule is the smallest North American deer?,Key deer,entity
hotpotqa_0593,hotpotqa,"Of the film directors Kenji Mizoguchi and Andrzej Żuławski, which one often went against mainstream commercialism in his films?",Andrzej Żuławski,other
squad_0140,squad,In which architectural style is the Basilica of the Sacred Heart at Notre Dame made?,French Revival,entity
hotpotqa_0561,hotpotqa,"Splendor in the Grass was a film directed by a Greek-American director described as  ""one of the most honored and influential directors in Broadway and Hollywood history"" by who?",The New York Times,entity
musique_0612,musique,Who did Cry's performer play in princess diaries?,Lana Thomas,entity
musique_0667,musique,How many episodes do the menendez brothers appear in the show where Serena Southerlyn is from?,eight,numerical
squad_0309,squad,How many records did Beyoncé sell as part of Destiny's Child?,60 million,numerical
musique_0649,musique,Where did the producer of Bonnie and Clyde attend school?,Northwestern's School of Communication,entity
musique_0736,musique,When did the Admiral Twin open in the Oil Capitol of the World?,1998,temporal
hotpotqa_0926,hotpotqa,"Which actress, model, and singer born in 1926 does the film Golden Hoofs star?",Jane Withers,entity
hotpotqa_0839,hotpotqa,Vladimir Yaroshenko was a soloist with the choreographer who dominated Russian ballet for how many years?,30,numerical
musique_0057,musique,What year was the end of the manufacturer of the White armored car?,1980,temporal
musique_0323,musique,What is the record label of the Dry Bones Dance performer?,Solid Rock Records,entity
musique_0005,musique,What city is the person who broadened the doctrine of philosophy of language from?,Copenhagen,compositional
hotpotqa_0917,hotpotqa,"What type of film are ""Transparent"" and ""Werner Herzog Eats His Shoe""?",documentary,entity
hotpotqa_0423,hotpotqa,Where is the globe that succeeded the Globe of Peace as the world's largest rotating globe located?,"Yarmouth, Maine",entity
squad_0383,squad,When did Destiny's Child announce their hiatus?,October 2001,temporal
hotpotqa_0557,hotpotqa,"Which genus has a name derives from Greek words, Micromeria or Pamianthe?",Micromeria,entity
squad_0288,squad,When did Beyoncé release her first solo album?,2003,temporal
squad_0226,squad,"Where did the Fighting Irish hockey team compete prior to a move to Hockey East, in terms of conference?",Central Collegiate Hockey Association,entity
squad_0208,squad,"In what year had the library at Notre Dame reach 10,000 books?",1879,temporal
squad_0465,squad,Where did Beyonce donate her salary from the movie Cadillac Records?,Phoenix House,entity
hotpotqa_0722,hotpotqa,What video game magazine was a part subsidiary of a Chinese-owned venture capital organization?,GamePro,entity
musique_0293,musique,Which year did the agency working on USRA 2-8-8-2 end?,1920,temporal
hotpotqa_0214,hotpotqa,"What shopping mall is the largest in south Texas, Malle del Norte or La Plaza Mall?",La Plaza Mall,entity
hotpotqa_0712,hotpotqa,What is a small network appliance and entertainment device that serves as a the media player for the iTunes Store?,Apple TV,entity
squad_0297,squad,What was the name of Beyoncé's second solo album?,B'Day,entity
musique_0146,musique,What year was the end of the producer of the Hudson Wasp?,1954,temporal
squad_0072,squad,What threat does the Global Adaptation Index study?,climate change,entity
musique_0343,musique,When did the author of A Philosophical View of Reform die?,8 July 1822,temporal
squad_0027,squad,In what year was a Master of Arts course first offered at Notre Dame?,1854,temporal
hotpotqa_0325,hotpotqa,The weapon BFG is found in which game developed by id Software ?,Doom,entity
hotpotqa_0406,hotpotqa," ""The Twentieth Century is Almost Over"" was re-recorded five years later by Cash and Waylon Jennings,  Kris Kristofferson, and  Willie Nelson, one of the most recognized artists in what type of music?",country,entity
hotpotqa_0719,hotpotqa,What king to whom Rev James MacGregor was made chaplain died in 1936?,George V,compositional
hotpotqa_0610,hotpotqa,The Grinch is a fictional character created by an author that died in what year?,1991,compositional
musique_0997,musique,"How did the official who blocked UNFPA funding try to convey that he was the stronger, tougher candidate?","presenting himself as a decisive leader and contrasted Kerry as a ""flip-flopper.",other
hotpotqa_0246,hotpotqa,"The 2005 documentary ""The Aristocrats"" was dedicated to a comedian that received how many Emmy Awards?",six,numerical
hotpotqa_0543,hotpotqa,"Borovička (also known as Juniper brandy), is a Slovak alcoholic beverage flavored with juniper berries, today's commercially produced borovička contains about 40% alcohol by volume, what is it called,",Ethanol,entity
musique_0738,musique,When did Lady Ma's spouse die?,941,temporal
musique_0567,musique,In what year was the performer of Dignity founded?,1985,temporal
musique_0674,musique,"Along with the producer of the sentinel, what movie also starred Morgan Freeman and Robert DeNiro?",Last Vegas,compositional
squad_0159,squad,"Notre Dame has a center in Beijing, what is it referred to as?",Global Gateways,entity
musique_0556,musique,"After the company that lost the lawsuit vs. Microsoft and Hewlett-Packard failed at desktop sales, what products drove their sales growth?",the iPod portable music player and iTunes music download service,compositional
musique_0726,musique,Who is the father of the screenwriter of Gracie?,Charles Guggenheim,compositional
musique_0444,musique,Where in Plymouth is the past operator of the Clyde-class lifeboats?,Millbay Docks,entity
musique_0483,musique,When did the iPhone 6 come out from the company against which the Apple vs Microsoft and HP suit was decided?,"September 19, 2014",temporal
squad_0013,squad,What individuals live at Fatima House at Notre Dame?,Retired priests and brothers,entity
hotpotqa_0074,hotpotqa,Who developed the prototype pacemaker used by the 34th President of the USA?,R Adams Cowley,entity
squad_0449,squad,Which singer beat out Beyonce for best video performance?,Taylor Swift,entity
hotpotqa_0760,hotpotqa,In what year was the actor who played Nathan Appleby in The Living and the Dead born?,1986,entity
musique_0638,musique,Who was the spouse of the director of Who Killed Santa Claus?,Martine Carol,compositional
hotpotqa_0295,hotpotqa,Who wrote the song that caused the Columbia Kingsmen to change their name to Sha Na Na?,Richard Berry,compositional
hotpotqa_0540,hotpotqa,"Which composer was Hungarian, Béla Bartók or Johann Christoph Pepusch?",Béla Viktor János Bartók,other
musique_0471,musique,What is the main tool against organized crime of the agency that pioneered DNA testing?,RICO,compositional
musique_0316,musique,Who is the sibling of the Elements trilogy director?,Dilip Mehta,entity
hotpotqa_0244,hotpotqa,Toronto's Insight Sports is partially owned by what Canadian businessman?,Lawrence M. Tanenbaum,entity
hotpotqa_0402,hotpotqa,"What is based in Sankt Ulrich bei Steyr, Austria? ",Steyr Mannlicher,entity
musique_0878,musique,When was the last time the team that Jimmy Dimmock plays for win a trophy?,2015,temporal
hotpotqa_0749,hotpotqa,"For which film did, the composer who scored the music for Interview with the Vampire, win the Academy Award ? ",Frida,compositional
squad_0345,squad,How old was Beyoncé when she met LaTavia Roberson?,eight,numerical
musique_0603,musique,What was the alma mater of Richard Labonté originally called?,Carleton College,entity
hotpotqa_0461,hotpotqa,"Walloon Legion, a collaborationist volunteer unit, that served on the Eastern Front, in which war?",World War II,entity
musique_0953,musique,What language is the location of The Test of Fire of Moses in?,Italian,entity
squad_0363,squad,What mental health issue did Beyonce go through?,depression,entity
squad_0302,squad,Time magazine named her one of the most 100 what people of the century?,influential,other
musique_0834,musique,What percentage of BYU students are members of the institution that published The House of the Lord?,Approximately 99 percent,numerical
hotpotqa_0489,hotpotqa,Girard city is located in a county with how many inhabitants ?,"39,134",numerical
musique_0691,musique,The computer language added when customers first tested IBM's system has the name of who?,Michael Widenius's daughter,entity
hotpotqa_0529,hotpotqa,Which highway that has a junction at Cairo Junction is 1286 miles long?,U.S. Route 51,entity
musique_0345,musique,When did the author of Ode to the West Wind die?,8 July 1822,temporal
squad_0360,squad,What was Destiny's Child's first major song hit?,"No, No, No",entity
hotpotqa_0408,hotpotqa,Was Beyond the Gates of Splendor or Jesus Camp released first?,Beyond the Gates of Splendor,temporal
squad_0108,squad,Which person became vice-president of Notre Dame in 1933?,Father John Francis O'Hara,entity
hotpotqa_0464,hotpotqa,Which of the following documents the issues of the LGBT community: Pride Divide or The Big Melt?,Pride Divide,other
hotpotqa_0415,hotpotqa,Walter O'Brien was played by which English actor?,Elyes Gabel,entity
musique_0110,musique,"Which family is the mother of Anne, Princess Royal and Princess of Orange's a member of?",House of Hohenzollern,entity
hotpotqa_0671,hotpotqa,"Who is an American journalist and has been Literary Editor of ""The Weekly Standard,"",  Philip Terzian or Derek Sherinian",Philip Henry Terzian,entity
musique_0308,musique,What year did the person who issued the Royal Proclamation of 1763 die?,1820,compositional
squad_0150,squad,How many books are housed at the Theodore Hesburgh Library?,almost 4 million,numerical
musique_0816,musique,Who is the sibling of the performer of the singing voice for the U.S. release?,Marie Osmond,compositional
squad_0119,squad,In the time that Hesburgh was president of Notre Dame by what factor did the operating budget increase?,18,numerical
squad_0322,squad,What did Beyoncé's mother own when Beyoncé was a child?,salon,entity
squad_0051,squad,What program did John Augustine Zahm come to co-direct at Nore Dame?,the Science Department,entity
musique_0060,musique,What year was the end of the company that built the White armored car?,1980,temporal
squad_0469,squad,Which singer did Beyoncé portray in Cadillac Records?,Etta James,entity
hotpotqa_0628,hotpotqa,"In which school was the fictional character in ""The Simpsons"" which was voice by Marcia Wallace a teacher?",Springfield Elementary School,entity
musique_0737,musique,What year was the foundation of the school that employs Boleslaw Szymanski?,1824,temporal
squad_0059,squad,Work on a germ-free-life ended up in the creation of which Notre Dame institute?,The Lobund Institute,entity
hotpotqa_0720,hotpotqa,With which division of the Southeastern Conference the football program compete in which  Damontre Lamounte Moore played college football and earned All-American honors?  ,Western Division,compositional
hotpotqa_0341,hotpotqa,Which rivalry were involved in the chant referring to the United Kingdom's Victories of the First and Second World War?,England and West Germany,other
squad_0186,squad,What type of institution is the Notre Dame?,Catholic research university,entity
squad_0172,squad,In what building is the current School of Architecture housed at Notre Dame?,Bond Hall,entity
hotpotqa_0770,hotpotqa,"Leigh Silverman was nominated for the 2014 Tony Award, Best Direction for a musical based on which short story ?",The Ugliest Pilgrim,entity
squad_0275,squad,What album made her a worldwide known artist?,Dangerously in Love,entity
hotpotqa_0092,hotpotqa,The Boren-McCurdy proposals were partially brought about by which Oklahoma politician in 1992?,David Lyle Boren,entity
hotpotqa_0307,hotpotqa,Who did the professional tennis player currently ranked World No. 1 in men's singles defeat in the 2017 Barcelona Open Banco Sabadell - Singles?,Dominic Thiem,entity
hotpotqa_0171,hotpotqa,Ghostbusters is a song written and recorded by Ray Parker Jr. as the theme song for a movie starring a Canadian-American actor who was an original member of the Not Ready for Prime Time Players on wha,Saturday Night Live,compositional
musique_0450,musique,Who is the child of the president when the USS Pueblo was captured by North Korea?,Lynda Bird Johnson Robb,compositional
hotpotqa_0219,hotpotqa,What all female high school is located in a town in Sunyani West District  in the Brong-Ahafo Region of Ghana?,Notre Dame High School,entity
musique_0903,musique,What was the response of the first research to suggest that face expressions are pre-verbal to the claims that animals could not have evolved through natural selection?,Darwin proposed scenarios for the incremental evolution of each feature.,other
musique_0839,musique,What percentage of BYU students are members of the religion that George Durrant believes?,Approximately 99 percent,numerical
hotpotqa_0309,hotpotqa,Device – Voice – Drum is the fourth live album by a band that produced how many gold albums?,eight,numerical
musique_0384,musique,When did the performer of Spellbound quit as a judge?,before season nine,temporal
squad_0427,squad,"What artist did Beyonce duet with in the single, ""Deja Vu''?",Jay Z,entity
squad_0145,squad,After which individual was the LaFortune Center Notre Dame named?,Joseph LaFortune,entity
squad_0421,squad,What is the name of the final studio album from Destiny's Child?,Destiny Fulfilled.,entity
hotpotqa_0473,hotpotqa,At which laboratory was Carsten Olsen employed as an assistant to the Danish chemist who introduced the concept of pH?,Carlsberg Laboratory,compositional
hotpotqa_0472,hotpotqa,What year did the the German composer whose compositions are in The Individualism of Gil Evans die?,1950,compositional
hotpotqa_0586,hotpotqa,"What year did the namesake of Fort Davis, Alaska die?",1879,temporal
musique_0673,musique,Where is the place of death for the person who wrote the poem that the words from ode to joy came from?,Weimar,compositional
musique_0332,musique,Who is the sibling of the person who wrote the script for the 1996 Crucible movie adaption?,Joan Maxine Copeland,entity
hotpotqa_0315,hotpotqa,Which was available first the No Card or the Octopus card?,Octopus card,temporal
musique_0627,musique,What kind of institution is Ellis Amburn's alma mater?,private university,entity
hotpotqa_0365,hotpotqa,"What is the birthdate of this Count of Luxembourg and King of Bohemia, who was father of Psalter of Bonne de Luxembourg?",10 August 1296,temporal
squad_0065,squad,What was the Review of Politics inspired by?,German Catholic journals,entity
musique_0480,musique,What is the location of the water lily pond by the creator of Boating on the River Epte?,his flower garden at his home in Giverny,entity
squad_0134,squad,"In terms of the amount of presidents Notre Dame has had, where is John Jenkins on the list?",17th,numerical
hotpotqa_0710,hotpotqa,"Stephen Williams is head coach of which Lutheran school located in Adelaide, South Australia?",Immanuel College,entity
musique_0956,musique,When did the manufacturer of Josta change from sugar to corn syrup?,the 1980s,temporal
hotpotqa_0907,hotpotqa,David J. Wineland was awarded the 2012 Nobel Prize in Physics jointly with which French physicist known for a study of the particle of light?,Serge Haroche,entity
musique_0016,musique,What's the meaning of the name of the school that does not include the Mahayava scriptures in its canon?,The School of the Elders,compositional
musique_0341,musique,When was the company which repaired Grand Trunk Road from Calcutta to Delhi established?,31 December 1600,temporal
squad_0268,squad,Which notable astronaut is known to have attended Notre Dame?,Jim Wetherbee,entity
musique_0140,musique,In what year did the designer of SS.11 end?,1970,temporal
squad_0093,squad,What type of education was pushed at Notre Dame before its embracing of national standards?,scholastic and classical,other
hotpotqa_0150,hotpotqa,Der Mond was composed by the man who was best known for what cantata?,Carmina Burana,entity
musique_0135,musique,In which county is the place where Brandon Teena died?,Allen County,entity
hotpotqa_0791,hotpotqa,"Which is the progenitor of the dingo, the Indian pariah dog or the Anglo-Français de Petite Vénerie?",Indian pariah dog,entity
hotpotqa_0232,hotpotqa,The USS LST-510 is a ferry between New London and Orient but what is the population of Orient?,743,compositional
musique_0930,musique,What follows the character set into which ASCII was incorporated?,ISO 8859-1,other
hotpotqa_0652,hotpotqa,"Catherine Louise Sagal (born January 19, 1954) is an American actress and singer-songwriter, she's know as well for starring in the role of Cate Hennessy, on the show ""8 Simple Rules"", is an American ",John Ritter,other
squad_0486,squad,Who did Beyoncé and Lady Gaga tie with for the most number one hits since 1992?,Mariah Carey,entity
musique_0685,musique,Who is the spouse of the person who receive the most electoral votes in 1824?,Rachel Jackson,compositional
hotpotqa_0425,hotpotqa,"Are both Nasdaq, Inc. and Citrix Systems catering to the same customer bases?",no,other
hotpotqa_0880,hotpotqa,"Are Monastery of the Transfiguration, Kinaliada and Süreyya Opera House both Greek Orthodox monasteries? ",no,other
squad_0478,squad,Beyonce received how many nominations at the 52nd Annual Grammy Awards?,ten nominations,numerical
hotpotqa_0657,hotpotqa,"Which baseball player and manager was born in Ellisville, Mississippi, home of 4448 people?",Harry Francis Craft,compositional
musique_0773,musique,When did Admiral Twin open for Hanson in the city that is the furthest-inland oceangoing port in the US?,1998,temporal
squad_0141,squad,Which individual painted the inside of the Basilica of the Sacred Heart at Notre Dame?,Luigi Gregori,entity
hotpotqa_0860,hotpotqa,"Downton is a civil parish in Herefordshire, located in the north of the county and containing the village of Downton-on-the-Rock, in which manuscript record of the ""Great Survey"" of much of England an",Domesday Book,entity
hotpotqa_0950,hotpotqa,Peter Thomas Ward played for a team that was offically renamed in what year?,1913,temporal
musique_0615,musique,Who is the king singing to in the musical named for the person on the $10 bill?,the rebelling American colonists,entity
musique_0650,musique,What was Kevin S. MacLeod's university called at first?,Carleton College,entity
musique_0244,musique,When did the band who performs the song Saying Sorry form?,2001,temporal
musique_0778,musique,Which high school did the performer of She's the Boss attend?,Dartford Grammar School,entity
musique_0290,musique,"When Anson led the Chicago cubs, what is the number of pennants won from the organization Dusty Boggess was employed by?",six,compositional
hotpotqa_0750,hotpotqa,Which  British politician from Northern Ireland who is a Democratic Unionist Party Member of Parliament for East Antrim represents the constituency known as East Antrim?,Sammy Wilson,entity
musique_0157,musique,What record label is the musician who wrote the day they drove old dixie down affiliated?,Capitol Records,entity
hotpotqa_0167,hotpotqa,"Who has more scope of profession, Richard Ford or Robert E. Howard?",Richard Ford,other
musique_0411,musique,The city where CFGX-FM is located shares a border with what?,Point Edward,compositional
squad_0351,squad,"For which song, did Destiny's Child take home the grammy award for best R&B performance?","""Say My Name""",entity
hotpotqa_0142,hotpotqa,"The central character of ""The Adventures of Brer Rabbit"" was later adapted into which 1946 Walt Disney Company motion picture film?","""Song of the South"".",entity
hotpotqa_0207,hotpotqa,The plaintiff in the civil suit Paul v. Clinton was born in which year ?,1948,entity
hotpotqa_0087,hotpotqa,"The Swedish-British entertainment studio executive and film executive producer, who was the Executive producer for a 2016 American action thriller film directed by Babak Najafi, currently serve?",CEO of Lionsgate UK & Europe,entity
musique_0015,musique,When was the territory covered by RIBA's Cambridge branch office created?,1994,temporal
musique_0727,musique,When did the Admiral Twin open in the city where the Philbrook Museum is located?,1998,temporal
hotpotqa_0742,hotpotqa,"Which institute is this American football coach currently serving as head coach, who led 2013 Boise State Broncos football team?",University of Washington,compositional
musique_0693,musique,How many members are in the agency from which countries are excluded due to lack of strategic and hard power?,fifteen,numerical
musique_0095,musique,In what city did the author of Quincas Borba die?,Rio de Janeiro,compositional
hotpotqa_0656,hotpotqa,"Which is located in Hunan province, Huaihua or Qitaihe?",Huaihua,compositional
squad_0289,squad,"After her second solo album, what other entertainment venture did Beyonce explore?",acting,other
squad_0321,squad,What company did Beyoncé's father work for when she was a child?,Xerox,entity
musique_0504,musique,"What is the location of The Water Lily Pond, by the creator of Boating on the River Epte?",his flower garden at his home in Giverny,entity
squad_0447,squad,"Her third album, ""I am...Sasha Fierce"" was released when?","November 18, 2008",temporal
squad_0270,squad,What areas did Beyonce compete in when she was growing up?,singing and dancing,other
musique_0017,musique,Where did the director who provided the lyrics to A Time for Singing attend school?,Northwestern's School of Communication,compositional
musique_0758,musique,What league is the team Elie Ngoyi played for part of?,Canadian Football League,entity
musique_0916,musique,What kind of golfer is the 1965 Masters Tournament winner?,an American retired professional golfer,entity
musique_0622,musique,Where did the director of Bulworth attend school?,Northwestern's School of Communication,entity
squad_0043,squad,How many miles does the average student at Notre Dame travel to study there?,more than 750 miles,numerical
squad_0188,squad,Who is the patron saint of Notre Dame?,the Virgin Mary,entity
hotpotqa_0140,hotpotqa,What forensic psychiatrist consulted on numbers cases including one for a contract killer associated with the DeCavalcante crime family?,Park Dietz,entity
hotpotqa_0539,hotpotqa,"War for the Planet of the Apes is a 2017 American science fiction film directed by Matt Reeves, a sequel to which 2014 American science fiction film directed by Matt Reeves and written by Mark Bomback",Dawn of the Planet of the Apes,entity
hotpotqa_0102,hotpotqa,What retailer is the second-largest in the United States and has a commercial featuring the American artist who was 1st runner-up in the 2005 USA Weekend Magazine's songwriting competition?,Target Corporation,compositional
musique_0754,musique,In what year was the school where Ed Anuff was educated founded?,1824,temporal
hotpotqa_0465,hotpotqa,Silent Möbius is heavily influenced by the movie directed by whom?,Ridley Scott,entity
musique_0827,musique,Who is the original broadcaster of season 1 of the show the Hasaris are in?,Sci-Fi Channel,compositional
squad_0107,squad,Where did Notre Dame students and the KKK have their encounter?,South Bend,entity
hotpotqa_0073,hotpotqa,"What author has contributed to such works as ""New Statesmen"", ""The Nation"", and ""The Atlantic"", among others, while also being being associated with Dysteleology?",Christopher Hitchens,entity
hotpotqa_0146,hotpotqa,What was population of the city where the Dutch retired footballer Foeke Booy born?,"108,249",compositional
musique_0191,musique,Where were the people who imposed military might on Tibet in the past trying to raise?,Ming China,entity
hotpotqa_0192,hotpotqa,The End of the Innocence was a single by which former member of the Eagles?,Donald Hugh Henley,entity
musique_0517,musique,What language is spoken and written by the person who directed Executioners from Shaolin?,Chinese,compositional
hotpotqa_0181,hotpotqa,"The republic with the smallest population of all the members of the Council of Europe is one of few places in Europe where a species of beetle cannot be found, that wew originally described in 1809 by",Panzer,compositional
musique_0908,musique,Who is the spouse of the person who directed Batman?,Helena Bonham Carter,compositional
hotpotqa_0317,hotpotqa,"Which band's song was used as the theme at the Pepsi Arena on January 8, 2006?",Disturbed,compositional
squad_0462,squad,Which song did Beyonce sing at the first couple's inaugural ball? ,At Last,compositional
hotpotqa_0854,hotpotqa,"What number post-Beatles album of Paul McCartney did ""No Words""  appear on?",fifth,numerical
musique_0056,musique,What is the literacy rate in the new state capitol founded in 1709?,98%,numerical
hotpotqa_0502,hotpotqa,"Which movie was co-written by the person who directed ""Blood""?",The Awakening,compositional
squad_0372,squad,Which newest member was removed from Destiny's Child?,Farrah Franklin,entity
squad_0215,squad,When was ground broke on the Eddy Street Commons Project of Notre Dame?,"June 3, 2008",temporal
hotpotqa_0635,hotpotqa,"Björn Ulvaeus was a part of a Swedish pop group, formed in Stockholm in 1972, as well as co-producer on the film ""Mamma Mia!"" with who?",Benny Andersson,compositional
hotpotqa_0763,hotpotqa,The 2017 Supercheap Auto Bathurst 1000 will be held at the racing track with what two official names?,Mount Panorama and Wahluu,entity
hotpotqa_0470,hotpotqa,"Which genus has more species, Fir or Chelone?",Firs,numerical
musique_0722,musique,Who is the father of the producer of From the Sky Down?,Charles Guggenheim,compositional
musique_0393,musique,What was the political party of the person who regained control?,Union of Democrats for the Republic,entity
squad_0179,squad,Currently where does Notre Dame's library rank in the nation?,one of the 100 largest,entity
musique_0368,musique,When did the person whose final season was the ninth announce he was no longer going to be a judge?,"January 11, 2010",temporal
hotpotqa_0997,hotpotqa,Tammy Lee Grimes was an American actress and singer who starred in a Hallmark Hall of Fame TV special first broadcast in 1973 on NBC called what?,The Borrowers,entity
hotpotqa_0634,hotpotqa,"Who was the director of the film which had ""Held"" on its soundtrack?",Stephen Frears,compositional
squad_0311,squad,How many Grammy awards has Beyoncé won?,20,numerical
musique_0381,musique,What is the meaning of the name of the province of which Shiraz is the capitol?,Old Persian as Pars,compositional
hotpotqa_0725,hotpotqa,Both Corydalis and Cedrus are what level of classification in the naming system?,genus,entity
squad_0260,squad,"In what film did a parody of the ""Win one for the Gipper"" speech appear?",Airplane!,entity
squad_0376,squad,"Their third album, Survivor, sold how many during its first week?","663,000 copies",numerical
musique_0466,musique,Who played the Last Man Standing singer in Walk the Line?,Waylon Malloy Payne,entity
squad_0201,squad,Which individual offered land to Father Edward Sorin?,Célestine Guynemer de la Hailandière,entity
squad_0165,squad,How many BA majors does the College of Arts and Letters at Notre Dame offer?,33,numerical
hotpotqa_0825,hotpotqa,What Franklin county town did Bruce Bryant represent?,Jay,entity
musique_0291,musique,Who is the mother of Kim Pyong-il's sibling?,Kim Jong-suk,compositional
hotpotqa_0452,hotpotqa,What 2001 novel by Britney Spears is dedicated to an American author and mother of film and television producer Bryan Spears and country singer Jamie Lynn Spears?,A Mother's Gift,entity
squad_0184,squad,What was Ivan Meštrović known for being?,a renowned sculptor,entity
musique_0415,musique,Who is the spouse of the person on the $10 bill?,Elizabeth Schuyler Hamilton,entity
musique_0153,musique,What year was the end of the Hudson Greater Eight manufacturer?,1954,temporal
squad_0091,squad,On what date was the rebuilding of The Main Building begun at Notre Dame after the fire that claimed the previous?,17th of May,temporal
musique_0749,musique,When was the author of The Varieties of Religious Experience born?,1842,temporal
hotpotqa_0597,hotpotqa,The Jargon Society has published books by the founder and primary theorist of what group of poets?,Objectivist,other
musique_0598,musique,Who did the singer of Candy play in Princes Diaries?,Lana Thomas,entity
hotpotqa_0016,hotpotqa,What are the names of the current members of  American heavy metal band who wrote the music for  Hurt Locker The Musical? ,"Hetfield and Ulrich, longtime lead guitarist Kirk Hammett, and bassist Robert Tr",entity
squad_0113,squad,Around the time that Rev. Cavanaugh became president of Notre Dame by how much did the undergrad student body of Notre Dame increase?,more than half,numerical
squad_0442,squad,Beyoncé's role in Dreamgirls was based on what pop singer?,Diana Ross.,entity
musique_0574,musique,Who is the most prominent database language is named after?,Michael Widenius's daughter,entity
squad_0488,squad,Which year did Beyonce and her father part business ways?,2010,temporal
squad_0126,squad,In what year did Notre Dame have its earliest undergraduate that was female?,1971,temporal
musique_0686,musique,Who has the most consecutive appearances in the sporting event that the 1971 NBA World Championship series is an instance of?,The Boston Celtics,compositional
hotpotqa_0977,hotpotqa,What Milan based company made the tires for the Minardi M190?,Pirelli,entity
hotpotqa_0916,hotpotqa,What is the fifth studio album by English musician George Harrison released as the follow-up to The album that was certified gold by the Recording Industry Association of America two days after releas,Dark Horse,compositional
musique_0924,musique,David Jones is an international in rugby union and another sport that was started when?,1895,temporal
squad_0039,squad,How many incoming students did Notre Dame admit in fall 2015?,"3,577",numerical
musique_0775,musique,What college did the person who sang background on you're so vain attend?,Dartford Grammar School,compositional
hotpotqa_0704,hotpotqa,What is the actor who starred in School Spirit best known for?,surgeon Major Frank Burns,entity
hotpotqa_0270,hotpotqa,"Rick Seibold has worked with what artist known for her role in ""Big Time Rush""?",Katelyn Tarver,entity
squad_0348,squad,When did Beyoncé begin to manage the girl group?,1995,temporal
musique_0526,musique,Zarrin Dasht County's Iranian province was known by what in a former language?,Old Persian as Pars,entity
squad_0306,squad,How did Beyonce describe herself as a feminist?,modern-day feminist,entity
hotpotqa_0377,hotpotqa,"The creation of Fontana Lake submerged Proctor, North Carolina and what other town?",Judson,entity
hotpotqa_0745,hotpotqa,"What is the name of the Tindersticks' soundtrack for which the film, written by Denis and Jean-Pol Fargeau, is also named?",Trouble Every Day,entity
hotpotqa_0707,hotpotqa,"A radio comedy broadcast on BBC Radio 4 that satirizes the week's news, in its early days featured the voice of an English comedian born in what city in 1969?",East Dulwich,entity
hotpotqa_0001,hotpotqa,The Oberoi family is part of a hotel company that has a head office in what city?,Delhi,entity
musique_0663,musique,where did the actor who played clyde in Bonnie and Clyde attend school?,Northwestern's School of Communication,compositional
musique_0076,musique,What is the family of the current leader of Saudi Arabia?,Al Saud,entity
squad_0218,squad,"There were protested as a part of the construction at Eddy Street Commons, they came due tot he hiring of whom?",non-union workers,other
musique_0962,musique,When did the manufacturer of Tava change from sugar to corn syrup?,the 1980s,temporal
squad_0006,squad,How often is Notre Dame's the Juggler published?,twice,numerical
squad_0456,squad,Who did Beyoncé marry?,Jay Z.,entity
hotpotqa_0910,hotpotqa,Eric Jacobson performed the Muppet character who was part of what fictional band?,Dr. Teeth and The Electric Mayhem,entity
musique_0492,musique,"Along with the performer of peaking for Trees, what indie/folk musician is based in Miami?",Iron & Wine,compositional
hotpotqa_0151,hotpotqa,Mackenzie Davis appeared in the 2013 Canadian romantic comedy film directed by whom?,Michael Dowse,entity
musique_0219,musique,What was the first year of men's basketball at the university that Danny Manning played for?,1898,compositional
squad_0463,squad,"What genre of film was the movie, Obsessed, in which Beyonce starred in?",thriller,entity
hotpotqa_0883,hotpotqa,Reader's Digest and Scientific American are both what?,magazine,entity
musique_0310,musique,How many episodes are there of the series which includes Achy Jakey Heart?,98,numerical
musique_0515,musique,What award was received by the actor of Glen Miller in The Glenn Miller Story?,Academy Honorary Award,entity
hotpotqa_0229,hotpotqa,Joh Bruce Yeh founded a chamber ensemble who won a Grammy in 1985 for their recording of this work based on what Rusian folk tale?,The Runaway Soldier and the Devil,compositional
squad_0494,squad,What did Beyoncé announce in January 2010?,a hiatus,entity
musique_0523,musique,"Along with the singer of Nude as the News, what indie/folk musician is based in Miami?",Iron & Wine,compositional
squad_0343,squad,What record company first signed Beyonce's group and later cut them?,Elektra Records,entity
musique_0974,musique,"Where are the San Juan Mountains, in the state where the Acoma Pueblo Revolt of 1598 took place?",northwestern New Mexico,compositional
hotpotqa_0303,hotpotqa,What is the meaning of Trevor Prangley's other division the fought in aside from Light Weight?,refers to different weight classes,other
musique_0120,musique,When did the sports team that Junior Félix played for win their last World Series?,1993,temporal
squad_0195,squad,Where among US universities does Notre Dame rank?,among the top twenty,other
squad_0308,squad,How many records has Beyonce sold in her 19 year career?,118 million,numerical
musique_0647,musique,Who sings with the performer of Get Off on the Pain on Every Storm?,Co-writer Hillary Lindsey,compositional
hotpotqa_0697,hotpotqa,What year was Curious George released along with the record company that produced the soundtrack for the movie?,2006,compositional
hotpotqa_0466,hotpotqa,What number album of Taylor Swift did Colbie Marie Caillat win a Grammy for?,second,other
musique_0185,musique,When was the record label of Factory Floor established?,2001,temporal
musique_0706,musique,Where did the chief supporter of the bill that got Jefferson motivated to draft his Statute deliver his memorable speech?,St. John's Church,compositional
hotpotqa_0606,hotpotqa,"In what conference is the University that had a coach born on September 9th, 1960?",the Big 12 Conference,compositional
musique_0853,musique,In WWII when did Australian troops fight in the birthplace of Erin Stewart?,October 1944,temporal
musique_0048,musique,Who is the spouse of one of the artist who have had concerts in the stadium?,David Furnish,compositional
musique_0547,musique,What district in the country experiencing violence of protesters against police contains Birpur?,Kapilvastu District,entity
squad_0422,squad,How many albums did Beyonce sell in the first week when she released her second album?,"541,000",numerical
hotpotqa_0188,hotpotqa,The Pineground Bridge formerly carried Depot Road over the Suncook River into a town with a population of what?,"2,523",numerical
hotpotqa_0211,hotpotqa,"The John Messer Barn is a historic structure within the Great Smoky Mountains National Park in Sevier County, Tennessee, this barn is a different Messer Barn in which valley, in the Great Smoky Mounta",Cataloochee,compositional
musique_0666,musique,Who is the spouse of the person under whose direction La symphonie fantastique was produced?,Martine Carol,compositional
musique_0697,musique,"What movie stars Morgan Freeman, Robert De Niro and Catherine Zeta-Jones's husband?",Last Vegas,entity
musique_0594,musique,"Who sings ""meet me in Montana"" with the performer of ""All in Love""",Dan Seals,entity
musique_0305,musique,In what year did the leader of schools in the Royal Palace die,1820,temporal
hotpotqa_0575,hotpotqa,What song recorded by Fergie was produced by Polow da Don and was followed by Life Goes On?,M.I.L.F. $,compositional
hotpotqa_0738,hotpotqa,Diane Roark was wrongly suspected of leaking information to a New York Times reporter that has co-written two books about what agency?,Central Intelligence Agency,entity
hotpotqa_0521,hotpotqa,Which  province in the north of the island of Ireland did Queen Medb of Connacht  made his invasion,Ulster,entity
musique_0350,musique,Who was reigning when the company that repaired Grand Trunk Road from Calcutta to Delhi was founded in London?,Queen Elizabeth I,compositional
musique_0800,musique,What percentage of BYU students are members of the church who come together in Gatherings?,Approximately 99 percent,numerical
musique_0058,musique,Who did the members of Kassetten's performers collaborate with?,the Birthday Party,entity
musique_0527,musique,Who is the spouse of the director of La pequeña señora de Pérez?,Susana Freyre,compositional
hotpotqa_0545,hotpotqa,The Volkswagen Golf Estate is the estate/station wagon version a the compact car which was the best selling car in Europe in what year?,2001,temporal
musique_0125,musique,Who produced the series A-Haunting We Will Go was part of?,Warner Bros.,entity
hotpotqa_0407,hotpotqa,"Charles Hutchison and Reginald Barker, have which mutual occupation?",film director,entity
squad_0282,squad,What role did Beyoncé have in Destiny's Child?,lead singer,entity
squad_0454,squad,How much did the second world tour make in dollars?,119.5 million,numerical
musique_0307,musique,Which title is used for the leader of the major opponent to Freemasonry?,"the Bishop of Rome, who is known as the Pope",entity
hotpotqa_0046,hotpotqa,"Don Barry Mason was the founder of the Psychedelic Shamanistic Institute (PSI), which other member that's Welsh, that died on 10 April 2016?",Dennis Howard Marks,compositional
musique_0583,musique,Who sings with the performer of Man of Me on Every Storm?,Co-writer Hillary Lindsey,compositional
musique_0401,musique,Where in Plymouth is the operator of Rother-class lifeboat based?,Millbay Docks,entity
hotpotqa_0813,hotpotqa,"Johanna Veenstra (1894–1933) was the first missionary of the Christian Reformed Church (CRC) to go to Nigeria,   was an ocean liner designed by Leonard Peskett and built by Swan, Hunter & Wigham Richa",British Cunard Line,compositional
musique_0160,musique,In what county is WGLB located?,Waukesha County,entity
musique_0143,musique,What year was the end of the manufacturer of the Hudson Wasp?,1954,temporal
squad_0025,squad,What type of degree is an M.Div.?,Master of Divinity,entity
squad_0053,squad,What professorship did Father Josh Carrier hold at Notre Dame?,Professor of Chemistry and Physics,entity
hotpotqa_0536,hotpotqa,What is the name of the character in Quantico played by the same actor who starred in Tower Block?,Harry Doyle,entity
musique_0167,musique,How many times did the athlete who won the 2015 Royal Rumble win the WWE championship?,three,numerical
musique_0003,musique,When was the publisher of Crux launched?,1998,temporal
musique_0263,musique,When did the largest Presbyterian denomination come to the Indian state with capital Aizawl.,1894,temporal
musique_0287,musique,"While Anson led the Chicago Cubs, how many pennants did they win in the league that employed Bill Engeln?",six,numerical
musique_0696,musique,Who did the performer of I Could Break Your Heart Any Day of the Week play in The Princess Diaries?,Lana Thomas,entity
hotpotqa_0734,hotpotqa,"What music magazine ran from 1942 to 2008 and had a compilation album ""The Wild Bunch"" in 1984?",Hit Parader,compositional
hotpotqa_0459,hotpotqa,When was the record producer that produced Love Has Come for You born? ,22 June 1944,temporal
musique_0626,musique,In what year was the performer of Real Gone Kid created?,1985,entity
musique_0780,musique,What was the league of the sports team that Mike Volcan played on?,Canadian Football League,entity
hotpotqa_0573,hotpotqa,"Where are the metalcore band from, that released second full-length album titled Rage?","Atlanta, Georgia",entity
squad_0130,squad,When Malloy became president of Notre Dame what was the size of the endowment?,$350 million,temporal
squad_0283,squad,What was the first album Beyoncé released as a solo artist?,Dangerously in Love,entity
squad_0315,squad,What race was Beyonce's father?,African-American,entity
musique_0260,musique,What record label does the artist who co-write and record Ena Hadi belong to?,BMG,compositional
musique_0423,musique,What award was received by the actor who featured in the film The FBI Story?,Academy Honorary Award,compositional
musique_0400,musique,Who does the cast member from Snakes on a Plane play in The Avengers?,Nick Fury,compositional
hotpotqa_0952,hotpotqa,"Which musician was born first, John Tardy or Tom Barman?",John Tardy,temporal
hotpotqa_0546,hotpotqa,"What was the name of the band that starred Belinda Carlisle and released the album, Germicide in 1977?",The Go-Go's,entity
musique_0597,musique,Who's Daniel Smith Donelson's adoptive father's spouse?,Rachel Jackson,compositional
musique_0119,musique,When did the sports team having Gerónimo Berroa win their last world series?,1993,temporal
hotpotqa_0308,hotpotqa,Which league does the 2010 head coach of the SMU Mustangs football team currently coach in?,Canadian Football League,compositional
musique_0637,musique,What was the university Harry Howith attended called at first?,Carleton College,entity
hotpotqa_0633,hotpotqa,Effie Crockett is credited with creating the song that was based on what English ballad?,Lillibullero,entity
musique_0113,musique,During what years did Frédéric take lessons at the academy where Chopin's father once had a teaching position?,1823 to 1826,temporal
hotpotqa_0076,hotpotqa,"Who performed the lead single on the album Friends in Low Places, No Fences, that reached #1 on Billboard?",Garth Brooks,entity
squad_0253,squad,Who was the Notre Dame men's basketball coach in 2014?,Mike Brey,entity
hotpotqa_0456,hotpotqa,The Centralia Massacre was committed by which pro-Confederate guerrilla leader?,William T. Anderson,entity
squad_0329,squad,Which of her teachers discovered Beyonce's musical talent?,dance instructor Darlette Johnson,entity
musique_0966,musique,What year was the beginning of the sports league that the 1999 Cairns Cyclones season is a part of?,1895,temporal
musique_0216,musique,What group's power increased after the rise of the country where Titus Lucretius Tricipitinus was a citizen?,Republican pontifices,compositional
hotpotqa_0670,hotpotqa,"Tressie Souders and Padmarajan, have which occupation in common?",film director,entity
musique_0211,musique,Where did the patriots live during the war following which Boston became one of the wealthiest international ports?,the Thirteen Colonies,entity
hotpotqa_0042,hotpotqa,Guitars for Wounded Warriors is an album that was recorded in the village in which New York county?,Ulster County,entity
hotpotqa_0817,hotpotqa,"""Yaamirukka Bayamey"" is based on which 1998 Korean film directed by Kim Jee-woon?",The Quiet Family,entity
hotpotqa_0616,hotpotqa,Arthur bell as an amateur cricketer player for what league known for employing professional players.,Lancashire League,entity
hotpotqa_0821,hotpotqa,What kind of activity are the niche-themed products Bookchase and San Marco?,board game,entity
squad_0057,squad,Which individual worked on projects at Notre Dame that eventually created neoprene?,Father Julius Nieuwland,compositional
squad_0169,squad,Which hall at Notre Dame contains the current College of Science?,Jordan Hall of Science,entity
musique_0918,musique,What is the occupation and nationality of the person who has won the most men's major golf championships?,an American retired professional golfer,compositional
musique_0973,musique,In what county was Tim Meadows born?,Wayne County,entity
hotpotqa_0598,hotpotqa,"Restoration literature is the English literature written during the historical period commonly referred to as the English Restoration (1660–1689), which corresponds to the last years of the direct Stu",Ireland,entity
squad_0251,squad,How many NCAA tournaments did the Notre Dame men's basketball team take part in?,28,numerical
hotpotqa_0282,hotpotqa,A 2001 Indian epic sports-drama film starred an actor who was also know for his role in what 1999 movie?,Sarfarosh,compositional
hotpotqa_0665,hotpotqa,"In which year was this international arms smuggler who was the subject of the 2014 documentary film ""The Notorious Mr. Bout"" born?",1967,temporal
musique_0983,musique,Windows uses what subset of the code in which all Latin characters required by POJ can be represented?,WGL-4 with 652 characters,entity
musique_0677,musique,who has the most consecutive appearances in the competition that the 1986 NBA World Championship Series are part of?,The Boston Celtics,other
musique_0258,musique,What was the record label of the artist of Sou Hrostao Akoma Ena Klama?,BMG,compositional
hotpotqa_0990,hotpotqa,"Which TV show starring Will Smith was written by the creator of ""The Borowitz Report""?",The Fresh Prince of Bel-Air,compositional
squad_0430,squad,How many copies did B'Day sell during the first week of its release?,"541,000",numerical
squad_0086,squad,How many chapels are on the Notre Dame campus?,Fifty-seven,numerical
hotpotqa_0369,hotpotqa,What was the 2011 population of the unitary authority area that includes the village Eastoft?,"167,446",numerical
hotpotqa_0906,hotpotqa,Talking Smack is an American talk show whose past hosts have included the current Intercontinental Champion in his what?,seventh reign,other
hotpotqa_0133,hotpotqa,"The Canada Memorial in Green Park, London, United Kingdom, commemorates members of the Canadian Forces killed during the First and Second World Wars, the memorial was the result of lobbying and fund r",Lord Black of Crossharbour,entity
hotpotqa_0565,hotpotqa,"Kevin ""Jack"" Haugrud was the acting United States Secretary of the Interior, serving since the end of the Obama administration on January 20, 2017 until the swearing in of Ryan Zinke, an American poli","March 1, 2017",temporal
hotpotqa_0699,hotpotqa,How long is the river on which Wilbur Dam is located?,78.5 mi,numerical
hotpotqa_0869,hotpotqa,"What Golden Globe nominated American actor from Juilliard School played a role in the 1986 romantic drama film, Children of a Lesser God, directed by Randa Haines?",William Hurt,entity
squad_0307,squad,In which years did Time rate Beyonce in the 100 most influential people in the world?,2013 and 2014,temporal
musique_0991,musique,How many of the symbols are the same in the beginning of the ASCII and the code that all Latin characters required by POJ can be represented with?,128 symbols,numerical
hotpotqa_0114,hotpotqa,What state does Sang-Wook Cheong work as a materials scientist?,New Jersey,entity
squad_0429,squad,What is the name of Beyoncé's second album?,B'Day,entity
musique_0959,musique,Who is the sibling of the director of Everyone Says I Love You?,Letty Aronson,compositional
squad_0406,squad," The album, Dangerously in Love  achieved what spot on the Billboard Top 100 chart?",number four,numerical
hotpotqa_0958,hotpotqa,"Morrisson Kaye also spelled as Morrisson K, formerly known as Morrisson, is an American singer, songwriter, producer and musician from the San Francisco Bay Area, his earliest official releases were u",Deep house,other
musique_0079,musique,In what year was the field Montini obtain a doctorate in issued affirming celibacy in the priesthood?,1983,temporal
musique_0631,musique,Where did the actor who's a cast member of Bulworth attend school?,Northwestern's School of Communication,compositional
musique_0797,musique,Who is the father of Lady Xu Xinyue's spouse?,Qian Liu,compositional
squad_0285,squad,How many Grammy awards did Beyoncé win for her first solo album?,five,numerical
hotpotqa_0621,hotpotqa,"Who worked for both the Security Service and the Secret Intelligence Service, and began writing novels under his pen name, Audre Lorde or John le Carré?",David John Moore Cornwell,entity
musique_0174,musique,How many times did the winner of the 7 man elimination chamber match win the WWE championship?,three,numerical
musique_0774,musique,What league was Blake Marshall's team a part of?,Canadian Football League,entity
musique_0101,musique,What record label does the singer in 4 non blondes sign?,Custard Records,entity
hotpotqa_0217,hotpotqa,"Which airport is closer to Cleaveland, Ohio, Luis Muñoz Marín International Airport or Rickenbacker International Airport?",Rickenbacker International Airport,compositional
hotpotqa_0329,hotpotqa,"American actor, Peter Hansen, best known for his role on General Hospital, also starred in The War of the Roses with American film and stage actress and director who has won how many Golden Globe Awar",two,numerical
musique_0134,musique,What language is spoken by the director of Teesri Manzil?,Hindi,compositional
musique_0499,musique,How many PGA tour victories have been awarded to the winner of the 2005 Masters Tournament?,79,numerical
musique_0840,musique,When did Australian troops fight in the area where Stag Arms's headquarter locates?,October 1944,temporal
musique_0294,musique,Who is the mother of Ko Young-hee's spouse?,Kim Jong-suk,entity
hotpotqa_0966,hotpotqa,Lewis Moran was murdered a week after the death of the hitman from what Australian city?,Melbourne,compositional
musique_0144,musique,What was the last year of the company that made the Hudson Commodore?,1954,temporal
musique_0817,musique,Who was the football club that Melbourne beat in the 1964 grand final named after?,"Collingwood, Victoria",entity
hotpotqa_0327,hotpotqa,The 2016 Liberty Bowl was sponsored by a company based in what city?,Memphis,entity
musique_0210,musique,Where did the winner of last year's world series play before Wrigley Field?,West Side Grounds,compositional
hotpotqa_0428,hotpotqa,"The man that had a single titled ""That's My Pa"" played what character in the film ""High Noon""?",Ben Miller,entity
musique_0275,musique,What is the city where Giovanni Buonconsiglio was born an instance of?,comune,entity
musique_0169,musique,"What language is spoken, written or signed by the actress who removed herself from participation in the relay?",Hindi,compositional
musique_0608,musique,who was the spouse of the seventh president of the U.S.?,Rachel Jackson,entity
musique_0568,musique,Who is the sibling of the person who wrote the music for Once More with Feeling?,Jed Whedon,compositional
hotpotqa_0931,hotpotqa,What type of band did a cover of a single that sold two million copies from 1969 to 1970?,English glam rock band,entity
musique_0854,musique,What is the native language for the person who wrote the magazine Young India in 1931?,Gujarati,compositional
hotpotqa_0311,hotpotqa,Which breed of dog is now extinct: Chinese Crested Dog or the Chien-gris?,Chien-gris,entity
squad_0231,squad,When did the Notre Dame marching band form?,1846,temporal
musique_0472,musique,Did the agency which pioneered DNA testing keep files on Elvis Presley?,including celebrities such as Elvis Presley,other
musique_0939,musique,What year was the start of the league that the video game NRL Mascot Mania is a depiction of?,1895,temporal
musique_0149,musique,Who disarmed the combined body of all Estonia military?,the Red Army,entity
hotpotqa_0062,hotpotqa,Iqaluit Airport and Canadian North are based out of what country?,Canada,entity
hotpotqa_0901,hotpotqa,The sauce that fills a BiFi Carazza is referred to as what by Italians?,Salsa di pomodoro,entity
squad_0364,squad,What event occured after she was publicly criticized?,boyfriend left her,temporal
musique_0551,musique,Kante is found in what district of the country with violent police confrontations?,Darchula District,entity
hotpotqa_0227,hotpotqa,Thomas Harris is a novelist who is famous for creating which character?,Hannibal Lecter,entity
musique_0389,musique,What year was the developer of EPrints founded?,1862,entity
hotpotqa_0648,hotpotqa,"Seimas (""Sejm"", ""Sojm"", Belarusian: Сойм ) was an early parliament in the Grand Duchy of Lithuania, The Union of Lublin created a new state, the Polish–Lithuanian Commonwealth, and joined the Seimas o",Sejm of the Polish–Lithuanian Commonwealth,entity
hotpotqa_0716,hotpotqa,"What author who wrote ""Jesus' Son"" beat out Mischa Berlinksi for 2007 National Book Award?",Denis Johnson,entity
squad_0078,squad,What percentage of undergrads live on the Notre Dame campus?,80%,numerical
hotpotqa_0537,hotpotqa,"WHo is a Grammy winning American musician of Armenian descent, Armen Nalbandian or Arto Tunçboyacıyan?",Arto Tunçboyacıyan,entity
musique_0217,musique,What was the student enrollment at all campuses in the Fall of 2014 for the University where Danny Manning played?,"26,968",numerical
musique_0037,musique,What did Goring believe the person whom he refused to work with in 1940 and 1941 would gain with further support?,control of more Luftwaffe units,compositional
musique_0491,musique,When did the former Idol star who made an appearance for Cowell's tribute quit as a judge?,before season nine,temporal
musique_0468,musique,When did the judge Corey Clark claimed to have had an affair with quit American Idol?,before season nine,temporal
hotpotqa_0204,hotpotqa,How many test centuries did the grandfather of Fabian Cowdrey make for England ?,22,numerical
musique_0996,musique,What award was received by the writer who influenced the development of the new journalism movement in the United States?,Jefferson Lecture,compositional
musique_0285,musique,"While Anison led the Chicago Cubs, how many pennants did they win in the league that employed Hal Dixon?",six,numerical
hotpotqa_0436,hotpotqa,"Which member of the band Bad Seeds was older, Anita Lane or Nick Cave?",Nick Cave,other
squad_0482,squad,Who did Beyonce tie with for the most nominations in a year?,Lauryn Hill,entity
squad_0439,squad,What did Beyonce call her first concert tour?,The Beyoncé Experience,entity
squad_0410,squad,Who helped Beyoncé earn a Grammy award for Best R&B Performance by a Duo or Group at the 46th annual Grammy Awards?,Luther Vandross.,entity
squad_0189,squad,How large is Notre Dame in acres?,"1,250",numerical
hotpotqa_0410,hotpotqa,How many stores are in the major shopping centre that is served by the Garden City bus station?,440,numerical
squad_0276,squad,Who managed the Destiny's Child group?,Mathew Knowles,entity
squad_0194,squad,"There were multiple students from Notre Dame who entered the Pro Football Hall of Fame, how many?",13,numerical
squad_0420,squad,"What major event did Beyoncé perform at on February 1, 2004?",Super Bowl XXXVIII,temporal
musique_0193,musique,What record label was the person who wrote the theme song to Charlie Brown signed with?,Warner Bros.,compositional
hotpotqa_0649,hotpotqa,"Lee Mi-sook (born April 2, 1960) is a South Korean actress, one of the best-known actresses of 1980s Korean cinema, Lee's most famous films from this era include which of Lee Doo-yong's, 1986 South Ko",Na Do-hyang,compositional
hotpotqa_0644,hotpotqa,"What other country was the queen who launched Dannebrog, also a queen for between 1918 and 1944?",Iceland,other
hotpotqa_0605,hotpotqa,Nikolaas Tinbergen shared the 1973 Nobel in Medicine with the zoologist who was of what nationality?,Austrian,entity
musique_0692,musique,How many episodes were dedicated to the Menendez brothers in the series that featured an episode called Everybody's Favorite Bagman?,eight,numerical
musique_0406,musique,What year was John Shepherd's employer founded?,1862,temporal
musique_0059,musique,What university is Anthony Marten's college part of?,college of the University of Cambridge,entity
hotpotqa_0514,hotpotqa,The motorway reffered to as the Mid Wirral Motorway is located in a suburb known for which buildings?,Joseph Groome Towers,entity
musique_0365,musique,"When did the British company, that repaired grand trunk road from Calcutta to Delhi, take over India?",1757,temporal
hotpotqa_0838,hotpotqa,What caucus is the current Representative from Texas's 6th congressional district a member of?,Tea Party Caucus,entity
hotpotqa_0105,hotpotqa,What video game published by Sierra Entertainment includes an antagonist figure who's mystery is the core of the series? ,F.E.A.R.,entity
hotpotqa_0829,hotpotqa,What film title does J. F. Lawton and Shawn Levy have in common?,producer,compositional
musique_0870,musique,What was the lifespan of the person who wrote the preface to Lyrical Ballads 2nd Edition?,1770-1850,compositional
squad_0229,squad,Who currently provides uniforms to Notre Dame sport teams?,Under Armour,entity
musique_0164,musique,What municipality is the city CFLT-FM is located a part of?,Halifax Regional Municipality,entity
musique_0553,musique,When they were young many modern pop stars listened to the artist described as an almost scared feminist icon by who?,Professor Sut Jhally,entity
hotpotqa_0850,hotpotqa,"Which actress had roles in the movies ""Janie Jones"" and ""Signs""?",Abigail Breslin,entity
musique_0744,musique,In what year was Charles Lawrence's alma mater founded?,1824,temporal
hotpotqa_0881,hotpotqa,"Which of these has its entrance in Piyer Loti Caddesi, Hagia Sophia or Theodosius Cistern?",Theodosius Cistern,entity
squad_0214,squad,How much is Eddy Street Commons at Notre Dame expected to cost?,$215 million,numerical
squad_0485,squad,"Beyoncé was a featured artist on which singer's hit, Telephone?",Lady Gaga,entity
musique_0050,musique,In what U.S. conflict was involved the most famous army of the Confederacy?,American Civil War,entity
squad_0075,squad,How many teams participate in the Notre Dame Bookstore Basketball tournament?,over 700,numerical
squad_0046,squad,The undergrad school at the Mendoza College of Business was ranked where according to BusinessWeek?,1st overall,entity
squad_0317,squad,Beyonce's father worked as a sales manager for what company?,Xerox,entity
musique_0052,musique,What is the literacy rate in the main city near where Guerra was assassinated?,98%,numerical
hotpotqa_0523,hotpotqa,Gabe Turner has collaborated with the actor and film director who won his first Academy Award in which 1995 crime thriller?,The Usual Suspects,entity
hotpotqa_0746,hotpotqa,"What is the given name of the creator of the Album released on July 7, 2017 by Slaughter Gang and Epic Records?",Shayaa Bin Abraham-Joseph,compositional
squad_0234,squad,Which team did Notre Dame's football team find inspiration from?,Michigan Wolverines football team,entity
hotpotqa_0980,hotpotqa,Where was the captain that the USS Elrod is named after born?,"Turner County, Georgia",entity
squad_0490,squad,In what year did Beyonce have her hiatus?,2010,temporal
squad_0344,squad,At what age did Beyonce meet LaTavia Robertson?,age eight,numerical
musique_0719,musique,Who is the spouse of the director of Yuppi du?,Claudia Mori,compositional
hotpotqa_0084,hotpotqa,Maurice Hines and his brother were famous for what?,dancer Gregory Hines,entity
hotpotqa_0497,hotpotqa,"Which mine in California, lasting from 1873 to 1883, became one of the most noted mercury producers in the world?",Sulphur Bank Mine,entity
hotpotqa_0288,hotpotqa,The 2016 Washington State Cougars were led by the coach who previously helmed which other team?,Texas Tech Red Raiders,entity
musique_0793,musique,What secondary school did the lead singer of the Rolling Stones attend?,Dartford Grammar School,compositional
musique_0053,musique,What conflict involved the most famous Confederacy army?,American Civil War,entity
hotpotqa_0921,hotpotqa,Steve Peterson appeared as which character in a Shakespeare comedy written for the close of the Christmas season?,Aguecheek,entity
musique_0777,musique,What town is the team Travis Varcoe affiliated with named after?,"Collingwood, Victoria",entity
musique_0322,musique,What Chinese city shares a border with the city that hosted the 2009 ELEXCON fair?,Dongguan,compositional
musique_0187,musique,Which title is used for the leader of the organization that has always opposed Freemasonry?,"the Bishop of Rome, who is known as the Pope",compositional
hotpotqa_0439,hotpotqa,Rags Ragland died how many years after starring in Meet the People?,II,numerical
squad_0497,squad,How long did her hiatus last?,nine months,numerical
musique_0822,musique,When was the season of Grey's Anatomy when Derek died filmed?,"filming for the eleventh season would begin on July 25, 2014",temporal
hotpotqa_0694,hotpotqa,"The 2010–11 Tour de Ski was the 5th edition of the Tour de Ski and took place from 31 December 2010 to which date, Swiss cross-country skier, Dario Cologna won the Men's class?",9 January 2011,temporal
squad_0417,squad,When did Destiny's Child get their star on the Hollywood Walk of Fame?,March 2006,temporal
hotpotqa_0242,hotpotqa,Where did the father of Maria Brontë spend most of his adult life?,England,entity
musique_0540,musique,Which team paid 15 million for the player who scored the most goals in the premier league history?,Newcastle United,compositional
squad_0219,squad,What does the acronym NCAA stand for?,National Collegiate Athletic Association,entity
musique_0591,musique,Who was played by the Nothing That You Are performer in Princess Diaries?,Lana Thomas,entity
hotpotqa_0512,hotpotqa,"MindGamers is a 2015 Austrian science fiction film directed by who, the film stars Antonia Campbell-Hughes, a Northern Irish actress and former fashion designer, best known for appearing in Jack Dee's",Andrew Goth,entity
hotpotqa_0352,hotpotqa,Which publication is published more often: Modern Drummer or Bookmarks?,Modern Drummer,other
hotpotqa_0946,hotpotqa,"The 1920 NCAA football season had no clear-cut champion, with the ""Official NCAA Division I Football Records Book"" listing California, Georgia, Harvard, Notre Dame, and Princeton as national champions",George Gipp,entity
musique_0970,musique,How many symbols are the same in the beginning of ASCII and the dominant scheme for internal processing?,128 symbols,numerical
musique_0871,musique,"When was the last time the winner of the women's premier league 2017, won a trophy?",2015,temporal
hotpotqa_0811,hotpotqa,To which film category are both Call Me Kuchu and That's Dancing! belong?,documentary film,entity
squad_0256,squad,"Who is responsible for writing the music for ""Notre Dame Victory March?""",Rev. Michael J. Shea,entity
hotpotqa_0112,hotpotqa,"What book contains a poem which, along with ""Beowulf"" and the ""Anglo-Saxon Chronicle"", preserves a legendary list of the kings of the Angles?",Exeter Book,entity
hotpotqa_0134,hotpotqa,WNP-3 and WNP-5 were constructed by the agency formed in which year?,1957,temporal
hotpotqa_0398,hotpotqa,"Heartbreak Express, Dolly Parton's 24th solo studio album, featured this re-recording of what song, originally recorded in 1973 and featured in the ""Best Little Whorehouse in Texas Soundtrack""?",I Will Always Love You,compositional
hotpotqa_0986,hotpotqa,"Manfred Moch was the featured solo trumpet player of the orchestra named after which German orchestra leader, music producer, and songwriter who died on June 21, 1980?",Bert Kaempfert,entity
musique_0978,musique,When did the sponsor of super bowl's halftime show change from sugar to corn syrup?,the 1980s,temporal
musique_0855,musique,How many troops did the Turks send to Levon Ishtoyan's birthplace?,30000,numerical
musique_0115,musique,In what year did the agency that maintains the Presidential Library system become independent?,1985,temporal
hotpotqa_0513,hotpotqa,Who played the onscreen husband of a variety show banjo player?,"banjo player and former member of the television variety show ""Hee Haw"" gang hav",entity
musique_0981,musique,When does monsoon season end in the state where the Acoma Pueblo Revolt of 1598 took place?,mid-September,temporal
musique_0998,musique,In what county is the city where Harris W. Fawell was born?,DuPage County,compositional
musique_0252,musique,What is Peri Tarr's college a member of?,Five Colleges,entity
musique_0521,musique,In what county is the city which saw the largest growth?,Flathead County,compositional
squad_0074,squad,What percentage of students at Notre Dame are the children of former Notre Dame students?,21–24%,numerical
musique_0779,musique,In what year was Richard D. Veltri's university founded?,1824,compositional
squad_0355,squad,"Debut song, ""Killing Time"" was featured on what movie's sound track?",Men in Black,compositional
hotpotqa_0698,hotpotqa,"What is a 2011 British action comedy film parodying the James Bond secret agent genre, that features a song by the band Primal Scream?",Johnny English Reborn,entity
musique_0145,musique,What year was the end of the company which made the Hudson Commodore?,1954,temporal
musique_0846,musique,What group's power increased after the rise of the republic where the system of representative government comes from?,Republican pontifices,compositional
squad_0190,squad,What caused Notre Dame to become notable in the early 20th century?,its Fighting Irish football team,entity
musique_0445,musique,Who did the hitman from The Hitman's Bodyguard play in Star Wars?,Mace Windu,entity
musique_0835,musique,When did the season of Grey's Anatomy where Derek dies start?,"September 25, 2014",temporal
squad_0366,squad,What event caused Beyonce's depression?,split with Luckett and Rober,other
musique_0890,musique,When was the last time the participant in the 1921 FA Cup Final won a trophy?,2015,temporal
musique_0481,musique,Where is the water lily pond by the European modern painter who initiated impressionism located?,his flower garden at his home in Giverny,compositional
musique_0507,musique,"Who played the performer of Live at the Star Club, Hamburg in Walk the Line?",Waylon Malloy Payne,entity
musique_0202,musique,When did Denmark join the union that has completely surrounded Switzerland and Liechtenstein since 1995?,1972,temporal
musique_0328,musique,When did the person who said that poets are the unacknowledged legislators of world die?,8 July 1822,temporal
squad_0060,squad,Around what time did Lobund of Notre Dame become independent?,the 1940s,temporal
squad_0295,squad,"After what movie portraying Etta James, did Beyonce create Sasha Fierce?",Cadillac Records,temporal
musique_0906,musique,What is the professional status of the man who won the most majors in golf?,an American retired professional golfer,entity
squad_0445,squad,What pop singer did a duet with Beyoncé on Beautiful Liar?,Shakira,entity
musique_0326,musique,Who is the spouse of the person who sang with Peter Kay on the late late show?,Katie Price,compositional
hotpotqa_0940,hotpotqa,What film company produced The Littlest Outlaw and The Jungle Book?,Walt Disney,compositional
squad_0495,squad,Who suggested the hiatus for Beyoncé?,her mother,entity
hotpotqa_0041,hotpotqa,Pauline Henry was known as the vocalist of a very popular cover song. Which album was this song from?,The Joshua Tree,compositional
hotpotqa_0291,hotpotqa,"The Acolytes Protection Agency consisted of what wrestler born November 29, 1966",John Layfield,entity
musique_0900,musique,How many troops did the Turks send to the place served by Shirak International Airport?,30000,numerical
hotpotqa_0113,hotpotqa,Norbert Holm was arrested and later demoted because of his Chief of Operations association with a military theorist popularly known as what?,the Desert Fox,entity
musique_0993,musique,When were the Asian games first hosted where India's national physical laboratory is located?,1951,temporal
hotpotqa_0726,hotpotqa,Have James Agee and Nelly Sachs both won a Nobel Prize in Literature?,no,other
hotpotqa_0891,hotpotqa,"What was the screenplay novelist, Caroline Thompson, base in an Victorian era village for Victor and Emily?",Corpse Bride,entity
musique_0334,musique,When did the company that repaired Grand Trunk Road from Calcutta to Delhi end?,1799,temporal
musique_0273,musique,Who founded the company that made the Plymouth Prowler?,Walter Percy Chrysler,compositional
hotpotqa_0968,hotpotqa,"Which dog is now extinct, the Tahltan Bear Dog or the Stichelhaar?",Tahltan Bear Dog,other
squad_0166,squad,Which president at Notre Dame created the College of Science?,Father Patrick Dillon,entity
hotpotqa_0765,hotpotqa,Roy Browns running mate in the 2008 Montana gubernatorial election won his current senate seat by defeating what democrat?,Amanda Curtis,compositional
squad_0434,squad,Her second movie Beyonce did was what film?,Dreamgirls,entity
musique_0586,musique,Where did the creator of Ode to Joy die?,Weimar,compositional
hotpotqa_0165,hotpotqa,"Superheaven and Oceansize, are bands of which shared genre?",rock,other
squad_0210,squad,Which television station finds its home at Notre Dame?,NDtv,entity
musique_0131,musique,What language was used by Renana Jhabvala's mother?,English language,entity
hotpotqa_0944,hotpotqa,The Chase is hosted by an actress who began her television career in what Spanish-American teen sitcom?,"""Out of the Blue""",compositional
hotpotqa_0449,hotpotqa,Jess Weixler starred in what comedy-horror film directed by Mitchell Lichtenstein?,Teeth,entity
hotpotqa_0111,hotpotqa,Jake David Shapiro was best know for being the screenwriter of a film directed by who?,Roger Christian,entity
musique_0912,musique,Who is the person who won the most pga major tournaments?,an American retired professional golfer,entity
squad_0121,squad,During what years was Theodor Hesburgh president of Notre Dame?,1952–87,temporal
hotpotqa_0549,hotpotqa,What Brazilian professional footballer endorsed the Mercurial Vapor boot?,Philippe Coutinho Correia,entity
hotpotqa_0186,hotpotqa,"Which is currently more valuable, Temagami-Lorrain Mine or Meadowbank Gold Mine?",Meadowbank Gold Mine,other
squad_0088,squad,What was the music hall at Notre Dame called?,Washington Hall,entity
hotpotqa_0438,hotpotqa,John Severin was an American comics artist who had a 45 year stint with the magazine Cracked that was founded in what year?,1958,entity
squad_0105,squad,Which college president of Notre Dame is credited with preventing more confrontations between students and the KKK?,Fr. Matthew Walsh,entity
musique_0238,musique,What is often pointed to as the one reason for the inconsistent late season play of the team who won last year's World Series?,unusually high number of day games,other
hotpotqa_0383,hotpotqa,Since when has the automobile driven by Garrett Smithley for MBM Motorsports been sold?,1982,temporal
musique_0765,musique,Who was the actor who played the piano player in the series that has the episode Lay Down Your Burdens?,Roark Critchlow,compositional
hotpotqa_0481,hotpotqa,"What film director is from Great Britain, Miloš Forman or Alex Cox?","Alexander ""Alex"" Cox",compositional
hotpotqa_0231,hotpotqa,Kerrygold Irish Cream Liqueur is owned by a company that mainly sells what type or product?,dairy products,compositional
squad_0403,squad,How many top five singles came from her first album?,four,numerical
hotpotqa_0672,hotpotqa,"Who is an American musician, Peter Chelsom or Billy Bob Thornton?","""Billy Bob"" Thornton",other
squad_0336,squad,What choir did Beyoncé sing in for two years?,St. John's United Methodist Church,entity
hotpotqa_0159,hotpotqa,What hamlet and census designated place was the location of the only pay-per-view Bunkhouse Stampede?,"Uniondale, New York",entity
hotpotqa_0007,hotpotqa,"Who was once considered the best kick boxer in the world, however he has been involved in a number of controversies relating to his ""unsportsmanlike conducts"" in the sport and crimes of violence outsi",Badr Hari,entity
musique_0536,musique,What province includes the city where Todor Kableshkov died?,Gabrovo Province,compositional
musique_0014,musique,In what year was the author of The Insider's Guide to the Colleges established?,1878,temporal
musique_0372,musique,In which administrative territorial entity is Amir Jan Sabori's city of birth?,Kushk District,entity
squad_0459,squad,Which prominent star felt the 2009 Female Video of the Year award should have went to Beyoncé instead of Taylor Swift?,Kanye West,entity
musique_0478,musique,What indie/folk musician besides the performer of Sun is based in Miami?,Iron & Wine,entity
hotpotqa_0920,hotpotqa,"What is the nickname of the host for which ""Winner Take All"" is best known?","""Dean of Game Show Hosts""",entity
musique_0720,musique,Who's the father of the director of From the Sky Down?,Charles Guggenheim,compositional
hotpotqa_0541,hotpotqa,"Enterprise Car Sales was established in 1962 by founder Jack Taylor, which American car rental company headquartered in Clayton, Missouri, United States in Greater St. Louis?",Enterprise Rent-A-Car,entity
musique_0032,musique,"What languages are spoken, written or signed by the person the Schiff test is named after?",Italian,compositional
musique_0176,musique,What language is used by the cast member of Emanuelle and the White Slave Trade?,Italian,entity
hotpotqa_0503,hotpotqa,"Which professional American football team based in Ohio did Ivan ""John"" Jurkovic play for?",Cleveland Browns,entity
musique_0662,musique,How many episodes concerning the Menendez brothers are there on the series that includes the episode Blackmail?,eight,numerical
hotpotqa_0103,hotpotqa,"Which English actor of stage, film and television from the 1978 BBC drama ""Pennies From Heaven"" appeared in the 2006 BBC Four television play ""Kenneth Williams: Fantabulosa!?""",Cheryl Campbell,entity
musique_0992,musique,"How did the signer of the Civil Rights Act of 1991 try to convey that he was the stronger, tougher candidate?","presenting himself as a decisive leader and contrasted Kerry as a ""flip-flopper.",other
hotpotqa_0363,hotpotqa,In what year did the English actor from the film The System die?,1999,compositional
squad_0064,squad,Gurian created what in 1939 at Notre Dame?,The Review of Politics,entity
hotpotqa_0190,hotpotqa,The Rossendale Free Press serves the town how far north of Manchester?,19 mi,numerical
musique_0659,musique,Who sings Meet Me In Montana with the singer of There's No Stopping Your Heart?,Dan Seals,compositional
musique_0336,musique,In what year did the cast member of Home win Best Actress?,2001,temporal
musique_0824,musique,What is the family of the naked-backed fruit bat named after the region where Langila is located?,Dobsonia,entity
hotpotqa_0005,hotpotqa,"Which tennis player won more Grand Slam titles, Henri Leconte or Jonathan Stark?",Jonathan Stark,other
squad_0067,squad,Thomas Stritch was an editor of which publican from Notre Dame?,Review of Politics,entity
squad_0035,squad,What is the name of the main library at Notre Dame?,Theodore M. Hesburgh Library,entity
hotpotqa_0305,hotpotqa,Which event was a surprise military strike by the Imperial Japanese Navy Air Service while Magruder Hill Tuttle was a senior officer in the United States Navy?,attack on Pearl Harbor,entity
musique_0767,musique,Where was the creator of the Cheshire Cat born?,Daresbury,entity
squad_0373,squad,"""Charlie's Angels"" featured which single from the band members?",Independent Women Part I,entity
musique_0592,musique,What was Gilles Paquet's employer called at first?,Carleton College,entity
squad_0368,squad,Who helped Beyonce fight her depression the most?,her mother,entity
squad_0019,squad,The College of Science began to offer civil engineering courses beginning at what time at Notre Dame?,the 1870s,temporal
hotpotqa_0058,hotpotqa,"Which band has more members, Saint Motel or Curve?",Saint Motel,numerical
hotpotqa_0499,hotpotqa,"Which author was born first, Lorraine Hansberry or Sandra Gulland?",Lorraine Vivian Hansberry,temporal
musique_0168,musique,What region is Lewis Croft's city of death located?,Bingham County,entity
squad_0296,squad,When did Destiny's Child end their group act?,June 2005,temporal
musique_0435,musique,Where in Plymouth is the operator of Liverpool class lifeboat based?,Millbay Docks,entity
hotpotqa_0474,hotpotqa,What nationality is the male lead of the film Fishtales?,American,entity
squad_0207,squad,Which individual began a library at Notre Dame?,Father Lemonnier,entity
musique_0877,musique,When did we decide to leave the place where 6th gen iPods limit the max volume of the player?,23 June 2016,temporal
hotpotqa_0914,hotpotqa,"Jasminum multipartitum is native to what landlocked country located in southern Africa, between the Zambezi and Limpopo Rivers?",Zimbabwe,entity
squad_0129,squad,"What was the SAT score, on average, at Notre Dame when Edward Malloy became president?",1240,numerical
musique_0617,musique,What school did the screenwriter for the film Reds attend?,Northwestern's School of Communication,entity
musique_0833,musique,When did the season of Grey's Anatomy when Derek Shepherd dies air?,"September 25, 2014",temporal
squad_0277,squad,In what city did Beyonce grow up?,Houston,entity
hotpotqa_0955,hotpotqa,Who is the artist of The Scarlet Letter and debdebuted on the music scene as Missy Elliott's protégée?,Cynthia Karen Loving,compositional
hotpotqa_0951,hotpotqa,Which author of Superman: The Wedding Album is known for creating the superhero Booster Gold?,Dan Jurgens,compositional
squad_0446,squad,Beyonce got married in 2008 to whom?,Jay Z,entity
hotpotqa_0945,hotpotqa,Bob Scucci was the former Assistant Race and Sports Book Manager at what casino resort located on 63 acres along the Las Vegas Strip?,Stardust Resort and Casino,entity
hotpotqa_0222,hotpotqa,Who is the composer Howard Ashman worked with on his musical released in 1982? ,Alan Menken,entity
squad_0238,squad,In terms of Notre Dame students in the College Football Hall of Fame the amount of students named is what ?,the most,other
hotpotqa_0582,hotpotqa,Who directed the movie that Olympia Dukakis won an Academy Award for?,Norman Jewison,compositional
squad_0087,squad,What amount of the student body of Notre Dame identifies as Catholic?,over 80%,numerical
squad_0205,squad,In what year did the initial degrees get handed out at Notre Dame?,1849,temporal
hotpotqa_0002,hotpotqa,"Musician and satirist Allie Goertz wrote a song about the ""The Simpsons"" character Milhouse, who Matt Groening named after who?",President Richard Nixon,entity
musique_0358,musique,Which title is used for leader of the institution which thought the seasonal drift in the date of Easter was unacceptable?,"the Bishop of Rome, who is known as the Pope",compositional
hotpotqa_0271,hotpotqa,"Where is the band that wrote ""The Drug in Me Is You"" based in?","Las Vegas, Nevada",entity
hotpotqa_0300,hotpotqa,"Brian Keith ""Herbie"" Flowers, is an English musician specialising in electric bass, double bass and tuba, he has contributed to the recording Give My Regards to Broad Street is the fifth studio album ",Paul McCartney,entity
hotpotqa_0494,hotpotqa,What occupation was shared by both John Frankenheimer and Tiffanie DeBartolo?,director,compositional
hotpotqa_0306,hotpotqa,"Simone Kirby is an Irish actress, her credits include as Tracey Moynihan in which Irish dramatic television series broadcast, on RTÉ Television, the show aired between 2010 and 2014?",Love/Hate,entity
hotpotqa_0297,hotpotqa,In what city was the rock band formed which was paid tribute by Listen Without Distraction? ,"Palm Desert, California",compositional
musique_0329,musique,How many episodes are there of the series that the episode I'll Always Remember You is a part of?,98,numerical
hotpotqa_0878,hotpotqa,The Genève-Servette HC competes in a league know by what name prior to the 2017-2018 season?,National League A.,entity
hotpotqa_0784,hotpotqa,Which 2004 novel by Judith Guest recounts the murder committed by John Norman Collins known as the Michigan Murders?,The Tarnished Eye,entity
musique_0141,musique,When did the company that made the AA.20 end by merging?,1970,temporal
hotpotqa_0552,hotpotqa,Knocked Up starred the actor and filmmaker of what dual nationality?,American-Canadian,entity
musique_0694,musique,How many episodes were dedicated to the menendez brothers in the fictional work Paul Robinette exists in?,eight,numerical
musique_0040,musique,"What languages can the star of Accident on Hill Road speak, write or sign?",Hindi,entity
hotpotqa_0695,hotpotqa,What was the population according to the 2010 census of the census-designated place where Max Loughan created a crystal radio?,"8,777",compositional
musique_0496,musique,Who does the person a lot of modern pop artists grew up listening to play in A League of Their Own?,taxi dancer ``All the Way ''Mae Mordabito,compositional
hotpotqa_0346,hotpotqa,"Irma Pamela Hall, an American actress who has appeared in numerous films and television shows since the 1970s, and is best known for playing matriarchal figures including in which 2004 American black ",The Ladykillers,entity
musique_0920,musique,Who founded the company that made the VT100?,Ken Olsen,entity
musique_0886,musique,When did George Piper's club last win a trophy?,2015,temporal
hotpotqa_0382,hotpotqa,"Signet Jewelers owns what Delaware based retailer, along with Kay and Jared?",Zale Corporation,entity
hotpotqa_0174,hotpotqa,In what country did the repression of citizens by a dictator during the period of 1973 to 1990 occur?,Chile,entity
musique_0369,musique,"When did the author of I Don't Mean to be Rude, But..., announce he was no longer going to be a judge?","January 11, 2010",temporal
hotpotqa_0507,hotpotqa,What connection does the private liberal arts college known for its distinctive curriculum centered on reading and discussing the Great Books of Western Civilization have to] EnVISIONing Annapolis? ,Important contributors and co-sponsors,compositional
musique_0524,musique,"What indie/folk musician, other than the performers of Moon Pix, is based in Miami?",Iron & Wine,entity
hotpotqa_0104,hotpotqa,Who hosted both Miss USA 1968 and The Price Is Right?,Bob Barker,entity
hotpotqa_0723,hotpotqa,"This footballer played in the top divisions in Italy, Spain, England and Germany and is known for what?",his speed on the ball,other
squad_0451,squad,How did she reveal the marriage?,in a video montage,other
squad_0092,squad,What did the Science Hall at Notre Dame come to be known as?,LaFortune Student Center,entity
hotpotqa_0153,hotpotqa,"Jane's Addiction and Weeping Willows, play which genre of music?",rock,other
hotpotqa_0358,hotpotqa,When was the  Prime Minister of India after which V. K. Krishna Menon was regarded as the second most powerful man in India born?  ,14 November 1889,temporal
musique_0712,musique,Who was the founder of the republic from which the system of representative government originates?,L. Junius Brutus,compositional
hotpotqa_0345,hotpotqa,When was the stadium Wollongong Wolves Football Club plays at opened?,1911,temporal
squad_0199,squad,Which art museum does Notre Dame administer?,Snite Museum of Art,entity
hotpotqa_0086,hotpotqa,What southern California based band covered Blue Öyster Cult's Godzilla?,Fu Manchu,entity
hotpotqa_0500,hotpotqa,What is the Kaurna name of the river that runs along Mount Torrens in South Australia?,Ngangkiparri,entity
squad_0249,squad,How many wins does the Notre Dame men's basketball team have?,"over 1,600",numerical
hotpotqa_0870,hotpotqa,"Edwin van der Sar spoke to the crowd after the fireworks incident on April 20, 2014 during the KNVB Cup final match. Which team won that game?",Zwolle,other
musique_0522,musique,When did the 2005 Masters tournament winner make his first hole in one?,at the age of six,temporal
hotpotqa_0389,hotpotqa,Wayne's World featured the actor who was a member of what Chicago comedy troupe?,Second City Theatre,entity
hotpotqa_0028,hotpotqa,Are both The New Pornographers and Kings of Leon American rock bands?,no,other
musique_0257,musique,What is the meaning of the word used for the branch of Buddhism that rejects the concept of a transitional state between lives?,The School of the Elders,entity
musique_0304,musique,What year did the employer of William Sharp die?,1820,temporal
musique_0442,musique,Who did the actor who played the robber in Coming to America play in Star Wars?,Mace Windu,compositional
musique_0236,musique,"The ruler who granted the English East India Company a charter to govern Saint Helena began burying national figures in the abbey, starting with whom?",Admiral Robert Blake,compositional
musique_0708,musique,"What actor who played the president in ""The American President"" starred in ""Las Vegas""?",Last Vegas,entity
musique_0041,musique,In what year did France host the finals of the competition featuring Samoa for going on 30 years?,2007,temporal
musique_0660,musique,Where did a cast member from Mickey One go to school?,Northwestern's School of Communication,entity
hotpotqa_0021,hotpotqa,Which  American politician did Donahue replaced ,Kelli Ward,entity
musique_0009,musique,Which major Russian city borders the body of water in which Saaremaa is located?,Saint Petersburg,compositional
hotpotqa_0585,hotpotqa,6 Interpretations included the songwriter who performed in what band from 1985 to 1995?,Requiem in White,entity
squad_0499,squad,Who did Beyonce donate the money to earned from her shows?,Clinton Bush Haiti Fund,entity
musique_0965,musique,When does monsoon season happen in the city where India's national physical laboratory is located?,the middle of the summer,temporal
squad_0049,squad,What person was the Director of the Science Museum at Notre Dame in the late 19th century?,"Father Joseph Carrier, C.S.C.",entity
hotpotqa_0191,hotpotqa,Which american president's father was a farmer and he was a former US representative from NY?,Millard Fillmore,entity
hotpotqa_0491,hotpotqa,The 1932 German football championship Final was played at a stadium that opened in what year?,1928,entity
hotpotqa_0157,hotpotqa,What was the event that Afghanistan competed in for the first time in 2017 officially known as?,the 23rd Summer Deaflympics,entity
musique_0850,musique,The artist adding backing vocals to You're So Vain attended what grammar school?,Dartford Grammar School,entity
hotpotqa_0184,hotpotqa, Marion is approximately 50 mi north of a city that is the third-most populous what in the U.S.?,state capital,compositional
squad_0340,squad,Who brought Beyonce to California and enter her group in Star Search?,Arne Frager,entity
hotpotqa_0832,hotpotqa,What year was the Montgomery based school that Mabel Murphy Smythe-Haith's father taught at founded?,1867,temporal
musique_0623,musique,"What larger educational institution is the university where Charlotte Brewer went, a part of?",college of the University of Oxford,compositional
squad_0471,squad,"Where did Beyoncé perform on January 20, 2009?",the First Couple's first inaugural ball.,temporal
hotpotqa_0625,hotpotqa,Which 2004 Nickelodeon show was created by Sue Rose and starred Molly Hagan? ,Unfabulous,entity
hotpotqa_0468,hotpotqa,Mike Gibbons won the middleweight championship after the previous champion was found murdered where?,Missouri,entity
musique_0629,musique,What was the university related with Ike Awgu called at first?,Carleton College,entity
squad_0225,squad,How many teams in each season do the Fighting Irish commit to play against ACC opponents?,five,numerical
hotpotqa_0587,hotpotqa,"The Warlock in Spite of Himself is a science fantasy novel by American author Christopher Stasheff, published in 1969, the title is a play on the title of which French playwright and actor, known by w",Molière,entity
squad_0079,squad,How many student housing areas are reserved for Notre Dame's graduate students?,four,numerical
hotpotqa_0959,hotpotqa,What type of organism can both Bellis and Syzygium jambos be described as?,plants,entity
hotpotqa_0724,hotpotqa,"Manchester City Football Club is a football club in Manchester, England, the club moved to the City of Manchester Stadium, in Manchester, England, also known as the Etihad Stadium for sponsorship reas",2003,temporal
squad_0393,squad,"How did the critics view the movie, ''The Fighting Temptations''?",mixed reviews,other
musique_0558,musique,what percentage of revenue for the company that lost a lawsuit against microsoft and Hewlett-Packard was from desktop computers?,19.22%,compositional
musique_0296,musique,The national rail system that designed USRA 0-6-0 came to an end when?,1920,temporal
hotpotqa_0856,hotpotqa,"Highway 42 runs northwest from where Highway 24 crosses the BNSF Railway's Northern Transcon,  a route operated by what Railway?",BNSF,entity
hotpotqa_0510,hotpotqa,Joan Jett & the Blackhearts covered a song by the first westerner to achieve pop start status in Japan.  When was that song first recorded?,1975,temporal
hotpotqa_0758,hotpotqa,What is the name of the 3 Michelin Star Restaurant that is located in the second largest hotel in the United States?,Joël Robuchon,compositional
hotpotqa_0108,hotpotqa,"Gülhane Park and Zografeion Lyceum, are located in which country?",Turkey,entity
hotpotqa_0547,hotpotqa,Logan Lerman starred in which 2017 drama directed by Shawn Christensen?,Sidney Hall,entity
musique_0105,musique,What is the record label for the singer of 4 Non Blondes?,Custard Records,entity
musique_0599,musique,Who is the nephew of the seventh President of the United States?,Daniel Smith Donelson,entity
musique_0881,musique,What is a term for the religion of all naturalists working at the two English universities and churches that align with it?,the Anglican Communion,entity
hotpotqa_0318,hotpotqa,The Colts' first ever draft pick was a halfback who won the Heisman Trophy in what year?,1952,temporal
musique_0051,musique,The alma mater of Mushtaq Minhas is an example of what kind of university?,private university,entity
musique_0595,musique,Who was the winner of the 1989 edition of the event in which NBA rings are won?,Detroit Pistons,entity
musique_0390,musique,Who does the actor who starred in The Caveman's Valentine play in the film Avengers?,Nick Fury,compositional
musique_0865,musique,When was the last time Arsenal's greatest rival won a trophy?,2015,temporal
hotpotqa_0976,hotpotqa,What is the nickname for this United States drag racer who drove Brutus?,Jungle Jim,entity
squad_0411,squad,How many awards did Beyoncé win at the 46th Grammy's Awards?,five.,numerical
hotpotqa_0706,hotpotqa,What is the nickname of the airplane model flown in Malaysian Airlines Flight 370?,"""Triple Seven""",entity
squad_0245,squad,What occurs at midnight preceding a football home game at Notre Dame?,the Drummers' Circle,entity
musique_0929,musique,"What is the capital of the county where Naples, Florida is located?",East Naples,compositional
musique_0883,musique,When did Australian troops fight in the country where Hoskins airport is located?,October 1944,temporal
musique_0427,musique,Who wrote The Road to City A where City A is where KVNO radio is licensed?,Robert Ludlum,compositional
hotpotqa_0098,hotpotqa,What is the birth date of the coach of the 2014-15 Michigan Wolverines men's basketball team?,"February 5, 1953",compositional
musique_0166,musique,What language was used by the cast member of Black Emanuelle?,Italian,entity
hotpotqa_0555,hotpotqa,Fritz von Brodowski was killed during what global war that lasted from 1939 to 1945?,World War II,temporal
hotpotqa_0577,hotpotqa,"Who owns a licensed brand that seeks to engage the private sector in raising awareness and funds to help eliminate HIV/AIDS in eight African countries, who's partner is a Dutch sports and clothing com",RED,compositional
hotpotqa_0714,hotpotqa,Which part of SOKOM was formerly of the Royal Danish Army?,Jaeger Corps,entity
musique_0083,musique,In what year was celibacy in the priesthood affirmed in the ordinances that previously Paul had wanted to reform.,1983,temporal
hotpotqa_0195,hotpotqa,Which video game producers worked with an English film director to produce a film about sports?,Rockstar Games,compositional
musique_0689,musique,How many county commissioners does the county where The Village is located have?,three,numerical
hotpotqa_0627,hotpotqa,"Chris Vance, is an English actor, and is the second actor after which English actor, and a former model and competitive diver, to play Frank Martin?",Jason Statham,entity
musique_0078,musique,In which county is the White Castle that Harold and Kumar visit?,Camden County,entity
musique_0721,musique,Who is a member of the band performing The Big Express?,Andy Partridge,entity
squad_0139,squad,What structure is found on the location of the original church of Father Sorin at Notre Dame?,Basilica of the Sacred Heart,entity
hotpotqa_0215,hotpotqa,"Who is the mother of the prince that had allegations made against him related to the lawsuit ""Two Jane Does v US""?",Queen Elizabeth II,compositional
musique_0609,musique,What was Ian MacDonald's alma mater first called?,Carleton College,entity
musique_0801,musique,Why did the person held responsible for the actions of the KPA redeploy his military troops?,to defend Seoul,other
squad_0409,squad,What is the lead single on Beyoncé's first album?,Crazy in Love,entity
hotpotqa_0200,hotpotqa,What year was the thesis supervisor of Jocelyn Bell Burnell awarded the Eddington Medal?,1969,compositional
hotpotqa_0020,hotpotqa,"Which state does the drug stores, of which the CEO is Warren Bryant, are located?",Hawaii,entity
musique_0235,musique,Who was the first person buried in Westminster Abbey by the only non royal ruler of Britain?,Admiral Robert Blake,compositional
hotpotqa_0462,hotpotqa,"Before finishing her feature film, Something's Got to Give, when did American actress, model and one of the most popular sex symbols of the 1950s, Marilyn Monroe die?","August 5, 1962",temporal
squad_0076,squad,For what cause is money raised at the Bengal Bouts tournament at Notre Dame?,the Holy Cross Missions in Bangladesh,other
squad_0023,squad,"Which organization declared the First Year of Studies program at Notre Dame ""outstanding?""",U.S. News & World Report,entity
hotpotqa_0683,hotpotqa,"What club did  a Swiss footballer primarily recognised as a right-back who signed for a professional football club in 2013 based in Old Trafford, Greater Manchester, England ?",Saint-Étienne,entity
hotpotqa_0743,hotpotqa,"Blondie is an American rock band founded by singer Debbie Harry, and guitarist Chris Stein, the band achieved several hit singles including which song by the American pop rock band Blondie, from their",Rapture,entity
musique_0651,musique,Who sings meet me in montana with the performer of Who's Sorry Now?,Dan Seals,entity
hotpotqa_0674,hotpotqa,"What year was the soundtrack to the Austrian-American comedy film, directed by Stephen Herek and starring Charlie Sheen, released?",1993,temporal
musique_0925,musique,Who wed the actress portraying the wife in the king's speech?,Tim Burton,compositional
hotpotqa_0833,hotpotqa,"As of 2016, which band released more albums, The Last Shadow Puppets or The Classic Crime?",The Classic Crime,other
squad_0254,squad,Who wrote the original lyrics to the Notre Dame Victory March?,John F. Shea,entity
musique_0088,musique,Where did the author of Ressurreição die?,Rio de Janeiro,entity
musique_0189,musique,Who plays the creator of Gradgrind in the man who invented christmas?,Dan Stevens,entity
hotpotqa_0553,hotpotqa,What is the capital of the archipelago where Djoièzi is located?,Moroni,entity
squad_0028,squad,Which department at Notre Dame is the only one to not offer a PhD program?,Department of Pre-Professional Studies,entity
squad_0382,squad,Who filed a lawsuit over Survivor?,Luckett and Roberson,entity
hotpotqa_0053,hotpotqa,"The 1895/96 Football League season was the eighth in Football League history with Everton, their Goodison Park home, is a football stadium located in Walton, Liverpool, in which country?",England,entity
squad_0331,squad,What type of school was Parker Elementary School?,music magnet school,entity
musique_0229,musique,Elizabeth Claypole's father started burying national figures in the abbey starting with whom?,Admiral Robert Blake,entity
musique_0353,musique,What title is used for the leader of the church the Church of Cyprus was hoping to end encroachments of?,"the Bishop of Rome, who is known as the Pope",entity
squad_0022,squad,What was created at Notre Dame in 1962 to assist first year students?,The First Year of Studies program,entity
squad_0209,squad,In what year was the library at Notre Dame started?,1873,temporal
musique_0295,musique,When did the group that worked on USRA 2-6-6-2 disband?,1920,temporal
musique_0047,musique,What is the population of the city where the torch event was held in Vietnam?,"8,426,100",compositional
hotpotqa_0762,hotpotqa,The former 10th congressional district of Minnesota is now currently represented by whom in the US House of Representatives?,Erik Paulsen,entity
musique_0799,musique,When did the season where Derek died in Grey's Anatomy air?,"September 25, 2014",temporal
hotpotqa_0551,hotpotqa," Blake Alexander Carrington is a fictional character on the ABC television series ""Dynasty"", created by Richard and Esther Shapiro whose role was portrayed by John Forsythe, and also appeared as a gue",game shows,other
hotpotqa_0144,hotpotqa, Benjamin Halfpenny was a footballer for a club that plays its home matches where?,Select Security Stadium,compositional
squad_0484,squad,Who did Beyoncé tie with for the most Grammy nominations for female artists?,Lauryn Hill,entity
musique_0097,musique,Where was the place where Chopin's father got a teaching position moved to?,Kazimierz Palace,entity
musique_0448,musique,Who is the mother of the popular vote winner from the 2000 election?,Pauline LaFon Gore,compositional
hotpotqa_0871,hotpotqa,Lynyrd Skynyrd lost three members in a crash of a plane that was chartered from which company?,L&J Company,entity
musique_0640,musique,Where did the cast member from Reds attend school?,Northwestern's School of Communication,entity
musique_0729,musique,Who is married to the director of Joan Lui?,Claudia Mori,entity
hotpotqa_0934,hotpotqa,WERT is a radio station that is broadcast from it studios on what transcontinental highway?,Lincoln Highway,entity
musique_0461,musique,Who was married to the person appearing on the 20 dollar bill in 1875?,Elizabeth Schuyler Hamilton,compositional
hotpotqa_0334,hotpotqa,"Kiawah Island, South Carolina was mentioned in ""Porgy and Bess,"" composed by the man best known for which other 1924 orchestral composition?",Rhapsody in Blue,compositional
musique_0397,musique,Who wrote The Road to City A where City A is where KFAB broadcasts?,Robert Ludlum,compositional
hotpotqa_0533,hotpotqa,"Four Shores, is an album from the Latvian band Brainstorm, Lonely Feeling"" is dedicated to which Swedish-born American film actress, during the 1920s and 1930s? ",Greta Garbo,entity
squad_0259,squad,"Ronald Reagan had a nickname, what was it?",The Gipper,entity
musique_0126,musique,The town where Renzo Zorzi died is an instance of what?,comune,entity
hotpotqa_0152,hotpotqa,The Developing Communities Project's first executive director was which former President?,Barack Hussein Obama II,entity
hotpotqa_0864,hotpotqa,"In addition to A Bayou Legend, how many other works did William Grant Still compose?","more than 150 works, including five symphonies and eight operas.",numerical
musique_0874,musique,When was the last time a trophy was won by the sports team Percy Hooper played for?,2015,temporal
hotpotqa_0568,hotpotqa,Who administers the federal law that the California Healthy Families Program implements?,the United States Department of Health and Human Services,entity
squad_0096,squad,Over how many years did the change to national standards undertaken at Notre Dame in the early 20th century take place?,three years,numerical
squad_0012,squad,What is the oldest structure at Notre Dame?,Old College,entity
musique_0130,musique,The city where WNZK is located is in what county?,Wayne County,compositional
musique_0831,musique,The person who replaced Derby in 1868 when he resigned was a member of which political party?,Conservative Party,compositional
hotpotqa_0440,hotpotqa,Do filmmakers Chris Carter and Theo van Gogh share the same nationality?,no,other
hotpotqa_0613,hotpotqa,"Who replaced the Peabody Award winner, made famous for his NPR flagship program, in 2004?",Renée Montagne,compositional
hotpotqa_0290,hotpotqa,Which show connects Arthur Darvill and Matt Smith?,Doctor Who,entity
squad_0014,squad,Which prize did Frederick Buechner create?,Buechner Prize for Preaching,entity
hotpotqa_0075,hotpotqa,Which publishing company has published Bizarre and a sister publication devoted to the anomalous phenomena popularised by Charles Fort?,Dennis Publishing,entity
squad_0237,squad,Against which team does Notre Dame compete for the Jeweled Shillelagh?,USC,entity
hotpotqa_0091,hotpotqa,Approximately what percentage of the global population is made up of the ethnic group Princess Fragrant was produced to improve relations with?,17%,numerical
hotpotqa_0202,hotpotqa,British band The Wanted's third album includes a song with a title about which Barbadian superstar?,Rihanna,compositional
musique_0288,musique,"While Anson led the Chicago Cubs, how many pennants did they win from the employer of George Magerkurth?",six,numerical
musique_0045,musique,What is the source of the river where Southern California gets most of its water?,La Poudre Pass,entity
musique_0355,musique,In what year did the cast member of My Worst Nightmare win Best Actress?,2001,temporal
squad_0352,squad,"Who did Beyonce record with for the movie ""The Best Man?""",Marc Nelson,entity
squad_0005,squad,When did the Scholastic Magazine of Notre dame begin publishing?,September 1876,temporal
hotpotqa_0640,hotpotqa,What year saw the founding of the baseball team where Hal McRae played from 1973-87?,1969,temporal
musique_0004,musique,Jan Šindel's was born in what country?,Czech Republic,entity
squad_0146,squad,How large in square feet is the LaFortune Center at Notre Dame?,"83,000 square feet",numerical
musique_0502,musique,"Who played the performer of ""One Minute Past Eternity"" on Walk the Line?",Waylon Malloy Payne,entity
musique_0093,musique,When did the institute that gives out the Elliott Cresson Medal award open?,1824,temporal
musique_0546,musique,Where the water lily pond of the painter of Le Bassin Aux Nymphéas?,his flower garden at his home in Giverny,entity
musique_0063,musique,Where does the four letter abbreviation of the organization which includes the Gibraltar Football Association stand for?,European Championship,other
hotpotqa_0094,hotpotqa,"Is Children's National Medical Center or MedStar Washington Hospital Center the largest private hospital in Washington, D.C.?",MedStar Washington Hospital Center,other
hotpotqa_0615,hotpotqa,"""HMS ""Sussex"" was an 80-gun third-rate ship, of the line of the English Royal Navy, for which sovereign state on the island of Great Britain from the 10th century—when it emerged from various Anglo-Sa",Kingdom of England,entity
musique_0967,musique,The Latin characters used in POJ can be represented a character set that follows what standard?,ISO 8859-1,other
hotpotqa_0000,hotpotqa,Which magazine was started first Arthur's Magazine or First for Women?,Arthur's Magazine,temporal
musique_0823,musique,Who was the piano player in the fictional work that Captain Apollo appeared in?,Roark Critchlow,entity
musique_0986,musique,When did the soda company Beyonce partnered with since 2002 change from sugar to corn syrup?,the 1980s,temporal
musique_0114,musique,Who mothered the hostess of the party where Chopin met George Sand?,Cosima Wagner,compositional
hotpotqa_0744,hotpotqa,"This American actor who starred in ""Veep"" was also in an action comedy film directed by Seth Rogen and Evan Goldberg heavily inspired by what?",a Vice documentary,compositional
musique_0899,musique,What family does the naked-backed fruit bat belong to from the area where Hoskins Airport is?,Dobsonia,entity
musique_0036,musique,What is the language for the person who translated Plato's work to Latin?,Italian,compositional
musique_0543,musique,How many feet is the largest peak in north-central region of the place where police experienced violent problems with protesters?,"26,000 ft",numerical
hotpotqa_0173,hotpotqa,"Which movie was released first, The Hunchback of Notre Dame or Saludos Amigos?",Saludos Amigos,temporal
hotpotqa_0071,hotpotqa,What city are George Washington University Hospital and MedStar Washington Hospital Center located in?,"Washington, D.C.",entity
squad_0191,squad,Which 20th century Notre Dame football coach is most notable?,Knute Rockne,entity
squad_0008,squad,How many student news papers are found at Notre Dame?,three,numerical
squad_0024,squad,The granting of Doctorate degrees first occurred in what year at Notre Dame?,1924,temporal
squad_0062,squad,The Lobund Institute was merged into the Department of Biology at Notre Dame in what year?,1958,temporal
hotpotqa_0422,hotpotqa,"Lookwell was a television pilot written and produced by Conan O'rien and Robert Smigel, and was a personal favorite of what American television executive who was president of NBC from 1980-1991?",Brandon Tartikoff,entity
musique_0177,musique,What is the enrollment at the owner of Benficence?,"22,513 students",numerical
hotpotqa_0263,hotpotqa,What year was the English actor and film producer born in who also starred in an adaptation with Renee Zellweger?,1960,temporal
hotpotqa_0080,hotpotqa,"South Korean actor Kim Yool-ho starred in what 2016 movie directed by Yeon Sang-ho Yeon Sang-ho and starring actors Gong Yoo, Jung Yu-mi, and Ma Dong-seok?",Train to Busan,entity
musique_0489,musique,What language did the author of the book the story of my life use?,English language,compositional
squad_0136,squad,Which arena was constructed under Jenkins at Notre Dame?,Compton Family Ice Arena,entity
hotpotqa_0915,hotpotqa,At which age Audrey Kathryn Lindvall's super model sister was discover by IMG scout?,14 years old,temporal
musique_0136,musique,Who was president of the united states immediately following the first global war after which indoor toilets became common in America?,Thomas Woodrow Wilson,compositional
hotpotqa_0010,hotpotqa,"Fast Cars, Danger, Fire and Knives includes guest appearances from which hip hop record executive?",Jaime Meline,entity
hotpotqa_0368,hotpotqa,Nakayama Miho no Tokimeki High School included music by the composer best known for the games by what company?,Square Enix,entity
musique_0807,musique,When did the season of Grey's Anatomy when Derek died air?,"September 25, 2014",temporal
squad_0122,squad,How many faculty members were at Notre Dame when Hesburgh left the role of president?,950,numerical
musique_0947,musique,Who is the spouse of Big Eye's main director?,Helena Bonham Carter,entity
squad_0138,squad,Which congregation is in charge of the Old College at Notre Dame?,Congregation of Holy Cross,entity
musique_0103,musique,What family does the mother of Louise of Great Britain belong to?,House of Hohenzollern,entity
musique_0197,musique,What is the record label for the singer of Wings of a Dove?,Capitol Records,entity
musique_0062,musique,What does the abbreviation of the agency that officially recognized women's football in 1971 Stand for?,European Championship,entity
musique_0223,musique,When did Denmark join the organization with which the Swiss have brought their economic practices into conformity?,1972,temporal
musique_0259,musique,What year was the largest Presbyterian denomination brought to the state encompassing Lawngtlai district?,1894,temporal
musique_0085,musique,When did Tito first visit the person who laid claim to Eritrea and Italian Somaliland in a letter to Franklin D. Roosevelt?,1954,temporal
musique_0907,musique,Who is the golfer having won the most masters green jackets?,an American retired professional golfer,entity
musique_0138,musique,where was the initial german offensive during the war just before toilets became common in London?,First Battle of the Marne,temporal
squad_0328,squad,Beyonce moved to which town after she left her first elementary school?,Houston,entity
musique_0733,musique,What is the record label for the singer of Vinternatten?,Warner Music,entity
hotpotqa_0830,hotpotqa,Jolen is a member of the race of what type of people created by Marvel Comics?,superhumans,entity
hotpotqa_0378,hotpotqa,"Which air force base is the headquarters for the Eastern Air Defense Sector and located 12 mi east of Panama City, Florida?",Tyndall Air Force Base,entity
musique_0725,musique,Who is the father of the director of Gracie?,Charles Guggenheim,compositional
hotpotqa_0130,hotpotqa,Do musicians Robert Fleischman and Jimmy Barnes have the same nationality?,no,other
squad_0312,squad,What magazine named Beyoncé as the most powerful female musician for 2015?,Forbes,entity
hotpotqa_0203,hotpotqa,"Jonas Hummels is the younger brother of a German professional footballer who plays for the German national team, and who else?",Bayern Munich,entity
hotpotqa_0256,hotpotqa,"The Time: Night, is a novella by which Russian writer, novelist and playwright?",Lyudmila Stefanovna Petrushevskaya,entity
musique_0170,musique,How many WWE championships did the winner of the 2018 WWE elimination chamber win?,three,numerical
squad_0213,squad,Which internet radio station of Notre Dame is served as an internet stream?,WVFI,entity
musique_0267,musique,What year was the largest Presbyterian denomination brought to the place where North Lungpher is located?,1894,temporal
hotpotqa_0991,hotpotqa,When was the man who was filmed by his brother and friend as he built a romantic relationship on Facebook born?,"September 26, 1984",temporal
musique_0690,musique,Where did the person who urged the Virginia house of burgesses to condemn the Stamp Act deliver his memorable speech?,St. John's Church,entity
hotpotqa_0370,hotpotqa,Robinsons and Pocari Sweat are both what kind of product?,drink,entity
musique_0214,musique,What was the main subject of the book named for the author of Four Score and Seven Years Ago?,American Civil War,compositional
hotpotqa_0193,hotpotqa,What suburban county on Long Island and the easternmost county in the U.S. state of New York is the location of a village called Lindenhurst?,Suffolk County,entity
musique_0337,musique,When did the founding member of the royal academy of painting and sculpture die?,1820,temporal
hotpotqa_0982,hotpotqa,"In what year did Tim Gaines leave the band whose eleventh release was ""The Roxx Regime Demos""?",2004,compositional
musique_0602,musique,Who is the sibling of the creator of The Disquieting Muses?,Alberto Savinio,compositional
musique_0380,musique,What is the meaning of the location once known as Persis?,Old Persian as Pars,entity
musique_0201,musique,When did we decide to leave the organization that has completely surrounded Switzerland and Liechtenstein since 1995?,23 June 2016,temporal
hotpotqa_0047,hotpotqa,What male actor starred in The Messenger?,Robert Sheehan,entity
musique_0325,musique,Who did Miley play in the episode 'Achy Jakey Heart'?,Miley Stewart,entity
musique_0954,musique,Who designed the place where Ognissanti Madonna can be found?,Giorgio Vasari,entity
squad_0324,squad,Beyoncé is a descendant of which Acadian leader?,Joseph Broussard.,entity
hotpotqa_0249,hotpotqa,West Ridge and the ridge that has IndependenceAvenue/Liberation Avenue as its eastern boundary are separated by what road? ,Castle Road,compositional
hotpotqa_0169,hotpotqa,"Canton Road Station was a planned railway station on the Kowloon Southern Link of West Rail Line, that was to run beneath a large shopping mall located where?","Tsim Sha Tsui, Hong Kong",entity
hotpotqa_0238,hotpotqa,"Atoms for Peace are an English-American experimental rock supergroup comprising Radiohead singer Thom Yorke, is an English musician and composer, best known as the singer and principal songwriter of w",Radiohead,entity
hotpotqa_0245,hotpotqa,Who was born first George Marshall or Allan Dwan ?,Allan Dwan,temporal
hotpotqa_0023,hotpotqa,How old is the female main protagonist of Catching Fire?,16-year-old,numerical
hotpotqa_0752,hotpotqa,What type of a scholar was the rabbi who asked Rabbi Dovid Povarsky to join the previous two heads of the institute?,Torah and Talmudic scholar,entity
hotpotqa_0911,hotpotqa,How many caps for England did Lee Devonshire's son win ?,eight,numerical
squad_0443,squad,What was the lead single for the Dreamgirls soundtrack?,Listen,entity
hotpotqa_0782,hotpotqa,Márcio Borges was from the second most populous municipality in what country?,Brazil,compositional
musique_0718,musique,When did the author of The Principles of Psychology die?,1910,temporal
squad_0370,squad,Who was blamed for Luckett and Roberson leaving Destiny's Child?,Beyoncé,entity
squad_0400,squad,Beyonce's first album by herself was called what?,Dangerously in Love,entity
hotpotqa_0353,hotpotqa,"Which actress plays both Iris Carr in The Lady Vanishes, and Riley Blue in Sense8?",Tuppence Middleton,entity
musique_0220,musique,What title is used for the leader of the church that the Anglican Church separated from during the Protestant Reformation?,"the Bishop of Rome, who is known as the Pope",compositional
hotpotqa_0619,hotpotqa,True Williams was the first to illustrate which title character of a Mark Twain novel?,"Thomas ""Tom"" Sawyer",entity
musique_0668,musique,How many members are there in the group that imposed sanctions against Iran because of their nuclear program?,fifteen,numerical
hotpotqa_0812,hotpotqa,In which films does Disha Patani who starred in M.S. Dhoni: The Untold Story appear?,Hindi and Telugu films,compositional
musique_0699,musique,How many county commissioners does the county where Arcadia is located have?,three,numerical
hotpotqa_0243,hotpotqa,What is the name of the architect who designed the Lincoln Memorial dedicated in 1922?,Henry Bacon,entity
hotpotqa_0069,hotpotqa,El Nuevo Cojo and Golf Magazine are both special interest publications but which one is owned by Time Inc?,Golf Magazine,entity
musique_0764,musique,On what date did the child of Qian Liu die?,941,temporal
hotpotqa_0827,hotpotqa,"Which series aired first, Auction Kings or Pawn Stars?",Pawn Stars,temporal
hotpotqa_0304,hotpotqa,"Who acted in ""Shanghai Knights"" and voiced Lightning McQueen in the ""Cars"" franchise?",Owen Wilson,entity
hotpotqa_0888,hotpotqa,"Which documentary, Crumb or Cancer, was produced first?",Crumb,temporal
musique_0215,musique,"What was the opening date of the museum dedicated to the war that, after it occurred, Boston became one of the wealthiest international ports?","April 19, 2017",compositional
hotpotqa_0693,hotpotqa,"What was a single released in 1959 and peaked at number 4 on the ""Billboard"" Hot 100, performed by an American country-influenced rock and roll duo, known for steel-string acoustic guitar playing and ",'Till) I Kissed You,entity
musique_0055,musique,When was the alma mater of Rosalind Plowright founded?,1972,temporal
hotpotqa_0240,hotpotqa,What is the nationality of the singer-songwriter who wrote the poetry collection Early Work ?,American,entity
musique_0324,musique,When did the agency working on USRA Light Santa Fe end?,1920,temporal
hotpotqa_0367,hotpotqa,what the real name of the welsh electronic music producer DJ who have been visited the night club called Flex in vienna hundreds of times?,Lincoln Barrett,entity
hotpotqa_0970,hotpotqa,What 2014 American 3D computer-animated musical fantasy adventure comedy film features a song recorded by British singer Leah McFall?,The Book of Life,entity
hotpotqa_0728,hotpotqa,"Allkpop is a blog based in what Bergen County, New Jersey borough?",Edgewater,entity
hotpotqa_0196,hotpotqa,Who won a Nobel Prize in 1943 and is associated with Max Volmer?,Otto Stern,entity
hotpotqa_0115,hotpotqa,What type of vegetation does Kniphofia and Baptisia have in common?,plant,other
musique_0436,musique,Who is the spouse of the person who suggested that the ratio of silver to gold should be fixed?,Elizabeth Schuyler Hamilton,compositional
musique_0619,musique,Where did the actor and screenwriter of Bulworth attend school?,Northwestern's School of Communication,entity
musique_0330,musique,When did the company which brought the game of cricket to India take over India?,1757,temporal
musique_0646,musique,"In the Princess Diaries, who did the actress of Kate's mother on This is Us play?",Lana Thomas,compositional
musique_0909,musique,Who is the golfer with the most major golf titles?,an American retired professional golfer,entity
musique_0178,musique,What is the enrollment at the university where Beneficence is located?,"22,513 students",numerical
hotpotqa_0741,hotpotqa,Who writes poetry such as Glaring Through Oblivion as well as leading the heavy metal band System Of A Down?,Serj Tankian,entity
squad_0003,squad,What is the Grotto at Notre Dame?,a Marian place of prayer and reflection,entity
musique_0705,musique,How many county commissioners are there for the county where the city of Warr Acres is located?,three,numerical
hotpotqa_0446,hotpotqa,James Mulgrew is the star of which comedy sketch show?,And There's More,entity
musique_0596,musique,What school did the director of Reds attend?,Northwestern's School of Communication,entity
musique_0476,musique,where is the water lily pond by the creator of La Promenade located?,his flower garden at his home in Giverny,entity
musique_0921,musique,Who founded the company which makes DECSYSTEM-20?,Ken Olsen,entity
hotpotqa_0988,hotpotqa,"An operatic commedia in three acts that is by an Italian Baroque composer who was famous for operas and chamber cantatas, was first performed where?",Teatro dei Fiorentini,entity
hotpotqa_0904,hotpotqa,"Editors and Working for a Nuclear Free City, is of which nationality?",English,entity
musique_0848,musique,What secondary school was attended by the backing vocal singer on You're So Vain?,Dartford Grammar School,entity
musique_0182,musique,When was the inception of the record label of Planningtorock?,2001,temporal
hotpotqa_0335,hotpotqa,"Richard Yates published a work by the name of ""Eleven Kinds of Loneliness"", one of Italo Calvino's best known works was of the same genre and named what?","""Cosmicomics""",compositional
hotpotqa_0937,hotpotqa,Plastic is a British-American action comedy-crime film starring an English actress best known for playing the role of Hannah Ashworth in what long-running soap opera?,Hollyoaks,entity
hotpotqa_0622,hotpotqa,"When did the British/Irish digital television channel, which features Spliced, first launch?",22 July 2002,temporal
musique_0808,musique,When did Admiral Twin open in the American Theatre Company's city?,1998,temporal
musique_0188,musique,What year did the person who resigned due to the attempt on Napoleon's life die?,1865,compositional
musique_0936,musique,What standard is described by the dominant scheme for internal processing?,ISO 8859-1,entity
hotpotqa_0268,hotpotqa,"Who was born first, Joe Manganiello or Kirk Kerkorian?","Kerkor ""Kirk"" Kerkorian",temporal
hotpotqa_0199,hotpotqa,What type of species is a Boreo-arctic Montane species found in the most northerly of the abstract five major circles of latitude as shown on maps of the Earth?,beetle,compositional
hotpotqa_0806,hotpotqa,Frederic de Hoffmann assisted which Hungarian-American physicist in the development of the hydrogen bomb?,Edward Teller,entity
musique_0317,musique,What year was the death of the monarch who was the intended audience of the First Continental Congress?,1820,temporal
musique_0449,musique,Who is the spouse of the author of James and the Giant Peach?,Patricia Neal,compositional
hotpotqa_0578,hotpotqa,Them Crooked Vultures and The Vines are both part of what music genres?,Rock,other
hotpotqa_0579,hotpotqa,Who was the former wife of the American musician who led the band Kings of Rhythm?,Tina Turner,compositional
musique_0081,musique,When did the roof gardens above the city where the Albert Memorial and Royal Albert Hall is located open to the public?,1980s,temporal
musique_0964,musique,When did the manufacturer of Aspen Soda change from sugar to corn syrup?,the 1980s,temporal
squad_0030,squad,What is the title of Notre Dame's Theodore Hesburgh?,President Emeritus of the University of Notre Dame,entity
hotpotqa_0801,hotpotqa,What is the name of the widow of the earl who served as both Foreign Secretary and Prime Minster from 1955 to 1957?,Anne Clarissa Eden,compositional
musique_0458,musique,Who did the actor voicing Afro Samurai play in Star Wars?,Mace Windu,compositional
musique_0516,musique,When did the winner of the 2005 Master Tournament win his last PGA tournament?,2007,temporal
musique_0882,musique,"What family does the naked-backed fruit bat, found in the birthplace of Conrad Gozzo, belong to?",Dobsonia,compositional
hotpotqa_0691,hotpotqa,Which jury member for Deutschland sucht den Superstar was an American model and choreographer born in 1957?,Bruce Darnell,entity
hotpotqa_0803,hotpotqa,"""From Eden"" is a number 2 song from the Irish Singles Chart that came from what album that was released on September 19th?",Hozier,compositional
musique_0122,musique,Where was the artist of Honeyburst born?,Copenhagen,entity
hotpotqa_0044,hotpotqa,"Who was born first, Francis Nethersole or Elizabeth Stuart?",Sir Francis Nethersole,temporal
hotpotqa_0326,hotpotqa,Which court case concerned the president of the Foundation of Moral Law and a stone monument of the Ten Commandments?,Glassroth v. Moore,entity
hotpotqa_0612,hotpotqa,What Emmy Award winner worked on Miles from Home?,Gary Sinise,entity
squad_0354,squad,The name Destiny's Child was based on a quote in which book of the Bible?,Book of Isaiah,entity
hotpotqa_0998,hotpotqa,When did the politician who represented the electoral district in Sydney's West resign from his political party?,2015,temporal
hotpotqa_0366,hotpotqa,Who wrote the song that was sung to the famous tune of the composer known as the Father of the Symphony?,Ottokar Kernstock,compositional
musique_0994,musique,The Asian games were most recently held in the city where the National Physical Laboratory in India in what year?,1982,temporal
hotpotqa_0460,hotpotqa,"How many weeks did the lead single from Culture Beat's second studio album spend at number one on the ""RPM"" Dance chart in Canada?",ten weeks,numerical
hotpotqa_0431,hotpotqa,"The Pantanal is a mid-size pickup truck made by the Brazilian off-road vehicle manufacturer Troller Veículos Especiais S/A, a manufacturer of off-road vehicles in which country, from 2006 to 2008?",Brazil,entity
squad_0448,squad,"For which decade, did Beyonce have more top ten songs than any other woman?",2000s,temporal
musique_0709,musique,Where is the city that was the capital of the asante kingdom after unification in the late 17th century?,Kumasi Metropolitan Assembly,entity
musique_0732,musique,On what date did the father of Quan Hongzun die?,941,temporal
squad_0168,squad,How many years long was a scientific course under Patrick Dillon at Notre Dame?,six years,numerical
squad_0431,squad,"Who collaborated with Beyoncé on the single, Deja Vu?",Jay Z,entity
musique_0013,musique,What type of university is the college Kyeon Mi-ri attended?,private university,entity
hotpotqa_0441,hotpotqa,What genre is The Warriors Gate?,action,entity
musique_0653,musique,Who sings Meet Me In Montana with the singer of This Is the Way That I Feel?,Dan Seals,compositional
squad_0387,squad,"Who did Beyonce record the lead single with in the movie ""The Fighting Temptations""?",Missy Elliott,entity
musique_0175,musique,"How many times has the wrestler who won the WWE Elimination Chamber in 2018, won the WWE Championship?",three,numerical
hotpotqa_0560,hotpotqa,The 34th Foot Regiment was sent to fight who?,Americans,entity
musique_0412,musique,What does the name of the province where Sahray-ye Bagh District is located mean?,Old Persian as Pars,compositional
musique_0028,musique,In what language is the star of Koyelaanchal fluent?,Hindi,entity
squad_0472,squad,Which thriller film did Beyoncé star in with Ali Larter?,Obsessed.,entity
hotpotqa_0655,hotpotqa,What tribe what American Horse a part of?,"American Horse (Oglala Lakota: ""Wašíčuŋ Tȟašúŋke"" in Standard Lakota Orthography",entity
musique_0911,musique,What is the occupation of the man who won the most majors in golf?,an American retired professional golfer,entity
musique_0655,musique,What is the name of the sibling to the artist who created Gare Montparnasse?,Alberto Savinio,compositional
hotpotqa_0298,hotpotqa,What is found in Prochlorococcus and essential for photosynthesis?,Chlorophyll,entity
musique_0715,musique,Who founded the republic from which the idea of representative democracy comes?,L. Junius Brutus,compositional
musique_0231,musique,Who did the Han Chinese want to the help the people who established the vice royalty of the Sakya regime fight?,the Jin,entity
musique_0805,musique,What league does the team Gene Kiniski was a member of play in?,Canadian Football League,entity
hotpotqa_0933,hotpotqa,When was the director of King of the Dancehall born?,"October 8, 1980",temporal
squad_0389,squad,What film did Beyonce appear in with Mike Myers?,Austin Powers in Goldmember,entity
hotpotqa_0448,hotpotqa,"Q: What venue, also called the ""Convent Garden,"" did Adrian Boult conduct for?",The Royal Opera House,entity
musique_0845,musique,When did the season of Grey's Anatomy where Derek Shepard died begin filming?,"filming for the eleventh season would begin on July 25, 2014",temporal
hotpotqa_0296,hotpotqa,"Which guest who appeared in the album ""Animal Ambition"" was born with the name Albert Johnson? ",Prodigy,entity
musique_0931,musique,Who founded the company that makes Rainbow 100?,Ken Olsen,compositional
squad_0433,squad,What movie did Beyonce act in 2006?,The Pink Panther,entity
musique_0102,musique,When was the record label that released Buried In Your Black Heart created?,2003,temporal
hotpotqa_0018,hotpotqa,"Dua Lipa, an English singer, songwriter and model, the album spawned the number-one single ""New Rules"" is a song by English singer Dua Lipa from her eponymous debut studio album, released in what year",2017,temporal
squad_0124,squad,Which role did Charles Sheedy have at Notre Dame?,Dean of Arts and Letters,entity
squad_0316,squad,Beyonce's childhood home believed in what religion?,Methodist,entity
squad_0346,squad,What was the name of the first group Beyoncé was a part of?,Girl's Tyme,entity
musique_0209,musique,Where were the establishers of the vice royalty of the Sakya regime trying to raise?,Ming China,entity
musique_0606,musique,Who sang Meet Me in Montana with the performer of I Only wanted You?,Dan Seals,compositional
musique_0359,musique,What position did the prime minister serving when britain joined the common market hold?,Prime Minister of the United Kingdom,compositional
musique_0064,musique,Where did the team that won the MLB World Series in 2007 get Brandon Phillips from?,Los Angeles Angels,compositional
hotpotqa_0258,hotpotqa,Which mentor in the 3rd Sa Re Ga Ma Pa Challenge died in Kokilaben hospital?,Aadesh Shrivastava,entity
hotpotqa_0747,hotpotqa,What album did a Danish-born Montenegrin singer born in 1971 release in late spring 2008?,Kosači,compositional
hotpotqa_0654,hotpotqa,A theoretical explanation  of the Wien effect has been proposed by a man awarded the Nobel Prize in Chemistry in what year?,1968,temporal
hotpotqa_0867,hotpotqa,Where was the British singer-songwriter who composed The Princess Bride's soundtrack born?,Glasgow,compositional
hotpotqa_0794,hotpotqa,"What British rock band is responsible for bolstering Quiet Riot's hit ""Mental Health?""",Slade,entity
musique_0703,musique,The number of commissioners for the county that includes Valley Brook is what?,three,numerical
musique_0096,musique,Where did the author of Memórias Póstumas die?,Rio de Janeiro,entity
squad_0374,squad,"How many weeks did their single ""Independent Women Part I"" stay on top?",eleven,numerical
hotpotqa_0126,hotpotqa,Jo Ann Terry won the 80m hurdles event at what Sao Paulo-based event from 1963?,Pan American Games,entity
hotpotqa_0636,hotpotqa,"An American theoretical physicist who worked in particle physics and cosmology, she was also known as the Frank B. Baird, Jr., was a former guest on a podcast that was described as ""a think tank promo",2005,temporal
musique_0588,musique,Who is the brother of the developer of Buffy the Animated Series?,Jed Whedon,compositional
musique_0181,musique,Who is the mother of the director of Rogue Trader?,Melissa Stribling,compositional
hotpotqa_0778,hotpotqa,"who voiced the  cartoon character in the animated television series which , Pablo Aurrecochea wears kits adorned with its cartoon characters",Dan Castellaneta,compositional
hotpotqa_0641,hotpotqa,What is the Soninke language meaning of the name of the democracy that is home to Kumasi Airport?,"""Warrior King""",compositional
squad_0170,squad,How many undergrad students attend the College of Science at Notre Dame today?,"over 1,200",numerical
hotpotqa_0753,hotpotqa,"A Suitable Girl is an upcoming novel by Vikram Seth, which is a sequel to his 1993 book ""A Suitable Boy"", Vikram Seth ( born June 20, 1952) is an Indian novelist and what ?",poet,entity
musique_0173,musique,what language is spoken by the actress who decided not to participate in April 15?,Hindi,compositional
hotpotqa_0237,hotpotqa,"Which tennis player has received a higher World singles ranking, Xavier Malisse or Virginia Wade?",Virginia Wade,other
hotpotqa_0385,hotpotqa,What other real life boxer did Mike Williams act with in Rocky V?,Tommy Morrison,entity
musique_0212,musique,What do most consider to be the event that ended the country that Titus Lucretius Tricipitinus held a citizenship?,Roman Senate's grant of extraordinary powers to Octavian,other
hotpotqa_0696,hotpotqa, Meg is an upcoming American film staring a former what?,MTV VJ,entity
musique_0605,musique,Who sings with the performer of It Would Be You on Every Storm?,Co-writer Hillary Lindsey,compositional
squad_0483,squad,How many nominations did Beyoncé receive at the 52nd Grammy Awards ceremony?,ten,numerical
squad_0367,squad,How long was Beyonce depressed?,a couple of years,temporal
hotpotqa_0595,hotpotqa," Jessica, is the second single from York-based rock band Elliot Minor, the band wrote this song out of their affection for which American actress and businesswoman?",Jessica Marie Alba,entity
musique_0434,musique,When did the performer of The Promise of a New Day quit as a judge?,before season nine,temporal
hotpotqa_0530,hotpotqa,Summit1g started streaming the battle royale game published by which company?,PUBG Corp.,entity
hotpotqa_0457,hotpotqa,"What football club has won 3 UFEA Super Cups, and has also employed Scottish footballer Hugh ""Hughie"" Clifford?",Liverpool Football Club,compositional
hotpotqa_0477,hotpotqa,Which American animated television series created by Trey Parker and Matt Stone features a character called Butters who thinks up schemes to take over the world in its 86th episode?,South Park,compositional
hotpotqa_0894,hotpotqa,When was the 15th pick of the 2011 NFL born ?,"July 24, 1989",temporal
musique_0150,musique,In which year did the manufacturer of the Nord 1500 Griffon end?,1970,temporal
musique_0315,musique,When did the author of A Defence of Poetry die?,8 July 1822,compositional
musique_0932,musique,What award did the author of Bonfire of the Vanities receive?,Jefferson Lecture,compositional
musique_0731,musique,When did the admiral twin open in the city where Oral Roberts University is located?,1998,temporal
musique_0989,musique,What standard is described by the scheme that is used almost exclusively for building new information processing systems?,ISO 8859-1,entity
squad_0143,squad,Which person oversaw the creation of a science hall at Notre Dame in 1883?,Fr. Zahm,entity
squad_0015,squad,How many BS level degrees are offered in the College of Engineering at Notre Dame?,eight,numerical
musique_0791,musique,What league did the team Ken Reed was a member of play in?,Canadian Football League,entity
musique_0230,musique,Henry Cromwell's father began burying national figures in the abbey starting with whom?,Admiral Robert Blake,entity
squad_0104,squad,Notre Dame students had a showdown in 1924 with which anti-catholic group?,the Ku Klux Klan,entity
hotpotqa_0458,hotpotqa,Garth Jennings and Lee Cheol-ha shared what occupation?,film director,entity
hotpotqa_0681,hotpotqa,Mark Geragos was involved in the scandal that took place in what decade?,1990s,temporal
hotpotqa_0185,hotpotqa,Jayantabhai Ki Luv Story includes a lead role for the film actress and model who is a native of what city?,Bihar,entity
squad_0305,squad,What magazine rated Beyonce as the most powerful female musician in 2015?,Forbes,entity
squad_0247,squad,What songs does the trumpet section of the Band of the Fighting Irish play preceding home football games?,the Notre Dame Victory March and the Notre Dame Alma Mater,entity
squad_0032,squad,To whom was John B. Kroc married?,Ray Kroc,entity
hotpotqa_0278,hotpotqa,"George Palmer Putnam, was an American publisher, author and explorer, known for his marriage to who, which American aviation pioneer and author, and was the first female aviator to fly solo across the",Amelia Earhart,entity
squad_0281,squad,When did Beyoncé rise to fame?,late 1990s,temporal
hotpotqa_0252,hotpotqa,"Die Meistersinger von Nürnberg and Iphigénie en Aulide, are which type of music drama?",opera,entity
musique_0373,musique,In what century did the person after who Saint-Nicolas church is named become the influence for red being worn by Santa Claus?,4th,compositional
musique_0456,musique,What new residential powers did the agency that pioneered DNA testing now have?,search a house while the residents are away,other
musique_0648,musique,Who sings Meet Me in Montana with the performer of Steppin' Stone?,Dan Seals,entity
hotpotqa_0527,hotpotqa,"Mark Rankin and Cedric Bixler-Zavala, band is what type genre?",rock,other
squad_0386,squad,Beyonce starred with Cuba Gooding Jr. in which film?,The Fighting Temptations,entity
hotpotqa_0574,hotpotqa,"The actress that plays Amber in the sitcom ""The Old Guys"" received a BAFTA TV Award in 2014 for her role in what tv show?","""The IT Crowd""",entity
squad_0330,squad,I which church was Beyonce  a member and soloist  in the choir?,St. John's United Methodist Church,entity
hotpotqa_0668,hotpotqa,"Tripel was the strongest beer in their range, in 1956, served at a Trappist brewery in what country?",Belgium,entity
hotpotqa_0328,hotpotqa,in the 2003-04 Wolfsburg signed a starlet from River Plate who plays in what position ?,attacking midfielder,entity
hotpotqa_0059,hotpotqa,"""Funnybot"" is the second episode of the fifteenth season of which American animated television series, created by Trey Parker and Matt Stone?  ",South Park,entity
hotpotqa_0890,hotpotqa,"What language was the radio station which played oldies from artists such as Leopoldo Dante Tévez, broadcasted in?",Spanish,other
musique_0938,musique,Who is the spouse of the actress who plays the Queen of Hearts in Alice and Wonderland?,Tim Burton,entity
hotpotqa_0183,hotpotqa,"How many German scientists, engineers, and technicians, were recruited in post-Nazi Germany as a result of the clandestine operation where Arthur Rudolph became one of the main developers of the U.S. ","more than 1,600",numerical
squad_0157,squad,In what year did Notre Dame first have a facility in England?,1968,temporal
musique_0576,musique,In what year did the performers of Everytime You Sleep form their band?,1985,temporal
hotpotqa_0433,hotpotqa,What is the name of this policy of favoring members of a disadvantaged group who suffer or have suffered from discrimination within a culture of which Black Economic Empowerment is a form? ,Affirmative action,entity
musique_0852,musique,Who is the front man of the band that recorded Apple Venus Volume 1?,Andy Partridge,entity
hotpotqa_0493,hotpotqa,"What American composer who died in 1978 was associated with an American Opera Company located in Jackson, Mississippi?",William Grant Still,entity
musique_0107,musique,when was the last Super Bowl won by the team the Patriots lost to in the Super Bowl?,2011,compositional
musique_0636,musique,Who performed live on the broadcast network that would air matches on the radio?,Fleetwood Mac,entity
musique_0815,musique,What date was the start of the season of Grey's Anatomy where Eric died?,"September 25, 2014",temporal
hotpotqa_0236,hotpotqa,"What magazine an American monthly food and lifestyle magazine founded in 1987, Cooking Light or Hot Rod?",Cooking Light,entity
squad_0391,squad,"What genre of movie did Beyonce star in with Cuba Gooding, Jr?",musical comedy,entity
squad_0243,squad,How many seats are in Notre Dame Stadium?,"80,795",numerical
squad_0095,squad,"In 1919 a new president of Notre Dame was named, who was it?",Father James Burns,temporal
musique_0123,musique,Who published the work that Bosko is present in?,Warner Bros.,compositional
musique_0378,musique,"In what century did the saint that San Nicolò dei Mendicoli is named after, become the influence for red being worn by Santa Claus?",4th,temporal
musique_0946,musique,Where did the writer of In the Hall of the Mountain King die?,Bergen,compositional
squad_0089,squad,In what year was the Main Building at Notre Dame razed in a fire?,1879,temporal
musique_0019,musique,Where did Peter and Paul Fortress' designer die?,Saint Petersburg,entity
hotpotqa_0261,hotpotqa,Are David Gordon Green and Larry Hagman both actors?,no,other
hotpotqa_0065,hotpotqa,"The Golden Globe Award winner for best actor from ""Roseanne"" starred along what actress in Gigantic?",Zooey Deschanel,compositional
musique_0033,musique,What language did the leader of the least radicalized faction use?,Chinese,compositional
musique_0171,musique,Who was the first person to carry the torch in Manuel John Johnson's birthplace?,Leong Hong Man,entity
squad_0103,squad,"Catholic people identified with Notre Dame, what religious group did people feel Yale represented?",the Protestant establishment,entity
hotpotqa_0293,hotpotqa,"What host of The Voice UK was in ""Doctor Who""?",Reggie Yates,entity
hotpotqa_0399,hotpotqa,"In which theatre of New York City did a play, described as Marxism but using the figure from a Christmas pantomime in the United Kingdom, perform?",Adelphi Theatre,entity
squad_0257,squad,"In what year did ""Notre Dame Victory March"" get copyrighted?",1928,temporal
hotpotqa_0601,hotpotqa,What sport does Pieter Nys and Fortuna Sittard have in common?,football,compositional
musique_0681,musique,How many episodes featured the Menendez brothers in the show Joe Fontana stars in?,eight,numerical
musique_0498,musique,Who is the mother of the last Democratic presidential candidate to win any counties in Oklahoma?,Pauline LaFon Gore,compositional
squad_0379,squad,Independent Women Part I was on which 2000 film's soundtrack?,Charlie's Angels.,entity
musique_0613,musique,Who is the spouse of the cast member of La Boum?,Christopher Lambert,entity
hotpotqa_0975,hotpotqa,"The 2007 FIFA U-20 World Cup was the sixteenth edition of the FIFA U-20 World Cup (formerly called FIFA World Youth Championship), hosted by Canada held during which span of dates, Argentine player Se",30 June to 22 July 2007,temporal
musique_0942,musique,What year did the league start for the sport with a team named the New Broughton Rangers?,1895,temporal
musique_0671,musique,For how long did the radio match broadcaster alternate different broadcasting systems?,six months,temporal
hotpotqa_0166,hotpotqa,What nationality was a  historical drama film directed by?,Argentine,other
musique_0254,musique,What does the word mean that is a major part of Buddhism that rejects bardo?,The School of the Elders,entity
hotpotqa_0819,hotpotqa,"What band from Savannah, Georgia did the singer singer John Dyer Bailey sing for?",Baroness,entity
squad_0048,squad,What percentage of Notre Dame students decide to study abroad?,57.6%,numerical
musique_0242,musique,When did the performers of Niki FM form?,2001,temporal
hotpotqa_0478,hotpotqa,"Which stadium hosts the rivalry game between the all-male, historically African American College located in Atlanta and Tuskegee?",J. McClung Memorial Stadium,entity
musique_0995,musique,What was a notable work by the person who influenced the development of the new journalism movement in the U.S.?,The Electric Kool-Aid Acid Test,compositional
musique_0894,musique,When did Denmark join the market where 6th gen iPods limited the highest volume of the player?,1972,temporal
hotpotqa_0666,hotpotqa,"What was the franchise, in which Anton Šťastný played 9 seasons, renamed after moving in 1995?",Colorado Avalanche,compositional
hotpotqa_0093,hotpotqa,The Thoen Stone is on display at a museum in what county?,Lawrence County,entity
hotpotqa_0737,hotpotqa,"Steve Jones and Blag Dahlia, have which occupation in common?",singer,entity
musique_0297,musique,Who is the wife of Kim Jong-chul?,Kim Jong-suk,entity
squad_0222,squad,"There is a conference that the male hockey team of Notre Dame competes in, what is it?",Hockey East,entity
hotpotqa_0659,hotpotqa,"Which was founded first, Stellenbosch University or Wayne State University?","Founded in 1868, WSU consists of 13 schools and colleges offering nearly 350 pro",temporal
musique_0306,musique,In what year was the termination of the company that worked on USRA Light Pacific?,1920,temporal
musique_0497,musique,Who is the child of the United States Vice President which Donald Moffat played?,Lynda Bird Johnson Robb,entity
hotpotqa_0384,hotpotqa,Who was the husband of the first olympic gymnast to be awarded a perfect score of 10.0?,Bart Conner,compositional
squad_0175,squad,Which prestigious prize does the School of Architecture at Notre Dame give out?,Driehaus Architecture Prize,entity
hotpotqa_0846,hotpotqa,What type of vegetation does Cerastium and Pavonia have in common?,plants,other
musique_0054,musique,What is the name of the airport in the city where the torch event was held in Vietnam?,Tân Sơn Nhất International Airport,compositional
hotpotqa_0973,hotpotqa,Who was the director of the 2004 French action film for which Tony D'Amario is best known?,Pierre Morel,entity
musique_0349,musique,What year did Prince Albert of Great Britain's father die?,1820,temporal
musique_0405,musique,who was the spouse of the politician that wrote the majority of the federalist papers?,Elizabeth Schuyler Hamilton,compositional
musique_0266,musique,What is the meaning of the name for the field of work practiced at Wat Ananda Metyarama Thai Buddhist Temple?,The School of the Elders,entity
hotpotqa_0925,hotpotqa,Emilio Botin was a banker that ran an institution that merged with what group?,Santander Group,entity
musique_0665,musique,"The computer language that came about as a result of the looping problem, is partially named after whom?",Michael Widenius's daughter,entity
musique_0760,musique,When did the author of The Varieties of Religious Experience die?,1910,temporal
musique_0432,musique,When was Neville A. Stanton's employer founded?,1862,temporal
hotpotqa_0572,hotpotqa,In what year did the submarine that sank the Tsushima Maru open to public tours?,1981,temporal
musique_0086,musique,In what era did The Presbyterian Church in the country whose government disagreed on the language used to describe the torch route experience a large growth in members?,era of Guomindang,temporal
hotpotqa_0251,hotpotqa,"Who completed more books in their lifetime, Anne Frank or John Kennedy Toole?",John Kennedy Toole,other
musique_0232,musique,Where did the leader of the Non-Cooperation movement in South India spend his final 144 days?,Gandhi Smriti,entity
hotpotqa_0052,hotpotqa,"Lee Jun-fan played what character in ""The Green Hornet"" television series?",Kato,entity
squad_0153,squad,In what year did Notre Dame create the Office of Sustainability?,2008,temporal
musique_0698,musique,What is the parliament for the town that was once known as Coomassie?,Kumasi Metropolitan Assembly,entity
hotpotqa_0822,hotpotqa,"Born on the Fourth of July is a 1989 American biographical war drama film based on the best-selling autobiography of the same name by which Vietnam War veteran, and an American anti-war activist, writ","Ronald Lawrence ""Ron"" Kovic",entity
musique_0430,musique,Where did Mok Kwai-lan's spouse die?,Canton,entity
hotpotqa_0935,hotpotqa,"What is a song from the 1966 Broadway musical with music by Cy Coleman, lyrics by Dorothy Fields and book by Neil Simon directed and choreographed for Broadway by Bob Fosse starring his wife and muse ",If My Friends Could See Me Now,compositional
hotpotqa_0006,hotpotqa,Which genus of moth in the world's seventh-largest country contains only one species?,Crambidae,compositional
squad_0036,squad,In what year was the Theodore M. Hesburgh Library at Notre Dame finished?,1963,temporal
hotpotqa_0676,hotpotqa,What college did the Chiefs all time leading rusher attend?,University of Texas,entity
hotpotqa_0729,hotpotqa,What award did a single from the first Foo Fighters album to feature Chris Shiflett win?,Grammy Award,compositional
hotpotqa_0117,hotpotqa,"Gary Harrison, began his career in the 1970s and has written over how many major-label recorded songs including several number-one hits, another artist who have recorded his work include Bryan White, ",300,numerical
musique_0250,musique,What consortium is the college that Douglas Metcalf attended a member of?,Five Colleges,entity
squad_0408,squad,Which artist was associated with Beyoncé's premiere solo recording?,Jay Z,entity
hotpotqa_0816,hotpotqa,"The 2003 Seattle Seahawks season was the team's 28th season with the National Football League, following the season, which Hall of Fame defensive tackle who played for the Minnesota Vikings, retired?",John Anthony Randle,entity
musique_0528,musique,"What was the release date of the iphone 6s plus, produced by the company that lost the lawsuit vs. Microsoft and Hewlett-Packard?","September 25, 2015",compositional
hotpotqa_0739,hotpotqa,Alain Fossoul played this position whose primary role is to prevent the opposing team from what,scoring goals,other
hotpotqa_0490,hotpotqa,What year was the series published that recounts the adventures of Anne Shirley and published by Scholastic Press?,1908,temporal
hotpotqa_0645,hotpotqa,"Makers: Women Who Make America featured an interview with what talk who host, who was dubbed the ""Queen of all Media""?",Oprah Winfrey,entity
squad_0161,squad,What was Notre Dame's first college?,The College of Arts and Letters,entity
musique_0396,musique,Who is the spouse of the individual who appeared on the $20 bill in 1875?,Elizabeth Schuyler Hamilton,compositional
hotpotqa_0759,hotpotqa,Who founded the knighthood in which Gino Cassinis was part of?,Luigi Einaudi,entity
hotpotqa_0689,hotpotqa,"Dr Donald John Pinkava, is a botanist, specialising in cacti and succulents, and he is the discoverer of some of their varieties, at which public metropolitan research university on five campuses acro",Professor Emeritus,entity
hotpotqa_0879,hotpotqa,"Which Norwegian actress performed in Anton Checkhov's ""Three Sisters"" as well as a three-act play written by Henrik Ibsen set in Norway around 1879?",Gisken Armand Lillo-Stenberg,compositional
musique_0237,musique,Where did the man who returned his British knighthood after the Jalianwala Bagh massacre spend the last days of his life?,Gandhi Smriti,entity
musique_0975,musique,what is the total area in square miles of the city where the national physical laboratory is located in india?,16.5 sq mi,numerical
hotpotqa_0969,hotpotqa,In which city was the American alternative rock band who released the single Blinded formed?,San Francisco,compositional
squad_0444,squad,What was the name of Beyoncé's first international tour?,The Beyoncé Experience,entity
musique_0530,musique,What was the original price for a replacement battery from the losers of the lawsuit of Apple vs Microsoft and Hewlett-Packard?,$99,numerical
musique_0065,musique,What is the name of the reservoir fed by the river that the Vyatka connects to?,Kuybyshev Reservoir,compositional
squad_0487,squad,Beyonce would take a break from music in which year?,2010,temporal
musique_0842,musique,What years did the author of I Wandered Lonely as a Cloud live from?,1770-1850,other
musique_0529,musique,Who paid £15 million to transfer the highest goal scorer in Premier League to their club?,Newcastle United,entity
squad_0223,squad,In what conference did the Fighting Irish take part in in 2012?,Big East Conference,entity
hotpotqa_0432,hotpotqa,Where is the there a small medevial castle,Scotland,entity
musique_0587,musique,Who did the person who played the mother on This Is Us play in The Princess Diaries?,Lana Thomas,compositional
squad_0349,squad,"Who signed the girl group on October 5, 1995?",Dwayne Wiggins's Grass Roots Entertainment,temporal
squad_0148,squad,How many halls are at Notre Dame that house students?,29,numerical
musique_0362,musique,In which county is the town WPWT is licensed in?,Sullivan County,entity
hotpotqa_0014,hotpotqa,"What U.S Highway gives access to Zilpo Road, and is also known as Midland Trail?",US 60,entity
hotpotqa_0544,hotpotqa,"The 2016 Miami Dolphins season was the franchise's 47th season in the National Football League, the 51st overall and the first under head coach Adam Gase, with their Week 15 win over the New York Jets",2016 Kansas City Chiefs season,compositional
hotpotqa_0125,hotpotqa,"Hot Coffee, Mississippi sometimes shares a zipcode with a nearby city with what population at the 2010 census?","2,586",numerical
hotpotqa_0019,hotpotqa,"American politician Joe Heck ran unsuccessfully against Democrat Catherine Cortez Masto, a woman who previously served as the 32nd Attorney General of where?",Nevada,entity
hotpotqa_0206,hotpotqa,Which of the following is best known for publicly championing a terminal patient's right to die via physician-assisted suicide: Christy Canyon or Jack Kevorkian?,"Jacob ""Jack"" Kevorkian",entity
squad_0264,squad,Which Secretary of State attended Notre Dame?,Condoleezza Rice,entity
hotpotqa_0993,hotpotqa,"What city features Endem TV Tower, a 257 m tall tower which once included a revolving restaurant 154 m above ground as well as Cağaloğlu Hamam, the last of its kind public hamam built in 1741 to raise","Istanbul, Turkey",entity
musique_0656,musique,What region is the city encompassing KNSK located?,Webster County,entity
hotpotqa_0480,hotpotqa,Who is the current world record holder in high jump and uncle of Lorenzo Sotomayor Collazo? ,Javier Sotomayor,entity
musique_0199,musique,When did the college Danny Manning played for start issuing engineering degrees?,1873,temporal
hotpotqa_0060,hotpotqa,"Which private research university is located in Chestnut Hill, Massachusetts Boston College or Stanford University? ",Boston College,entity
hotpotqa_0700,hotpotqa,What is the busiest Amtrak route that does not stop at either Lortorn Station?,The Northeast Regional,other
squad_0337,squad,Who decided to place Beyonce's group in Star Search the talent show?,Arne Frager,entity
hotpotqa_0566,hotpotqa,Puklo srce is an album by a singer who lives where? ,Belgrade,compositional
hotpotqa_0255,hotpotqa,Where is the company that built Woodvale Historic District located?,"Rockhill Furnace, Pennsylvania",entity
musique_0747,musique,When did the father of Qian Hongzuo die?,941,temporal
hotpotqa_0175,hotpotqa,The mother of the vice chair of Hillary Clinton's 2016 campaign for President is the director of what institue?,Institute of Muslim Minority Affairs,compositional
hotpotqa_0600,hotpotqa,"Who directed Revolver, the 2005 crime thriller starring the English actor Jason Statham?",Guy Ritchie,entity
musique_0750,musique,When was the person who wrote that exciting facts lead to emotions born?,1842,temporal
hotpotqa_0340,hotpotqa,What network did the show on which Kim Roberts played Neeva air on?,FX,compositional
musique_0303,musique,The national railway that developed the USRA Heavy Mikado came to and end in which year?,1920,temporal
musique_0604,musique,Who sings with performer of Today on Every Storm?,Co-writer Hillary Lindsey,compositional
musique_0278,musique,The performer of Nothin But Love also recorded for what record label?,Mercury Records,entity
musique_0950,musique,What subset of the character set that ASCII was incorporated into is used by Windows?,WGL-4 with 652 characters,entity
squad_0082,squad,There are how many dorms for females at Notre Dame?,14,numerical
squad_0313,squad,Beyonce's younger sibling also sang with her in what band?,Destiny's Child,entity
hotpotqa_0531,hotpotqa,"Which documentary was released earlier, Almost Sunrise or 51 Birch Street?",51 Birch Street,temporal
squad_0477,squad,Beyonce tied who for most number one singles by a female?,Mariah Carey,entity
squad_0415,squad,What was the name of the final album of Destiny's Child?,Destiny Fulfilled,entity
hotpotqa_0374,hotpotqa,"Who won the election that ran concurrently with the North Dakota gubernatorial election, 2016?",Donald Trump,temporal
musique_0535,musique,Who paid £15 million to transfer the all time Premier League goal scorer to their club?,Newcastle United,entity
hotpotqa_0120,hotpotqa,Which 1999 French Open - Women's Doubles runner-up was born in Russia on 7 June 1981?,Anna Kournikova,entity
hotpotqa_0411,hotpotqa,Padgate is a suburb of an english town on the banks of the River Mersey whose population was estimated to be 208800 in 2016 but in which unitary authority area is it located?,Cheshire,entity
hotpotqa_0380,hotpotqa,When was the company that publishes the journal Magnetic Resonance Imaging established ?,1880,temporal
musique_0928,musique,The author of Bonfire of the Vanities also wrote what famous non-fiction book?,The Electric Kool-Aid Acid Test,compositional
musique_0161,musique,When did the army that introduced tanks to battlefields in WWI start wearing khaki?,early 1900s,temporal
hotpotqa_0922,hotpotqa,Hoosier Lottery includes the sale of the lottery game offered by how many states?,44,numerical
hotpotqa_0225,hotpotqa,What country of origin does Nick Kroll and Get Him to the Greek have in common?,American,compositional
musique_0029,musique,What instrument did the artiste for Vi skall fara bortom månen play?,violin,entity
hotpotqa_0372,hotpotqa,"What is a resort and National Historic Landmark in Palm Beach, Florida, built from 1924 to 1927 by cereal-company heiress and socialite Marjorie Merriweather Post, that has Magazines available for fre",Mar-a-Lago,entity
hotpotqa_0996,hotpotqa,John Still was a British archaeologist known for his discoveries at an ancient rock fortress located in what country?,Sri Lanka,entity
hotpotqa_0405,hotpotqa,Where is the company based that sold Vodafone it's New Zealand operations?,"Atlanta, Georgia",entity
hotpotqa_0275,hotpotqa,What is the name of the Los Angeles resident who directed a 2016 American superhero film about a surgeon who learns the mystic arts after a career-ending car accident?,Scott Derrickson,entity
musique_0441,musique,Who does the star voice actor of Afro Samurai play in The Avengers?,Nick Fury,compositional
squad_0162,squad,In what year was the The College of Arts and Letters at Notre Dame created?,1842,temporal
squad_0073,squad,How many undergrads were attending Notre Dame in 2014?,"8,448",numerical
musique_0762,musique,In what year was the death of the person who founded the school of functionalism and its primary beliefs?,1910,temporal
squad_0040,squad,What percentage of students were admitted to Notre Dame in fall 2015?,19.7%,numerical
hotpotqa_0882,hotpotqa,"A major character in the 2000 novel ""Storm Front"" had her name changed to what when the novel series was adapted for television?",Connie Murphy,entity
musique_0501,musique,In what language did the most famous student of Bell speak?,English language,entity
musique_0819,musique,On what date did Lady Xu Xinyue's spouse die?,941,temporal
musique_0340,musique,When did the first episode of the series that features Achy Jakey Heart air?,"March 24, 2006",temporal
hotpotqa_0853,hotpotqa,"South Somercotes is a village and civil parish 8 mi north-east from Louth and approximately 2 mi south from which coastal village in the East Lindsey district, and the Marshes area, of Lincolnshire, E",North Somercotes,entity
musique_0075,musique,What language is used by the director of Tiffany Memorandum?,Italian,entity
hotpotqa_0855,hotpotqa,What is the city that Victor Estrada was born in officially know as?,Heroica Matamoros,entity
squad_0357,squad,"What singer did Beyonce record a song with for the movie, ''The Best Man""?",Marc Nelson,entity
musique_0584,musique,what was Michelle Douglas's alma mater called at first?,Carleton College,entity
musique_0788,musique,When did the season of Grey's Anatomy where Derek dies start?,"September 25, 2014",temporal
hotpotqa_0198,hotpotqa,Who is younger Mary Ramsey or Lee Ranaldo ?,Mary Ramsey,other
hotpotqa_0003,hotpotqa, What nationality was James Henry Miller's wife?,American,entity
squad_0356,squad,What song won Best R&B Performance in the 43 Annual Grammy Awards?,Say My Name,entity
squad_0029,squad,What institute at Notre Dame studies  the reasons for violent conflict?,Joan B. Kroc Institute for International Peace Studies,entity
hotpotqa_0013,hotpotqa,In which American football game was Malcolm Smith named Most Valuable player?,Super Bowl XLVIII,entity
musique_0610,musique,Who did So Real's performer play in Princess Diaries?,Lana Thomas,entity
musique_0431,musique,Who wrote a novel with a title named after a road to the city where Abbie Cornett was born?,Robert Ludlum,compositional
musique_0748,musique,What marked the end of where the system of representative government came from?,establishment of the Roman Empire.,other
squad_0278,squad,What was the name of Beyonce's first solo album?,Dangerously in Love,entity
squad_0397,squad,"What musical comedy did Beyoncé star in along with Cuba Gooding, Jr. in 2003?",The Fighting Temptations,entity
musique_0533,musique,what indie/folk act is based in Miami along with the singer of 'Cross Bones Style'?,Iron & Wine,entity
squad_0274,squad,In what R&B group was she the lead singer?,Destiny's Child,entity
squad_0236,squad,What university is Notre Dame tied with in terms of most Heisman Trophy winners?,Ohio State University,entity
hotpotqa_0705,hotpotqa,In what country is both Faxe and Heineken brewed in?,Denmark,entity
musique_0590,musique,Who sings Meet Me in Montana with the performer of I Only Wanted You?,Dan Seals,entity
musique_0172,musique,How many times did the winner of the 2018 WWE Elimination Chamber win the WWE championship?,three,numerical
squad_0326,squad,What town did Beyonce go to school in?,Fredericksburg,entity
squad_0416,squad,It was announced that Destiny's Child would  disban in what European city?,Barcelona,entity
squad_0069,squad,The Kellogg Institute for International Studies is part of which university?,Notre Dame,entity
musique_0490,musique,when did the winner of 1997 Masters Tournament win his last pga tournament?,2007,temporal
musique_0541,musique,How many volumes are in the national library of the country where police experienced problems with violent protestors?,"70,000",numerical
squad_0127,squad,With what institute did Notre Dame agree to an exchange program in the 1960s?,Saint Mary's College,entity
musique_0503,musique,When is the monsoon season in the country where police experience violent problems with protesters?,June to August,temporal
musique_0688,musique,How many episodes were about the Menendez Brothers in the work of fiction Max Greevey is locate in?,eight,numerical
musique_0735,musique,In what year was the university of George Low founded?,1824,temporal
musique_0872,musique,How many troops did the Turks send to the birthplace of Sergei Martynov during the Crimean War?,30000,numerical
squad_0230,squad,What is the value of the contract between Under Armour and Notre Dame?,almost $100 million,numerical
musique_0091,musique,When was the record label for Lovely Creatures created?,2003,temporal
musique_0968,musique,When did the manufacturer of Manzanita Sol switch from sugar to corn syrup?,the 1980s,temporal
hotpotqa_0618,hotpotqa,"In regards to the album that had, according to Dave Grohl, his favourite song he has ever written, when was it released?","April 12, 2011",temporal
musique_0416,musique,When the I'm Just Here For The Music performer quit her role as a judge?,before season nine,temporal
squad_0314,squad,Where did Beyonce get her name from?,her mother's maiden name,entity
hotpotqa_0874,hotpotqa, Jack Harvey was born in a civil parish that as of 2011 had a population of what?,"1,425",numerical
hotpotqa_0339,hotpotqa,What television series did the actor that Penny Layden performed with in The Libertine star in and subsequently became a teen idol?,21 Jump Street,compositional
hotpotqa_0866,hotpotqa,Which television series did Deborah Ann Woll play in that was a spin-off of Marvel's Daredevil?,The Punisher,entity
hotpotqa_0386,hotpotqa,"Spaceballs is a 1987 American comic science fiction film co-written, produced and directed by Mel Brooks, the film also features which American actor, businessman, and animal welfare advocate, best kn",Richard Vincent Van Patten,entity
musique_0061,musique,What university is the college attended by Roland Moyle part of?,college of the University of Cambridge,compositional
hotpotqa_0164,hotpotqa,Up to how far off can the Deal Timeball be from Coordinated Universal Time?,0.9 s.,numerical
musique_0200,musique,What record label does the singer of Wings of Snow White Dove belong to?,Capitol Records,compositional
musique_0446,musique,Where in Plymouth is the operator of RNLB Aguila Ren based?,Millbay Docks,entity
hotpotqa_0814,hotpotqa,"Who was born first, Tanya Donelly or Trace Cyrus?",Tanya Donelly,temporal
hotpotqa_0787,hotpotqa,What is the country whose capital and largest city is the birth place of this American musician and record producer Tomo Miličević?,Bosnia and Herzegovina,compositional
musique_0457,musique,What award was received by the actor who played Destry in Destry Rides Again?,Academy Honorary Award,compositional
musique_0319,musique,Which year did the founder of Regius Professor of Surgery die?,1820,temporal
squad_0323,squad,What is the name of Beyoncé's younger sister?,Solange,entity
musique_0578,musique,The computer language having TRUNCATE as a part has the name of who?,Michael Widenius's daughter,entity
hotpotqa_0239,hotpotqa,What was the year founded of the football team that Aaron Galindo is currently a part of?,1928,compositional
hotpotqa_0025,hotpotqa,Who is the director of the 2003 film which has scenes in it filmed at the Quality Cafe in Los Angeles?,Todd Phillips,compositional
squad_0041,squad,Where does Notre Dame rank in terms of academic profile among research universities in the US?,the top 10 to 15 in the nation,other
squad_0385,squad,"Which three countries did Beyonce's song ""Work It Out"" achieve top ten status?","UK, Norway, and Belgium",entity
musique_0184,musique,When did the person who resigned due to the attempt on Napoleon's life die?,1865,temporal
musique_0233,musique,How many national female outdoor track and field championships have been won by the college that Danny Manning played for?,one,numerical
hotpotqa_0506,hotpotqa,Snow White is a Disney media franchise based on a German fairy tale by who?,Brothers Grimm,entity
hotpotqa_0520,hotpotqa,What's Golden was included in an open world racing video game that was developed by Playground Games and published by who?,Microsoft Studios,entity
hotpotqa_0301,hotpotqa,The First Silesian war was fought against the King of Prussia who died in what year?,1786,temporal
musique_0394,musique,What year was the university that employs Tim Holt founded?,1862,temporal
squad_0211,squad,How many programs did NDtv feature in 2002?,one show,numerical
squad_0228,squad,What type of mascot do the Notre Dame sport teams have?,Leprechaun,entity
squad_0332,squad,Which song did Beyonce sing to win a competition at age 7?,Imagine,entity
squad_0377,squad,What French composer wrote the original opera ''Carmen'' in the 19th century?,Georges Bizet,entity
musique_0321,musique,What year did the king who is referred to so often in part three of the declaration die?,1820,temporal
musique_0363,musique,What region does Dust Muhammad's city of birth contain?,Kushk District,entity
musique_0428,musique,What was the record label of the artist of Limon y sal?,Sony Music,entity
musique_0977,musique,In what city is the college Danny Manning played for located?,Lawrence,entity
musique_0385,musique,Who is the child of the president that was informed of an assassination by George Christian?,Lynda Bird Johnson Robb,compositional
musique_0447,musique,What is Jesper Svenbro's birthplace the capitol of?,Landskrona Municipality,entity
musique_0897,musique,"What did some commentators think of the choice of the first researcher to describe facial expressions as pre-verbal, to change the closing sentence in his book?",some commentators have taken this as a concession to religion that Darwin later ,other
hotpotqa_0740,hotpotqa,The national flag of Ghana designed by Theodosia Okoh was adopted in which year?,1957,temporal
squad_0016,squad,In what year was the College of Engineering at Notre Dame formed?,1920,temporal
hotpotqa_0978,hotpotqa,Where was the NFL draft held in which Kenyatta Walker was selected in the first round by the Tampa Bay Buccaneers?,Theater at Madison Square Garden,entity
musique_0811,musique,What do most consider to be the event that ended the power that originated the idea of representative democracy?,Roman Senate's grant of extraordinary powers to Octavian,compositional
hotpotqa_0505,hotpotqa,"Choi Min-sik, is a South Korean actor, he also starred alongside Scarlett Johansson in Lucy, an English-language French science fiction action film written and directed by who?",Luc Besson,entity
musique_0506,musique,When did the singer to whom a lot of modern pop artists grew up listening drop out of college?,1978,temporal
musique_0763,musique,Who is part of the band that performed the song English Settlement?,Andy Partridge,entity
hotpotqa_0789,hotpotqa,What British man was was wrongly convicted of murdering Jill Dando?,Barry George,entity
musique_0333,musique,What year did the cast member of Captive win best Actress?,2001,temporal
hotpotqa_0118,hotpotqa,The 1976 German Grand Prix was won by a driver who retired in what year?,1979,temporal
musique_0896,musique,Who was the original broadcaster of season 1 of the show featuring a character named Captain Apollo?,Sci-Fi Channel,entity
squad_0381,squad,What was the name of Destiny Child's third album?,Survivor,entity
musique_0410,musique,What is the full name of the agency with a three letter abbreviation that pioneered DNA testing?,Federal Bureau of Investigation,entity
squad_0007,squad,What is the daily student paper at Notre Dame called?,The Observer,entity
musique_0000,musique,When was the institute that owned The Collegian founded?,1960,temporal
squad_0187,squad,The French words Notre Dame du Lac translate to what in English?,Our Lady of the Lake,other
musique_0043,musique,When was the inception of the company that released Poptropica?,1998,temporal
squad_0359,squad,"Destiny's Child song, Killing Time, was included in which film's soundtrack?",Men in Black.,entity
musique_0479,musique,What county is WVFM located in?,Kalamazoo County,entity
squad_0384,squad,"Who did Beyonce star with in the movie, ""Austin Powers in Goldmember""?",Mike Myers,entity
musique_0892,musique,What language was used by the person who broke salt law in Belgaum in 1930?,Gujarati,compositional
squad_0440,squad,Who was Beyonce's duet with in ''Beautiful Liar''?,Shakira,entity
hotpotqa_0893,hotpotqa,"The song ""Good Life"" recorded by G-Eazy and Kehlani appeared on the soundtrack for what  2017 action film directed by F. Gary Gray?",The Fate of the Furious,entity
squad_0479,squad,What song was the sixth first place song for Beyonce?,Telephone,entity
hotpotqa_0397,hotpotqa,What sport did Jack Sock and Raffaella Reggi play?,tennis,entity
hotpotqa_0332,hotpotqa,On which former estate was the venue of Aloha from Hawaii Via Satellite located?,Ward Estate,entity
musique_0158,musique,When did the military which introduced the tank to the battlefields of WWI start using the SA80?,1987,temporal
squad_0461,squad,Beyonce gave her entire salary from Cadillac Records to which organization?,Phoenix House,entity
musique_0858,musique,How many troops did the Turks send to the birthplace of Artyom Shaloyan?,30000,numerical
hotpotqa_0079,hotpotqa,What year was the winner of the 2016 Marrakesh ePrix born?,1988,compositional
hotpotqa_0837,hotpotqa,"Which band-mate of Joe Perry's co-wrote ""Monkey On My Back"" and is known as the ""Demon of Screamin""?",Steven Tyler,entity
hotpotqa_0145,hotpotqa,"The 2000–01 NBA season was the Jazz's 27th season in the National Basketball Association, and 22nd season in Salt Lake City, Utah, after the retirement of Jeff Hornacek, the Jazz signed free agents Jo",Danny Manning,entity
squad_0320,squad,Beyonce is a descendent of what Arcadian leader?,Joseph Broussard,entity
squad_0004,squad,What sits on top of the Main Building at Notre Dame?,a golden statue of the Virgin Mary,entity
hotpotqa_0630,hotpotqa,"Which author is known for her ""Anne of Green Gables"" books: Lucy Maud Montgomery or Jan Karon?",Lucy Maud Montgomery,entity
musique_0002,musique,When was the abolishment of the studio that distributed The Game?,1999,temporal
hotpotqa_0786,hotpotqa,Do Danny Shirley and James Dean Bradfield play in the same band?,no,other
squad_0155,squad,"Notre Dame got a ""B"" for its sustainability practices from which entity?",Sustainable Endowments Institute,entity
musique_0520,musique,Who is the spouse of the last Democratic presidential candidate to win any counties in Oklahoma?,Tipper Gore,compositional
hotpotqa_0808,hotpotqa,What character did Pam Ferris play in the film based on a J.K Rowling novel?,Aunt Marge,entity
musique_0957,musique,who designed the building where The Test of Fire of Moses is located?,Giorgio Vasari,compositional
hotpotqa_0828,hotpotqa,Were both Ted Tetzlaff and David Siegel film actors?,no,other
musique_0789,musique,Why did the person who was stripped of commanding rights by China redeploy his troops?,to defend Seoul,other
hotpotqa_0766,hotpotqa,Dumb Flesh is the third album by whom?,Blanck Mass,entity
squad_0000,squad,To whom did the Virgin Mary allegedly appear in 1858 in Lourdes France?,Saint Bernadette Soubirous,entity
musique_0495,musique,What award was received by the actor who played Glenn Miller in The Glenn Miller Story?,Academy Honorary Award,compositional
musique_0025,musique,What is the record label for the person who sang Beauty and the Beast with Celine Dion?,Capitol Records,compositional
hotpotqa_0026,hotpotqa,"New Faces of 1952 is a musical revue with songs and comedy skits, it helped jump start the career of which young performer, and American actress?",Carol Lawrence,entity
hotpotqa_0008,hotpotqa,"The Dutch-Belgian television series that ""House of Anubis"" was based on first aired in what year?",2006,temporal
musique_0949,musique,When did the owner of Izze change from sugar to corn syrup?,the 1980s,temporal
hotpotqa_0316,hotpotqa,What is the phrase that is commonly used on the day which is observed on 25 April each year?,"""Lest we forget""",entity
hotpotqa_0400,hotpotqa,"The university who was led to six national championships by Paul ""Bear"" Bryant, had its first ever Heisman Trophy winner drafted by what NFL team?",New Orleans Saints,compositional
hotpotqa_0961,hotpotqa,"Who composed the original score and songs of the film based on the play ""The Man Who Was Peter Pan"" by Allan Knee ?",Jan A. P. Kaczmarek,entity
musique_0464,musique,What does the name of the region encompassing Kavar County mean?,Old Persian as Pars,entity
squad_0050,squad,What was the lifespan of John Augustine Zahm?,1851–1921,numerical
hotpotqa_0682,hotpotqa,What town does Bucklow and Trafford have in common?,Partington,compositional
hotpotqa_0147,hotpotqa,In what year was the company that co-developed and distributed the BlackBerry DTEK60 founded?,1984,compositional
hotpotqa_0984,hotpotqa,"""State of Grace"" and ""I knew You Were Trouble"" were both off of Taylor Swift's ""Red"" album, which song was written by Swift, Max Martin and Shellback?",I Knew You Were Trouble,compositional
musique_0241,musique,In what year was the band that performed Hope created?,2001,temporal
musique_0951,musique,When did the torch visit the place where the National Physical Laboratory is located in India?,April 17,temporal
hotpotqa_0768,hotpotqa,"What South Korean singer-songwriter, actor, writer, and fashion designer, was in the rock band F.T. Island that released their 5th album The Mood?",Lee Hong-gi,entity
hotpotqa_0580,hotpotqa,"James Clark McReynolds (February 3, 1862 – August 24, 1946) was an American lawyer and judge who served as United States Attorney General under President Woodrow Wilson and as an Associate Justice of ",John Calvin Coolidge Jr.,compositional
hotpotqa_0928,hotpotqa,Where is the Peace Palace Library located?,"It is located in The Hague, Netherlands, and was established to support the Perm",entity
hotpotqa_0626,hotpotqa, Charles Runnington was born in a country in southern what?,England,other
hotpotqa_0949,hotpotqa,"What Chicago gang were Charles ""Chuckie"" Anthony Nicoletti and Salvatore ""Mooney Sam"" Giancana, better known as Sam Giancana, apart of?",Outfit,entity
hotpotqa_0779,hotpotqa,Jordan Fished played the role of John Laurens in which Broadway production?,Hamilton,entity
hotpotqa_0526,hotpotqa,"""Just a Lil Bit"" is the third single from 50 Cent's second album, ""The Massacre"", released on which date?","March 3, 2005",temporal
squad_0266,squad,Who is the current president of Notre Dame?,Rev. John Jenkins,entity
musique_0488,musique,Who is married to the former US senator from Tennessee who ran for president in 2000?,Tipper Gore,entity
squad_0240,squad,"Against which opponent did Knute Rockne tell his team to ""win one for the Gipper?""",the Army team,entity
hotpotqa_0312,hotpotqa,Which African-American composer co-wrote Air?,Scott Joplin,entity
musique_0100,musique,"When did the person who said ""I think, therefore I am"" live?",1596-1650,temporal
squad_0436,squad,Beyonce's first world tour was when?,2007,temporal
hotpotqa_0614,hotpotqa,What show is an American-Canadian drama starring Scott Lowell playing Ted Schmidt?,Queer as Folk,entity
squad_0396,squad,Which song did Beyoncé release as the lead single for Austin Powers in Goldmember's soundtrack?,Work It Out,entity
hotpotqa_0170,hotpotqa,What South Korean sitcom starred a South Korean singer and actress who began her music career at the age of 15?,The Producers,entity
hotpotqa_0875,hotpotqa,What county in Nevada contains both the City of Las Vegas and the College of Southern Nevada?,Clark County,entity
musique_0798,musique,What do most consider to be the event that ended the first representative government?,Roman Senate's grant of extraordinary powers to Octavian,other
musique_0560,musique,"The programming language with the HAVING function, is named after whom?",Michael Widenius's daughter,entity
squad_0378,squad,What album caused a lawsuit to be filed in 2001?,Survivor,entity
musique_0880,musique,When did Fred Sargent's team win a trophy last time?,2015,temporal
musique_0625,musique,What was the original name of the university where Marianne Illing was educated?,Carleton College,entity
musique_0678,musique,How many episodes about the Menendez Brothers are in the show Anita Van Buren is from?,eight,numerical
hotpotqa_0319,hotpotqa,The Grand Lodge of the Republic of Liberia is based on a branch of North American Freemasonry founded on what date?,"September 29, 1784",temporal
musique_0826,musique,What percentage of BYU students are members of the church that publishes Children's Songbook?,Approximately 99 percent,numerical
hotpotqa_0887,hotpotqa,Waht kind of music do the bands Nada Surf and Madina Lake play?,alternative rock,entity
squad_0258,squad,"To where are the loyal sons in ""Notre Dame Fight Song"" marching?",onward to victory,entity
musique_0248,musique,What group of schools is the university where Michael Berland studied a member of?,Five Colleges,compositional
musique_0034,musique,When did the majority of the patents held by the company the Italian patents firm was representing expire?,2015,temporal
hotpotqa_0865,hotpotqa,"Jim Keller is a microprocessor engineer most well known for his work at AMD and Apple, he was involved in designing which 32-bit package on package (PoP) system-on-a-chip (SoC) designed by Apple Inc. ",Apple A4,entity
hotpotqa_0903,hotpotqa,Which brand shop in Beverly Center is based in Maranello ?,Ferrari,entity
squad_0045,squad,Forbes.com placed Notre Dame at what position compared to other US research universities?,8th,entity
musique_0961,musique,How many districts are in the city where the national physical laboratory is located in india?,11,numerical
hotpotqa_0773,hotpotqa,Who directed the 2013 slasher film that Alexandra Daddario starred in?,John Luessenhop,compositional
squad_0154,squad,What percentage of the food served at Notre Dame is locally grown?,40%,numerical
hotpotqa_0736,hotpotqa,"What dancer who died August 9, 2003 appeared in White Nights?",Gregory Hines,entity
hotpotqa_0163,hotpotqa," ""Let Me Out"" is a song released as the fifth single from what band's fifth studio album ""Humanz"" which was recorded in London, Paris, New York City, Chicago, and Jamaica ?",alternative rock virtual band Gorillaz,entity
hotpotqa_0985,hotpotqa,Which American distance runner who died in an automobile accident in Oregon had a trail named after him?,Steve Prefontaine,entity
squad_0171,squad,In 1899 Notre Dame formed which college?,School of Architecture,entity
hotpotqa_0556,hotpotqa,In what country are the cities Guilin and Ankang located?,China,entity
hotpotqa_0412,hotpotqa,"What band originally from Tucson, Arizona and currently from Albany, New York released their first album in 2000?",Hector on Stilts,compositional
musique_0887,musique,When was the last time Carl Hoddle's team won a trophy?,2015,temporal
hotpotqa_0918,hotpotqa,What year did the famous amusement park across the street from Axeltory open?,1843,temporal
musique_0180,musique,When was the inception of the record label which released W?,2001,temporal
squad_0115,squad,What is O'Shaughnessy Hall of Notre Dame formerly known as?,Hall of Liberal Arts,entity
hotpotqa_0620,hotpotqa,"KKWQ-FM is a local radio station covering which area, that is a coextensive with Angle Township?",The Northwest Angle,entity
hotpotqa_0509,hotpotqa,"What Bible college located in Louisville, Kentucky, was attended by Paul R. House who served for a time as president of the Evangelical Theological Society?",Southern Baptist Theological Seminary,entity
musique_0240,musique,In what year was the performer of Skeletons created?,2001,temporal
hotpotqa_0361,hotpotqa,"What actor in Holding the Fort is also known for being a television presenter for shows ""Game for a Laugh"", ""You Bet!"" and ""Stars in Their Eyes""?",Matthew Kelly,entity
hotpotqa_0868,hotpotqa,Amara Karan made her debut as the love interest in the film by the director of what nationality?,American,compositional
hotpotqa_0501,hotpotqa,What does the L stand for in Patriot Games star Samuel L. Jackson's name?,Leroy,entity
hotpotqa_0404,hotpotqa,"Which was halted by a natural disaster, Camlaren Mine or Barton Mine?",Barton Mine,other
musique_0477,musique,Where did the husband of Alice Hoschede have his water lily pond?,his flower garden at his home in Giverny,entity
hotpotqa_0336,hotpotqa,"Extras, is a British sitcom about extras working in television, film, and theatre, the series was co-produced by the BBC and HBO and was created, written, and directed by Ricky Dene Gervais, an Englis",25 June 1961,temporal
hotpotqa_0637,hotpotqa,What was the 2013 population of the country Fujairah College is located in?,9.2 million,numerical
hotpotqa_0956,hotpotqa,"Ran Nakash, is an Israeli cruiserweight boxer, his only loss to date occurred on which date, against WBO Cruiserweight champion Marco Huck, a German professional boxer known for his aggressive style a","April 2, 2011",temporal
musique_0484,musique,What is the record label of the owner of Cabo Wabo in Cabo San Lucas?,Capitol Records,compositional
hotpotqa_0872,hotpotqa,Alvarezsauroidea was named after a physicist who won the Nobel Prize in Physics in what year?,1968,temporal
squad_0106,squad,What type of event did the Klan intend to have at Notre Dame in March of 1924?,a week-long Klavern,entity
musique_0039,musique,What city is the place Kara Vâsıf Bey died located in?,Istanbul,compositional
hotpotqa_0483,hotpotqa,Navarone Garibaldi is the half-brother of a singer who has been married how many times?,four,numerical
musique_0783,musique,when was the season of Grey's Anatomy where Derek dies filmed?,"filming for the eleventh season would begin on July 25, 2014",temporal
squad_0212,squad,Which radio station provides radio to the students of Notre Dame at 88.9 FM?,WSND-FM,entity
musique_0702,musique,What movie stars the actor from A Chorus Line?,Last Vegas,compositional
squad_0227,squad,What colors are the official ones used by Notre Dame in sport competition?,Navy Blue and Gold Rush,entity
musique_0213,musique,What is the place of birth of the performer of Country Must Be Country Wide?,Jefferson,entity
musique_0935,musique,What is the population of the Indian city where the National Physical Laboratory is located?,"249,998",compositional
musique_0980,musique,Who designed the place where the Portrait of Bia de' Medici can be found?,Giorgio Vasari,compositional
hotpotqa_0257,hotpotqa,From what country are both Maurice Newman and Macquarie University? ,Australia,entity
musique_0841,musique,What was the native language of the man who initiated the non cooperation movement in India?,Gujarati,compositional
hotpotqa_0289,hotpotqa,"The San Diego Gulls are a professional ice hockey team in the American Hockey League (AHL) which began playing in the 2015–16 season, the Gulls play their home games at which indoor arena located at S",Valley View Casino Center,entity
musique_0299,musique,Which year did the developer of USRA Light Mikado end?,1920,temporal
squad_0466,squad,What thriller film did Beyonce star in?,Obsessed,entity
hotpotqa_0394,hotpotqa,What telenovela inspired the TV show that the band Eme 15 was formed on in 2012?,Quinceañera,entity
hotpotqa_0143,hotpotqa,Abraham Weinberg was a suspect in the killing of which Irish-American hitman?,"Vincent ""Mad Dog"" Coll",entity
musique_0006,musique,When was the baseball team winning the world series in 2015 baseball created?,1969,temporal
musique_0781,musique,What is Elizabeth's ranking in the church John Smyth broke his ties with?,Supreme Governor,compositional
hotpotqa_0132,hotpotqa,When was Fannie Lee Chaney's son born?,"May 30, 1943",temporal
hotpotqa_0012,hotpotqa,Where did the form of music played by Die Rhöner Säuwäntzt originate?,United States,entity
musique_0289,musique,"While Anson led the Chicago cubs, how many pennants of the league having the Montreal Expos did they win?",six,numerical
squad_0011,squad,What is the primary seminary of the Congregation of the Holy Cross?,Moreau Seminary,entity
hotpotqa_0375,hotpotqa,Who released the album with a single which originally reached number 60 on the UK Singles Chart in 1997?,Wiiija,compositional
hotpotqa_0658,hotpotqa, Hariharan Pillai Happy Aanu contains music by which arranger from Kerala?,Stephen Devassy,entity
musique_0067,musique,What family does the ruling king of Saudi Arabia come from?,Al Saud,entity
hotpotqa_0781,hotpotqa,"Arlette Roxburgh is best known for singing a national anthem whose lyrics come from what poem, before every New Jersey Devils home game?",Defence of Fort M'Henry,compositional
musique_0787,musique,"When did Admiral Twin open for Hanson, in the city where Southern Hills Country Club is found?",1998,temporal
musique_0245,musique,In what year did the performers of Ohio Is for Lovers form?,2001,temporal
hotpotqa_0455,hotpotqa,"What Carnegie library building located in the most populous city in Kansas was built in 1915, and listed on the National Register of Historic Places in 1987?",Wichita City Carnegie Library Building,compositional
musique_0473,musique,What is the birthdate of the performer who a lot of modern pop artists grew up listening to?,"August 16, 1958",compositional
musique_0425,musique,What was the record label of the songwriter for I've Done Everything For You?,Capitol Records,entity
squad_0063,squad,When did study of a germ-free-life begin at Notre Dame?,1928,temporal
musique_0641,musique,Who sings with the performer of A Feelin' Like That on Every Storm?,Co-writer Hillary Lindsey,compositional
hotpotqa_0508,hotpotqa,The Prancing Horse was used by which top Italian fighter ace?,Count Francesco Baracca,entity
musique_0361,musique,What record label owns the series that I'll Always Remember You is a part of?,Walt Disney Records,entity
hotpotqa_0110,hotpotqa,What genre of music is the solo artist that contributed to Real Damage a variant of?,synth-pop,compositional
musique_0104,musique,When was the last time the team that beat the Patriots in the Super Bowl was 0-5?,October 6,temporal
hotpotqa_0421,hotpotqa,"1979, is a song by American alternative rock band, the Smashing Pumpkins, the second single from their third studio album, was released on October 23, 1995 in the UK, is titled?",Mellon Collie and the Infinite Sadness,entity
squad_0080,squad,How many dorms for males are on the Notre Dame campus?,15,numerical
squad_0338,squad,"In 1995, who decided to manage the girls singing group?",Beyoncé's father,entity
hotpotqa_0678,hotpotqa,"The 1950 BRDC International Trophy included what entrant from Bourne, Lincolnshire, England?",Raymond Mays,entity
musique_0500,musique,What is the record label for the new lead singer for Van Halen on 5150?,Capitol Records,entity
musique_0734,musique,What year was the place William Gurley worked in founded?,1824,compositional
squad_0056,squad,In what year did Jerome Green send his first wireless message?,Around 1899,temporal
squad_0432,squad,Which single from B'Day was only released in the U.K.?,Green Light,entity
musique_0537,musique,Who was the spouse of the director of La muerte camina en la lluvia?,Susana Freyre,entity
hotpotqa_0590,hotpotqa,"In what year did the Britain Burma Society founded under the distinguished patronage of  Earl Mountbatten of Burma, Sir Hubert Rance whose formal prefix Sir was strictly governed by law and custom as ",1957,temporal
musique_0664,musique,In which county is KLMP is located?,Pennington County,entity
musique_0327,musique,In what year did the father of Princess Elizabeth of the United Kingdom die?,1820,temporal
squad_0070,squad,What does the Kroc Institute at Notre Dame focus on?,International Peace studies,entity
squad_0284,squad,When did Beyoncé release Dangerously in Love?,2003,temporal
musique_0066,musique,Who plays the man with the largest signature on the declaration of independence in Sons of Liberty?,Rafe Spall,entity
hotpotqa_0081,hotpotqa,According to the 2006 census what is the population of the city in which James Iroha Uchechukwu was born ?,"722,664",compositional
musique_0557,musique,How many countries saw the debut of the eleventh album of the artist who a lot of modern pop artists grew up listening to?,37,numerical
squad_0090,squad,Who was the president of Notre Dame in 1879?,Rev. William Corby,temporal
squad_0298,squad,"What was Beyoncé's first acting job, in 2006?",Dreamgirls,temporal
squad_0142,squad,In what year was the Grotto of Our Lady of Lourdes at Notre Dame constructed?,1896,temporal
squad_0177,squad,Where is the theology library at Notre Dame?,the first floor of Stanford Hall,entity
hotpotqa_0274,hotpotqa,What network is the reality TV Show that features American former professional baseball left fielder who played 22 seasons in Major League Baseball (MLB) with the Pittsburgh Pirates and San Francisco ,ESPN,entity
hotpotqa_0673,hotpotqa,Did Terence Davies and Richard Wallace have the same nationality?,no,other
squad_0196,squad,How many individual colleges are part of Notre Dame?,four,numerical
musique_0513,musique,The 2000 presidential candidate from Tennessee was birthed by whom?,Pauline LaFon Gore,other
hotpotqa_0908,hotpotqa,When did the event Rue d'Alésia is named for take place?,"September, 52 BC",temporal
musique_0224,musique,What year did the person die who Victoria recalled to office following her disappointment with Derby in June of 1859?,1865,compositional
musique_0485,musique,"On Walk the Line, who played the performer of She Even Woke Me Up to Say Goodbye?",Waylon Malloy Payne,entity
hotpotqa_0487,hotpotqa,"In the 1990's, who built one of the three mills landmarks in California?",Petrie Dierman Kughn in 1994.,entity
hotpotqa_0077,hotpotqa,Hate to Feel is the tenth track on what Alice in Chains' album that peaked as number six on the Billboard 200?,Dirt,compositional
musique_0314,musique,When did the American Idol host who had a special tribute at his finale announce he was no longer going to be a judge?,"January 11, 2010",temporal
hotpotqa_0418,hotpotqa,What two skills do Lee Hong-gi and Dee Snider have in common?,"singer-songwriter, actor",compositional
squad_0200,squad,In what year was Father Edward Sorin given two years to create a college?,1842,temporal
squad_0248,squad,On what day do Notre Dame home football games occur?,Saturday,temporal
musique_0987,musique,What year was the formation of the league whose trophy Arsenal won in the 2003-2004 season without losing a match?,1992,compositional
hotpotqa_0607,hotpotqa,Oliver Boot had a role in the Moliere-based film that was first performed in what year?,1664,compositional
musique_0021,musique,Who failed to take back what the French believed instrumental in their defense?,the Russian defences,entity
musique_0984,musique,"On what, through Windows, is the group of characters available, that can represent all Latin characters required by POJ?",Microsoft Layer,entity
squad_0131,squad,When Malloy reached the end of his time as president how much annuals funding for research did Notre Dame have?,more than $70 million,numerical
squad_0375,squad,"For what network, did Beyonce land a major movie role in?",MTV,entity
hotpotqa_0162,hotpotqa,"Who was born first, Odysseas Elytis or Cornel West?",Odysseas Elytis,temporal
musique_0269,musique,Who founded the manufacturer of TorqueFlite transmissions?,Walter Percy Chrysler,entity
hotpotqa_0498,hotpotqa,"Name the mother of Edward Stafford, 4th Baron Stafford, who was the daughter of the English nobleman and politician Edward Stanley, 3rd Earl of Derby?",Mary Stanley,entity
musique_0550,musique,In which district of the country where police experienced violent problems with protesters is Triveni located?,Udayapur District,compositional
hotpotqa_0877,hotpotqa,Who airs the cartoon developed by Nicholas Boshier?,Australian Broadcasting Corporation,entity
musique_0511,musique,When did the 1997 Masters Tournament winner make his first hole in one?,at the age of six,temporal
hotpotqa_0484,hotpotqa,What was The original name of the Football club Samuel Johnson moved to in 1901? ,the club was founded as Newton Heath LYR,entity
hotpotqa_0632,hotpotqa,La Valentina starred the actress who was the second wife of which actor?,John Wayne,compositional
squad_0033,squad,What company did Ray Kroc own?,McDonald's,entity
musique_0836,musique,Who founded the company that produced the LMS diesel shunter 7058?,Baron Armstrong,compositional
musique_0554,musique,"What district contains the market center of Marke, in the country that had police experience violent problems with protesters in 2008?",Salyan District,compositional
musique_0262,musique,What year was the largest Presbyterian denomination brought to Lalrin Fela's birthplace?,1894,temporal
squad_0423,squad,The lead single from the album was which song?,Déjà Vu,entity
squad_0342,squad,What large record company recorded Beyonce's group's first album?,Sony Music,entity
squad_0380,squad,Which film did Beyoncé star in 2001 with Mekhi Phifer?,Carmen: A Hip Hopera,entity
musique_0443,musique,In what year was the foundation of the university that employed Jill Macleod Clark?,1862,temporal
musique_0203,musique,"In the man who invented christmas, who plays the author of Barnaby Rudge?",Dan Stevens,entity
musique_0031,musique,When did the author of season 7 of game of thrones begin writing Winds of Winter?,2010,compositional
hotpotqa_0476,hotpotqa,Which 20th Century Fox film cast Zazie Beetz as Domino?,Deadpool 2,entity
musique_0519,musique,Who is the mother of the Democratic candidate who lost his own state in the 2000 general election?,Pauline LaFon Gore,compositional
musique_0311,musique,What's the record label of the Addicted to Music creator?,Kontor Records,entity
musique_0046,musique,When was the university Elizabeth Harwood attended formed?,1972,temporal
hotpotqa_0783,hotpotqa,A Mars crater is named after the successor of who?,John Flamsteed,compositional
hotpotqa_0919,hotpotqa,"What band was formed earlier, Better Than Ezra or the Melvins?",The Melvins,temporal
musique_0198,musique,Where was the person who wrote the song my kinda party by Jason Aldean born?,Jefferson,compositional
musique_0867,musique,What's a term for the church that John Smith broke ties with and churches that align with it?,the Anglican Communion,entity
musique_0246,musique,What is the meaning of the name of the oldest surviving Buddhist school?,The School of the Elders,other
squad_0038,squad,What is a common name to reference the mural created by Millard Sheets at Notre Dame?,Touchdown Jesus,entity
hotpotqa_0686,hotpotqa,"Brisingr is the third novel in the ""Inheritance Cycle"", is a young adult tetralogy of high fantasy novels written by which American author?",Christopher Paolini,entity
hotpotqa_0138,hotpotqa,"what is the 3112 acre Pennsylvania state park that took over 11,000 to make due to the wave action of lake Erie called?",Presque Isle,entity
hotpotqa_0987,hotpotqa,"Canelo Álvarez vs. Amir Khan, billed as ""Power vs. Speed"" and also known as ""Canelo vs. Khan"" or by the portmanteau ""Khanelo"", was a professional boxing fight which took place on May 7, 2016, and was ",Nevada,entity
musique_0364,musique,What year did the cast member of Violette Noziere win Best Actress?,2001,temporal
squad_0183,squad,Who did Waldemar Gurian receive his tutelage under while seeking his doctorate?,Max Scheler,entity
hotpotqa_0651,hotpotqa,"Who won an award first, the Brothers Quay or Alexandra Shiva?",Brothers Quay,temporal
squad_0414,squad,In what year did Beyonce embark on her Dangerously in Love tour of Europe?,November 2003,temporal
squad_0489,squad,Which famous landmark did Beyonce see in China?,the Great Wall of China,entity
musique_0559,musique,Who is the programming language that has the WHERE clause partially named after?,Michael Widenius's daughter,entity
musique_0301,musique,When did the author of the The Cloud die?,8 July 1822,temporal
hotpotqa_0359,hotpotqa,The Colombian airline that has been the national airline and flag carrier of Colombia since 1919 is wholly owned by a company headquartered in what country?,Brazil,compositional
hotpotqa_0680,hotpotqa,"If Cheung Kong Center were to host A Symphony of Lights, what aspect of the center would be necessary to do so?",coloured lights,other
hotpotqa_0272,hotpotqa,Who wrote and directed the film in which Adam Beach played Slipknot?,David Ayer,compositional
squad_0102,squad,How many national titles were won when Knute Rockne coached at Notre Dame?,three,numerical
musique_0579,musique,In what year was the performer of Fellow Hoodlums formed?,1985,temporal
squad_0068,squad,Who was the president of Notre Dame in 2012?,John Jenkins,entity
musique_0388,musique,What does the name of the state where Sarvestan County is located mean?,Old Persian as Pars,other
hotpotqa_0795,hotpotqa,What mosaic inside the main church of Florence is attributed to Gaddo Gaddi?,Coronation of the Virgin,entity
squad_0109,squad,Who was the president of Notre Dame in 1934?,Father John Francis O'Hara,entity
musique_0292,musique,Which year did the agency that designed USRA 0-8-0 end?,1920,temporal
squad_0398,squad,What song did Beyoncé release as the lead single from The Fighting Tempations?,Fighting Temptations,entity
musique_0228,musique,Where did the person the National Gandhi Museum is named after spend their final 144 days?,Gandhi Smriti,compositional
hotpotqa_0194,hotpotqa,Which Lightweight division mixed martial artist founded the American Combat Association?,Kamal Shalorus,entity
hotpotqa_0515,hotpotqa,What suicide attack was located inside the Forward Operating Base Chapman? ,Camp Chapman attack,entity
squad_0202,squad,Which church was Father Edward Sorin representing?,the Congregation of the Holy Cross,entity
musique_0165,musique,What's the record label of the songwriter of The Night They Drove Old Dixie Down?,Capitol Records,compositional
musique_0741,musique,What year marked the foundation of the school where Garnet Baltimore was educated?,1824,temporal
musique_0888,musique,What language was used by the father of Devdas Mohandas Gandhi?,Gujarati,entity
musique_0620,musique,Who sings with the performer of Pieces on Every Storm?,Co-writer Hillary Lindsey,entity
musique_0098,musique,The person coming up with the cartesian coordinate system lived from what year to what year?,1596-1650,temporal
musique_0459,musique,What award did the person who played George Bailey in It's a Wonderful Life receive?,Academy Honorary Award,entity
hotpotqa_0208,hotpotqa,How long was the rule of the dynasty that was active when the Rosetta Stone was inscribed?,275 years,temporal
musique_0023,musique,When was the season of Greys Anatomy when Derek died filmed?,"filming for the eleventh season would begin on July 25, 2014",temporal
squad_0221,squad,What when conference do the Notre Dame fencing teams take part in?,Midwest Fencing Conference,entity
musique_0988,musique,What magnitude earthquake struck the national physical laboratory in India on September 2011?,4.2-magnitude,numerical
hotpotqa_0617,hotpotqa,In what year was the woman whose former chief of staff was Rachel Noerdlinger born?,1954,compositional
hotpotqa_0841,hotpotqa,Lacu is a dummer from a sovereign state in Norther Europ whose population in 2016 was what?,5.5 million,numerical
hotpotqa_0447,hotpotqa, Elkhan Mammadov is the project leader for the bid for which quadrennial competition?,UEFA Euro 2020,entity
musique_0813,musique,What was Rupert Betheras's team named after?,"Collingwood, Victoria",entity
hotpotqa_0137,hotpotqa,"Which musician, Edwyn Collins or Jimmie Ross, played the bass guitar?",Jimmie Ross,other
hotpotqa_0089,hotpotqa,"What is the current name of the Atlanta Mansion built for the daughter of the 41st Mayor of Atlanta, Georgia?",Lullwater Estate,compositional
hotpotqa_0755,hotpotqa,The university where Peter Charanis was the Voorhees Professor of History is in what state?,New Jersey,compositional
musique_0277,musique,Where did the person who studied the shapes of crystals died?,Saint Petersburg,compositional
musique_0331,musique,When did the creator of Britain's Got Talent announce he was no longer going to be an American Idol judge?,"January 11, 2010",temporal
hotpotqa_0570,hotpotqa,When was the host that Renee Montagne succeeded born?,"May 16, 1947",temporal
musique_0669,musique,"On Every Storm, who sings with the performer of Life Ain't Always Beautiful?",Co-writer Hillary Lindsey,entity
squad_0110,squad,Irvin Abell was given what award by Notre Dame?,Laetare Medal,entity
hotpotqa_0135,hotpotqa,"he Central Harbourfront is a waterfront site it is the result of Central and Wan Chai Reclamation, and it sits to the east of the International Finance Centre (IFC), a skyscraper and an integrated com",Hong Kong,entity
hotpotqa_0450,hotpotqa,"Who directed he Paris Opera Ballet from 1983 to 1989 and its chief choreographer until October 1992, and he gave the tittle of étoile to a member of the Paris Opera Ballet from 1978?",Rudolf Khametovich Nureyev,entity
hotpotqa_0939,hotpotqa,In what year was the adventure film depicting the English sea captain and privateer of the Elizabethan era released?,1962,temporal
hotpotqa_0435,hotpotqa,"Are the documentaries Welcome to Durham, USA and The Agronomist both about Durham, North Carolina?",no,other
hotpotqa_0797,hotpotqa,What country are K. R. Kaushik and Narendra Modi from? ,India,entity
hotpotqa_0024,hotpotqa,Chang Ucchin was born in korea during a time that ended with the conclusion of what? ,World War II,temporal
hotpotqa_0647,hotpotqa,Mathilde Ludendorff was the wife of the German General who was victorious at which two battles?,Battle of Liège and the Battle of Tannenberg,entity
squad_0054,squad,In what year did Albert Zahm begin comparing aeronatical models at Notre Dame?,1882,temporal
hotpotqa_0823,hotpotqa,What year was the composed of Lux Aurunque born?,1970,temporal
squad_0116,squad,Which president did Notre Dame have in 1947?,"Rev. John J. Cavanaugh, C.S.C.",temporal
hotpotqa_0355,hotpotqa,"Tothill Fields was an 18th-century area of Westminster in the county of Middlesex, a historic county in south-east region of which country?",England,entity
hotpotqa_0662,hotpotqa,"What is the nationality of the actor who starred as Rene Russo's husband in the 1997 movie ""Buddy""?",Scottish,compositional
hotpotqa_0730,hotpotqa,"Moment by Moment was from the movie that starred which actress, comedian, and producer?","Mary Jean ""Lily"" Tomlin",entity
hotpotqa_0216,hotpotqa,In between Memphis International Airport and Southwest Georgia Regional Airport which one is in Tennessee?,Memphis International Airport,entity
hotpotqa_0437,hotpotqa,"Which close friend of George Washington, Alexander Hamilton, and Thomas Jefferson, did a scion of the Huger family of South Carolina attempt to rescue?","Gilbert du Motier, Marquis de Lafayette",entity
hotpotqa_0475,hotpotqa,What German automotive marque does the high-performance aftermarket tuning company Brabus specialize in?,Smart,entity
squad_0441,squad,Which film did Beyoncé star with Steve Martin in?,The Pink Panther,entity
hotpotqa_0876,hotpotqa,"Who manages the station that serves a small town and civil parish in the Borough of Pendle Lancashire, England with a population of 8,200 as of 2011?",Northern,entity
musique_0922,musique,Who is the winner at the 1971 PGA Championship?,an American retired professional golfer,entity
hotpotqa_0809,hotpotqa,The Office of the Federal Register is an office of the United States government within which independent agency of the United States government charged with preserving and documenting government and h,National Archives and Records Administration,entity
musique_0109,musique,What is the family of Prince George William of Great Britain's mother,House of Hohenzollern,entity
musique_0913,musique,What is the occupation of the man who has won the most green jackets in golf?,an American retired professional golfer,entity
hotpotqa_0424,hotpotqa,"Bath School of Art and Design is an art college in Bath, England, it forms part of the Bath Spa University, a public university in Bath, England, with its main campus based at Newton Park on which loc",Duchy of Cornwall land,entity
musique_0279,musique,Who was the spouse of the artist who created Circe Offering the Cup to Ulysses?,Esther Kenworthy Waterhouse,compositional
hotpotqa_0388,hotpotqa, Is Advanced Micro Devices or Level 3 Communications headquartered further west?,Advanced Micro Devices,other
squad_0493,squad,How long did the hiatus last?,nine months,temporal
musique_0151,musique,When did the force that brought the tank to the battlefields of world war I invade the island?,1773,temporal
hotpotqa_0660,hotpotqa,Are a Brandy Alexander and a Paloma both Tequila based?,no,other
hotpotqa_0669,hotpotqa,"What 1982 film, aired in 1983, was the seventh highest rated non-sports show and featured Kansas state highway K-10?",The Day After,compositional
musique_0670,musique,How many episodes of the work in which Donald Cragen is present are about the menendez brothers?,eight,numerical
hotpotqa_0220,hotpotqa,What type of vegetation does Fothergilla and Clerodendrum have in common?,plants,other
squad_0450,squad,"In 2009, Beyonce started her second world tour and grossed how much money?",119.5 million,numerical
hotpotqa_0851,hotpotqa,What retired American soccer player is the head coach  of the team owned by Anthony Precourt and Precourt Sports Ventures LLC?,Gregg Berhalter,entity
hotpotqa_0090,hotpotqa,Who invented the type of script used in autographs?,the Sumerians,entity
hotpotqa_0342,hotpotqa,Marpessa Hennink modeled fashions created by which two Dolce & Gabbana founders and designers?,Domenico Dolce and Stefano Gabbana.,entity
musique_0482,musique,Who paid £15 million to transfer the top goal scorer in Premier League to their club?,Newcastle United,entity
hotpotqa_0343,hotpotqa,Formally the Games of the XXX Olympiad what sports event did Dirkie Chamberlain represent her country?,2012 Summer Olympics,entity
musique_0360,musique,Who is a cast member of the series that I'll Always Remember You is a part of?,Billy Ray Cyrus,entity
squad_0265,squad,Which Notre Dame alum from the College of Science won a Nobel Prize?,Eric F. Wieschaus,entity
squad_0198,squad,How many doctorate and masters programs are available at Notre Dame?,more than 50,numerical
musique_0632,musique,Who did the performer of Amanda Leigh play in The Princess Diaries?,Lana Thomas,compositional
hotpotqa_0197,hotpotqa,Who was born first Neil LaBute or H. Bruce Humberstone?,"H. Bruce ""Lucky"" Humberstone",temporal
musique_0806,musique,What league was Shalon Baker's team in?,Canadian Football League,entity
musique_0963,musique,What subset of the dominant scheme for internal processing is used by Windows?,WGL-4 with 652 characters,entity
hotpotqa_0451,hotpotqa,Which airline founded by Frank Lorenzo was affected by a strike in 1989?,International Association of Machinists,entity
hotpotqa_0129,hotpotqa,"What man, also known as mi Sde-Or, created a military self-defense system developed for the Israel Defense Forces?","Emrich ""Imi"" Lichtenfeld",entity
musique_0370,musique,Who was the original broadcaster of season 4 of the series that had an episode titled Achy Jakey Heart?,Disney Channel,compositional
musique_0392,musique,What year was Paul Curran's college founded?,1862,temporal
hotpotqa_0393,hotpotqa,"Yukio Mishima and Roberto Bolaño, are Chilean?",no,other
squad_0044,squad,Where did U.S. News & World Report rank Notre Dame in its 2015-2016 university rankings?,18th overall,entity
hotpotqa_0690,hotpotqa,Which 2017 Indian crime action film includes the song Zaalima written by Amitabh Bhattacharya?,Raees,entity
hotpotqa_0029,hotpotqa,"750 7th Avenue and 101 Park Avenue, are located in which city?",New York City,entity
hotpotqa_0057,hotpotqa,"An edited version of ""Just the Two of Us"" reached number two on the ""Billboard"" Hot 100 behind a song written and composed by Donna Weiss and Jackie DeShannon which spend how many weeks at No. 1 on th",nine,numerical
hotpotqa_0863,hotpotqa,"Stainby is a hamlet in the South Kesteven district of Lincolnshire, and is situated 2 mi west from the A1 road, the A1 is the longest numbered road in which country?",UK,compositional
hotpotqa_0032,hotpotqa,What profession does Nicholas Ray and Elia Kazan have in common?,director,entity
hotpotqa_0187,hotpotqa,St James Street appears as a segment of Whitecross Street on the 1610 map of the Monmouth by an English historian best known as a mapmaker of what perior?,Stuart period,compositional
hotpotqa_0409,hotpotqa,"Tura Beach, New South Wales is a suburb of a town that had what population at the 2016 census?","3,544",numerical
hotpotqa_0488,hotpotqa,Which former lawyer and entrepreneur who was convicted for conspiracy and drug dealing was involved in a civil suit against Bill and Hillary Clinton?,Peter F. Paul,entity
musique_0861,musique,How many troops did the Turks send to Hagob Donabedian's city of birth?,30000,numerical
hotpotqa_0767,hotpotqa,"Who was the drummer for the recording of ""The Man Who Sold the World"" released in the US in 1970?",Mick Woodmansey,entity
squad_0498,squad,In which year was reports about Beyonce performing for Muammar Gaddafi surface?,2011,temporal
musique_0902,musique,What language was used by the person who organized a march on Tanjore coast to break salt law in 1930?,Gujarati,compositional
hotpotqa_0413,hotpotqa,Barbara Jordan and Mark Knowles are both what?,former tennis player,entity
musique_0571,musique,In what year did the performers of The Rest form?,1985,temporal
hotpotqa_0772,hotpotqa,"Which Scottish singer, songwriter, and guitarist included calypso music in his influences and wrote the song Hey Gyp?",Donovan,entity
musique_0581,musique,What was the school Al Hutchinson attended originally called?,Carleton College,entity
hotpotqa_0099,hotpotqa,"Which organization presents the award in which Chris Noonan was nominated for his work in ""Babe?""",Academy of Motion Picture Arts and Sciences,compositional
hotpotqa_0009,hotpotqa,What is the length of the track where the 2013 Liqui Moly Bathurst 12 Hour was staged?,6.213 km long,numerical
musique_0225,musique,When did the person who resigned after the scandal of Orsini's bomb being made in England die?,1865,temporal
hotpotqa_0107,hotpotqa,The Bass Rock Lighthouse was next to what Castle?,Tantallon Castle,entity
hotpotqa_0909,hotpotqa,In what Australian city did the United States ship supplies in 1943 as part of the Lend-lease policy during WWII,Sydney,entity
hotpotqa_0631,hotpotqa,Which award did the star of The Nativity Story win at the 2004 Broadcast Film Critics Association Awards?,Best Young Actor/Actress,compositional
musique_0413,musique,Who did the star of The Caveman's Valentine play in Star Wars?,Mace Windu,entity
hotpotqa_0799,hotpotqa,"Which was around longer in 2010, Miss Universe or Miss Perú?",Miss Universe,compositional
hotpotqa_0210,hotpotqa,"At which stadium does the team, for which Baltimore's Marching Ravens is the official marching band, play its home games?",M&T Bank Stadium,entity
musique_0837,musique,When did Australian troops fight the area where Conrad Gozzo was born?,October 1944,temporal
musique_0351,musique,In what year did the cast member of Story of Women win Best Actress?,2001,temporal
musique_0467,musique,What organization does the agency which pioneered DNA testing share jurisdiction with?,DEA,compositional
squad_0405,squad,What solo album did Beyonce release in 2003?,Dangerously in Love,entity
musique_0312,musique,What year did the author of Julian and Maddalo die?,8 July 1822,temporal
musique_0070,musique,What is the sports team the person played for who scored the first touchdown in Superbowl 1?,Green Bay Packers,compositional
squad_0217,squad,Which entity did Notre Dame hire to build a parking structure outside of Eddy Street Commons?,the City of South Bend,entity
musique_0300,musique,When did the author of A Dirge die?,8 July 1822,temporal
squad_0133,squad,When did John Jenkins become the president of Notre Dame?,2005,temporal
hotpotqa_0097,hotpotqa,"What State has a Disney Resort & Spa that is a beachside hotel, resort and vacation destination offering complimentary children's activities and programs and that Djuan Rivers was a General Manager at",Hawaii,compositional
musique_0426,musique,Where in Plymouth is the operator of Oakley class lifeboat based?,Millbay Docks,entity
hotpotqa_0905,hotpotqa,Into the Labyrinth was only was later shown in the United States as part of a program whose featurettes focused on characters with what?,psychic abilities,other
squad_0460,squad,"Beyonce portrayed which character in the film, Cadillac Records?",Etta James,entity
musique_0090,musique,"What years did the person who said ""I think, therefore I am"" live?",1596-1650,temporal
musique_0382,musique,Who was the spouse of the person who regained control?,Yvonne de Gaulle,compositional
musique_0828,musique,What is Elizabeth's ranking in the church founded by King Henry VIII?,Supreme Governor,entity
hotpotqa_0070,hotpotqa,Who funds the bowling team that includes the school bus driver for Springfield Elementary School?,Mr. Burns,compositional
musique_0463,musique,"Along with the performer of Jukebox, what indie/folk musician is based in Miami?",Iron & Wine,entity
hotpotqa_0443,hotpotqa,What poem by this writer born in September 1872 was used in devotional and spoken word recordings?,Desiderata,compositional
hotpotqa_0364,hotpotqa,One of the football forwards who plays for SC Pinkafeld is from which European country that borders Austria?,Slovenia,compositional
squad_0299,squad,Who is Beyoncé married to?,Jay Z,entity
hotpotqa_0902,hotpotqa,What is the urdu name of Afghan citizens living as refugee in a country other than Iran?,Afghan Muhajreen,entity
hotpotqa_0314,hotpotqa,"On what date did a Canadian politician born January 2, 1979, succeed as leader of the New Democratic Party in Canada? ",October 1st,temporal
squad_0244,squad,What is displayed at Zahm House for football home games at Notre Dame?,two-story banner,entity
musique_0387,musique,What does the name of the state that Jam Bozorgi is located mean?,Old Persian as Pars,other
hotpotqa_0022,hotpotqa,"Which band was founded first, Hole, the rock band that Courtney Love was a frontwoman of, or The Wolfhounds?",The Wolfhounds,temporal
musique_0563,musique,Who has the most consecutive appearances in the tournament where you win a ring in the NBA?,The Boston Celtics,other
musique_0375,musique,In what century did the person the Palmi Cathedral is named after become the influence for red being worn by Santa Claus?,4th,compositional
hotpotqa_0158,hotpotqa,Who was the director of the 2001 American romantic comedy film written by Marc Klein in which Lucy Gordon had a small role?,Peter Chelsom,compositional
squad_0273,squad,In which decade did Beyonce become famous?,late 1990s,temporal
squad_0413,squad,Destiny's Child got a star on the Hollywood Walk of Fame in what year?,2006,temporal
musique_0518,musique,What year was the university accepting classes from the Dockyard Technical College after its closure founded?,1862,temporal
musique_0094,musique,What year did the company that built K200 KIFV dissolve?,1999,temporal
hotpotqa_0254,hotpotqa,What American professional basketball player born in 1986 was awarded the Dave Gavitt Trophy during the 2007 Big East Men's Basketball Championship? ,Jeffrey Lynn Green,entity
hotpotqa_0602,hotpotqa,What British comedy film starred Robin Weaver?,The Inbetweeners 2,entity
hotpotqa_0362,hotpotqa,"What other band was featured on the cover page of the Alternative Press magazine for the ""100 Bands You Need to Know in 2010"" alongside The Cab discography and Never Shout Never? ",Hey Monday,entity
hotpotqa_0205,hotpotqa,Anti-Semetism in the 21st Century: The Resurgence was hosted by a journalist and writer who is an anchor of what show?,PBS NewsHour,entity
musique_0243,musique,What is Zhi-Li Zhang's university a member of?,Five Colleges,entity
hotpotqa_0036,hotpotqa,Zimbabwe's Guwe Secondary School has a sister school in what New York cunty?,Nassau County,entity
musique_0717,musique,Who is the father of Mock Turtle's creator?,Charles Dodgson,entity
hotpotqa_0349,hotpotqa,"Tenth Avenue Freeze-Out  is the second song on which of Bruce Springsteen's breakthrough album, that is the third studio album by American singer-songwriter Bruce Springstee?",Born to Run,entity
hotpotqa_0330,hotpotqa,Arthur Noss won a Military Cross as the gunner of a soldier born in which year ?,1892,other
musique_0723,musique,Who is the father of the producer of Gracie?,Charles Guggenheim,compositional
hotpotqa_0571,hotpotqa,"A combat flight simulator video game published by Konami and released in 2012 features missions including the attack on this location by the Empire of Japan on December 7, 1941?",Pearl Harbor,compositional
musique_0680,musique,"What movie stars Morgan Freeman, Robert De Niro and the producer of Flatliners?",Last Vegas,compositional
hotpotqa_0964,hotpotqa,"A television show originaly aired on December 29, 1996 was written by a graduate of what University?",Harvard University,compositional
hotpotqa_0287,hotpotqa,It Takes a Family is a response to this 1996 book that was published by who,Hillary Rodham Clinton,entity
musique_0792,musique,When did the Admiral Twin open in the same city as Cedar Ridge Country Club?,1998,temporal
hotpotqa_0992,hotpotqa,What genre does both the tragic hero as a protagonist and the film The Great Santini fall into?,drama,other
hotpotqa_0338,hotpotqa,Son of Paleface starred the comedian and vaudevilian of what nationality?,American,entity
hotpotqa_0279,hotpotqa,Emma Rose Kenney's roll in a Blue Sky Studios produced film earned how much money?,$268 million,numerical
squad_0204,squad,Which structure was the first used for the purposes of the college?,Father Stephen Badin's old log chapel,entity
musique_0985,musique,What county was Bobby Joe born in?,Wayne County,entity
squad_0300,squad,What is the name of Beyoncé's alter-ego?,Sasha Fierce,entity
musique_0339,musique,What position did the prime minister hold when UK joined the common market?,Prime Minister of the United Kingdom,entity
hotpotqa_0559,hotpotqa,Are Manettia and Fragaria both edible?,no,other
hotpotqa_0469,hotpotqa,What roles does American actress which  Manfish featured in  the motion picture debut of do play,comic roles,other
musique_0026,musique,Who is the employer of the Iranian scientist who co-invented the first gas laser?,M.I.T.,compositional
squad_0473,squad,How many awards was Beyonce nominated for at the 52nd Grammy Awards?,ten,numerical
hotpotqa_0154,hotpotqa,"Throne of Glass is a young adult high fantasy novel series, by which bestselling American fantasy author?",Sarah Janet Maas,entity
musique_0624,musique,Who is the sibling of the person who created The Double Dream of Spring?,Alberto Savinio,compositional
squad_0404,squad,Beyonce's first solo album in the U.S. with what artist in the lead single?,Jay Z,entity
squad_0206,squad,In what year did the original Sorin built Main Building get replaced?,1865,temporal
musique_0407,musique,Who is the husband of the American actress who starred in Stranger from Venus?,Roald Dahl,compositional
squad_0173,squad,What length is the course of study at the Notre Dame School of Architecture?,five-year,numerical
musique_0891,musique,What languages are used by the person who initiated the non-cooperation movement in India?,Gujarati,compositional
hotpotqa_0299,hotpotqa,"In which theatre in Los Angeles did the late-night talk show host of ""Chelsea Lately"" host the 2010 MTV Video Music Awards?",Nokia Theatre,compositional
squad_0156,squad,Gustavo Gutierrez is faculty of which institute?,Kroc Institute for International Peace Studies,entity
musique_0893,musique,What is the native language for the person who wrote the magazine Young India in 1931?,Gujarati,compositional
hotpotqa_0182,hotpotqa,"At the 2011 census, what was he population of the city where Kerry Saxby-Junna was born?","6,960",compositional
hotpotqa_0849,hotpotqa,Ray Winstone appeared in what 2005 French-British computer-animated adventure fantasy that was based on a TV series?,The Magic Roundabout,entity
musique_0035,musique,What language is used by the person after whom the Panizzi lectures are named?,Italian,compositional
hotpotqa_0675,hotpotqa,"The author of ""Evolution: A Theory in Crisis"" is a Senior Fellow at what institute?",Discovery Institute's Center for Science and Culture,entity
squad_0262,squad,Which person was a former comrade to Ted Striker in the film Airplane!?,George Zipp,entity
musique_0679,musique,"How many episodes are there about the Menendez brothers, on the show featuring the character Serena Southerlyn?",eight,numerical
squad_0180,squad,What caused many intellectual Catholics to leave europe in the 1930s?,The rise of Hitler and other dictators,other
squad_0066,squad,Over how many years did Gurian edit the Review of Politics at Notre Dame?,44,numerical
hotpotqa_0430,hotpotqa,Tess Asplund fought against the Neo-Nazi movement that existed in which countries?,"Sweden, Finland, and Norway",entity
hotpotqa_0313,hotpotqa,"Anil V. Kumar,  is a television and film director and producer in India, his production house, Flying Turtle Films co-produced the movie ""Zanjeer"" starring Priyanka Chopra and which actor, and entrepr",Ram Charan,compositional
squad_0425,squad,How many singles did her second album produce?,five,numerical
hotpotqa_0496,hotpotqa,What wrestling promotion was formed by the current NEVER Openweight Champion?,Pro Wrestling Fujiwara Group,compositional
musique_0684,musique,He who garnered the most electoral votes in 1824 had a nephew named what?,Daniel Smith Donelson,entity
squad_0021,squad,How many colleges for undergraduates are at Notre Dame?,five,numerical
hotpotqa_0889,hotpotqa,the made for television biopic  Ishi: The Last of His Tribe based on  Alfred L. Kroeber is about what tribe?,the Yahi tribe,entity
hotpotqa_0273,hotpotqa,"Alamgir joined Meesha Shafi, Strings, Ali Azmat and Shahzad Hasan as a judge on which popular show?","""Music Icons""",entity
musique_0195,musique,Why were the Uighurs ranked higher by the people who imposed on the military might of Tibet in the past?,the Uighurs surrendered peacefully without violently resisting,other
musique_0121,musique,Who was the first president from the newly evolved political party Jeremiah Morrow was a member of?,Jefferson,compositional
hotpotqa_0646,hotpotqa,What professor of mathematics authored the book Fashionable Nonsense?,Alan Sokal,entity
hotpotqa_0981,hotpotqa,"Aspects of Andrew Lloyd Webber is the second studio album by a singer that played what role in theAustralian premiere of ""The Phantom of the Opera""? ",Christine Daaé,entity
hotpotqa_0178,hotpotqa,Ted Sutton plays Sergeant Cunningham in a2002 film that stars Mel Gibson as what character?,Graham Hess,entity
musique_0611,musique,What year was the performer of Riches & More created?,1985,temporal
hotpotqa_0391,hotpotqa,Peter Bakovic played for which National Hockey League team?,Vancouver Canucks,entity
hotpotqa_0751,hotpotqa,"Doloroso, Mississippi rests on the US highway that runs for how many miles?",1400 mi,numerical
musique_0575,musique,The programming language that includes alias is named after whom?,Michael Widenius's daughter,entity
musique_0875,musique,What family does the naked-backed fruit bat of the place where Stag Arms headquarters is located belong?,Dobsonia,compositional
musique_0769,musique,What years did the author of The Solitary Reaper live for?,1770-1850,temporal
squad_0252,squad,Which Notre Dame men's basketball player has the record for more points in one game?,Austin Carr,entity
musique_0020,musique,When did the network which airs Alt for Norge start?,1988,temporal
musique_0700,musique,"What movie stars Morgan Freeman, Robert De Niro and the producer of The Jewel of the Nile?",Last Vegas,entity
hotpotqa_0717,hotpotqa,What position did the former American first lady who employed Ann M. O'Leary during her husband's presidency hold in the Obama administration?,United States Secretary of State,entity
squad_0137,squad,How much money was spent on enhancing Notre Dame Stadium under John Jenkins?,$400m,numerical
musique_0218,musique,When did the UK vote to leave the organization which the Swiss have brought their economic practices into conformity with?,23 June 2016,temporal
musique_0420,musique,Where in Plymouth is the institution owned by RNLB Aguila Wren based?,Millbay Docks,entity
musique_0869,musique,How many troops did the Turks send to the city in Armenia where Russia has a military base?,30000,compositional
musique_0179,musique,Who is the mother of the screenwriter of Fatal Attraction?,Melissa Stribling,compositional
hotpotqa_0373,hotpotqa,"Route 146, Interstate 890, and what other highway all run through Schenectady, New York?",I-90,entity
hotpotqa_0160,hotpotqa,La Barredora was a gang that declared war on the leader of the cartel based where?,Sinaloa,entity
musique_0895,musique,What was the native language of the person who organized a march on Tanjore coast to break the salt law in 1930?,Gujarati,compositional
musique_0884,musique,When was the last time Stephen Clemence's team won a trophy?,2015,temporal
squad_0010,squad,Where is the headquarters of the Congregation of the Holy Cross?,Rome,entity
musique_0347,musique,"What country holds the Embassy of Turkey, to the country that Serdar Denktas is from?",TRNC,compositional
musique_0011,musique,When did Bush declare the war causing Kerry to criticize him during the 2004 campaign?,2003,temporal
musique_0635,musique,Who is the child of the person who associated with the defeat of the British in the Battle of New Orleans?,Daniel Smith Donelson,compositional
hotpotqa_0262,hotpotqa,For which North American auto racing series launched by the Sports Car Club of America does Jack Baldwin drive a Porsche Cayman S?,Pirelli World Challenge,entity
musique_0825,musique,What group's power increased after the rise of the source of the idea of representative democracy?,Republican pontifices,compositional
hotpotqa_0584,hotpotqa,"When was the English disc jockey who hosted ""The Voice UK"" born? ",18 March 1985,temporal
hotpotqa_0030,hotpotqa,"Which actress played the part of fictitious character Kimberly Ann Hart, in the franchise built around a live action superhero television series taking much of its footage from the Japanese tokusatsu ",Amy Jo Johnson,entity
hotpotqa_0826,hotpotqa,"During Which debt crises did PIGS  used to refer to the economies of Portugal, Ireland, Greece, and Spain, four EU member states",The European debt crisis,temporal
musique_0128,musique,When did person who supervised the design and implementation of the iPod user interface die?,2011,temporal
musique_0879,musique,When was the last time Darren Anderton's team won a trophy?,2015,temporal
squad_0058,squad,What did the brother of John Zahm construct at Notre Dame?,an early wind tunnel,other
squad_0287,squad,What was the name of Beyoncé's first solo album?,Dangerously in Love,entity
musique_0271,musique,Who was the lead vocalist on album with the performer of Don't Be My Enemy?,Jack Hues,compositional
hotpotqa_0650,hotpotqa,"Elwyn McRoy is an American college basketball coach and current men's basketball assistant coach at Coppin State University, a historically black college located in Baltimore, Maryland, in which count",United States,entity
squad_0167,squad,In what year was the Notre Dame College of Science formed?,1865,temporal
musique_0770,musique,What league was the sports team Sean Kehoe was a member of included in?,Canadian Football League,entity
musique_0268,musique,What year was the largest Presbyterian denomination brought to the state where the Aizawl Monorail is located?,1894,compositional
hotpotqa_0842,hotpotqa,Who was the goalkeeper who blocked the most decorated English footballer player of all time?,Jens Lehmann,entity
hotpotqa_0532,hotpotqa,"Faugh a Ballagh, is a battle cry of Irish origin, meaning ""clear the way"", and today it remains the motto of which (27th (Inniskilling) 83rd and 87th and Ulster Defence Regiment) (R IRISH) is an infan",Royal Irish Regiment,entity
hotpotqa_0845,hotpotqa,"The Stage"" is a song by Avenged Sevenfold and the first single from their seventh studio album of the same name, which was released on which date?","October 28, 2016",temporal
musique_0593,musique,What was John Chapman's university called at first?,Carleton College,entity
hotpotqa_0281,hotpotqa,Is Lysichiton and Ageratum geus in the same family?,no,other
musique_0958,musique,When did the owner of Rice-A-Roni change from sugar to corn syrup?,the 1980s,temporal
musique_0713,musique,Who is the father of the creator of the White Rabbit?,Charles Dodgson,compositional
hotpotqa_0528,hotpotqa,"A Common Man is a 2013 American-Sri Lankan thriller film starring Ben Kingsley,  an English actor with a career spanning more than how many years?",40 years,numerical
hotpotqa_0453,hotpotqa,What county named for a hero in the French and Indian War and a general in the American Revolutionary War is represented by Assemblyman Kevin Byrne?,Putnam County,entity
squad_0279,squad,On what date was Beyonce born?,"September 4, 1981",temporal
squad_0174,squad,In which location do students of the School of Architecture of Notre Dame spend their 3rd year?,Rome,entity
musique_0682,musique,How many episodes were dedicated to the Menendez brothers in the series that also had an episode called Mother's Day?,eight,numerical
musique_0338,musique,When was the company that repaired the Grand Trunk Road from Calcutta to Delhi established in India?,31 December 1600,temporal
hotpotqa_0703,hotpotqa,"The 2006-07 New Orleans/Oklahoma City Hornets season was the team's 5th in the NBA, the Hornets split their games between the New Orleans Arena and the Ford Center, which multi-purpose indoor arena, l",Smoothie King Center,entity
hotpotqa_0045,hotpotqa,What does the Hacker-Pschorr Brewery have to limit in order to comply with German regulations?,ingredients in beer,other
squad_0123,squad,What type of educational institute is Hesburgh given credit for creating at Notre Dame?,coeducational,entity
musique_0509,musique,"Along with the performer of The Covers Record, what indie/folk musician is based in Miami?",Iron & Wine,compositional
hotpotqa_0235,hotpotqa,"The producer of The Wreckage of Stars also produced albums for Texas in July, Everclear, and what other American metalcore band from Lancaster, Pennsylvania?",August Burns Red,compositional
musique_0862,musique,How many troops did the Turks send to Art Hovhannisyan's birthplace?,30000,numerical
hotpotqa_0286,hotpotqa,Who is the Russian figure skater who danced with a Russian pair skater and in 1988 and 1994.,Ekaterina Gordeeva,entity
squad_0147,squad,What is the annual budget of Notre Dame's LaFortune Center?,$1.2 million,numerical
squad_0426,squad,What birthday did Beyonce's album B'Day celebrate?,twenty-fifth birthday,other
squad_0475,squad,"In 2010, Beyonce worked with which other famous singer?",Lady Gaga,entity
hotpotqa_0843,hotpotqa,What is the French name of the bay into which the Big Salon River flows?,Baie de Fundy,entity
musique_0162,musique,When did the torch visit Manuel John Johnson's birthplace?,May 3,temporal
musique_0580,musique,Who is the brother of the painter of Metaphysical Interior with Biscuits?,Alberto Savinio,compositional
hotpotqa_0284,hotpotqa,"Javier Mora, is a Mexican boxer in the Heavyweight division, he was defeated by Alexander Vladimirovich ""Sasha"" Povetkin, by a 5-round TKO, in which country?",Germany,entity
squad_0365,squad,Who supported Beyonce through her depression?,her mother,entity
hotpotqa_0764,hotpotqa,"Which original attraction at Universal Studios Florida, featuring Yogi Bear and Boo Boo, was replaced by Jimmy Nuetron's Nicktoon Blast?",The Funtastic World of Hanna-Barbera,entity
hotpotqa_0109,hotpotqa,"What is the name of the movie in which Edwin Brown plays a man that executed at least 400 people, including William Joyce and John Amery?",10 Rillington Place,compositional
squad_0001,squad,What is in front of the Notre Dame Main Building?,a copper statue of Christ,entity
squad_0178,squad,How many books are held by the Notre Dame libraries?,over three million volumes,numerical
hotpotqa_0727,hotpotqa,"On which station could you have watched the actor from ""My Fair Lady"" play a character in ""I Can Hear Your Voice""? ",SBS,entity
hotpotqa_0427,hotpotqa,"Benji is an upcoming American drama film written, co-produced and directed by who, and is a reboot of the 1974 film of the same name?",Brandon Camp,entity
hotpotqa_0702,hotpotqa,What year were trade unions legalized in Tony Blair's country?,1871,temporal
hotpotqa_0381,hotpotqa,"Ian Hunter and Stuart Murdoch, have which musical occupation in common?",lead singer,other
musique_0247,musique,What is the branch of Buddhism in what buddhism is the goal a state of nirvana?,The School of the Elders,other
musique_0849,musique,What is Elizabeth's ranking in the religion in which all naturalists working at the two English universities?,Supreme Governor,compositional
squad_0399,squad,What was the highest Beyonce's first solo recording achieved in the Billboard Hot 100?,number four,numerical
hotpotqa_0444,hotpotqa,Rhodochiton and Platystemon are both genuses of what kind of life form?,flowering plants,entity
musique_0944,musique,Who is married to the actress of the woman ape from Planet of the Apes?,Tim Burton,compositional
hotpotqa_0771,hotpotqa,"In what year was the English actor that starred with David Hemmings and Douglas Wilmer in ""Unman, Wittering and Zigo"" born?",1945,temporal
musique_0582,musique,Where is the place of death for the person who created Der Taucher?,Weimar,compositional
hotpotqa_0260,hotpotqa,"What electronic band's  song ""Dangerous"" was certified gold by the RIAA in May 2015?",Big Data,entity
musique_0600,musique,What was Natalia Rybczynski's employer called at first?,Carleton College,entity
hotpotqa_0836,hotpotqa,"Ettore or Edoardo Ettore Forti was an Italian painter, who was prolific in depicting realistic Neo-Pompeian scenes of Ancient Roman life and events, these subjects were popular in the late-Victorian p",Netherlands,entity
musique_0561,musique,Who did the singer of I Wanna Be with You play in The Princess Diaries?,Lana Thomas,entity
musique_0601,musique,Who was married to the author of The Night of Enitharmon's Joy?,Catherine Blake,entity
musique_0352,musique,"When did the former judge of American Idol, who was accused of being mean and cruel, announce that he would quit?","January 11, 2010",temporal
hotpotqa_0629,hotpotqa,Kim Warwick and Matt Lucena both play what sport?,tennis,entity
squad_0192,squad,Which athletic association are the student athletes at Notre Dame a part of?,NCAA Division I,entity
hotpotqa_0131,hotpotqa,"What is the name of this American multinational corporation that provides IT services, headquartered in New Jersey, that acquired Mirabeau?",Cognizant,entity
hotpotqa_0095,hotpotqa,"Prince William, Duke of Gloucester and Prince George of Denmark, were eventually monarchs of which Kingdom?",Great Britain,entity
musique_0335,musique,Which record label owns the series where Achy Jakey Heart belongs?,Walt Disney Records,compositional
squad_0401,squad,"How many has ""Dangerously in Love"" sould worldwide since its debut?",11 million,numerical
musique_0652,musique,Who was married to the man who defeated the British at the Battle of New Orleans?,Rachel Jackson,compositional
musique_0743,musique,When was the person who said psychology is the science of mental life born?,1842,temporal
musique_0716,musique,"Who played a piano player in the sci-fi series with a first episode called ""33""?",Roark Critchlow,entity
hotpotqa_0923,hotpotqa,Were the documentaries The Mosuo Sisters and Quantum Hoops released in the same year?,no,other
squad_0358,squad,Where did Destiny's Child get their name from?,Book of Isaiah.,entity
musique_0452,musique,"Where is the water lily pond, by the spouse of Camille Doncieux, located?",his flower garden at his home in Giverny,entity
squad_0047,squad,In 2014 what entity named Notre Dame 10th best of all American universities?,USA Today,temporal
hotpotqa_0039,hotpotqa,The axial turbojet Pirna 014 was designed by engineers from this German aircraft and aircraft engine manufacturer based in which city?,Dessau,entity
musique_0251,musique,What consortium does Lee Upton's alma mater belong to?,Five Colleges,entity
hotpotqa_0525,hotpotqa,"The author of the book ""A New Kind of Science"" designed a computer algebra system at which university?",Caltech,compositional
hotpotqa_0569,hotpotqa,Cyril Briggs was dedicated to advancing what  worldwide intellectual movement that aims to encourage and strengthen bonds of solidarity between all people of African descent,Pan-Africanism,entity
musique_0534,musique,Who paid £15 million to transfer the player who scored the most hat tricks in the Premier League to their club?,Newcastle United,compositional
hotpotqa_0123,hotpotqa,"Between two tennis players Kim Clijsters and Mary Pierce, who is older?",Mary Pierce,temporal
musique_0843,musique,In what year was the college that's related to Robert J. Dennis founded?,1824,temporal
musique_0796,musique,Which secondary school did the performer of Just Another Night attend?,Dartford Grammar School,entity
hotpotqa_0858,hotpotqa,How is Scott Speedman and Michael Corvin related?,Underworld,other
musique_0710,musique,Who was the piano player in the series of which He That Believeth in Me is an episode?,Roark Critchlow,entity
musique_0756,musique,In what year was the school where James Flaherty was educated founded?,1824,temporal
hotpotqa_0769,hotpotqa,What major Albanian musical event did Aurela Gaçe win?,Kënga Magjike,entity
musique_0282,musique,In which county is the town in which WFQY is licensed?,Rankin County,compositional
hotpotqa_0351,hotpotqa,In what city did Duane Swank get his PhD?,"Evanston, Illinois",entity
musique_0395,musique,Who does the actor who played the robber in Coming To America play in The Avengers?,Nick Fury,compositional
musique_0889,musique,What is a term for the church that King Henry VIII founded and churches that align with it?,the Anglican Communion,entity
musique_0919,musique,The person with the most second place finishes in Golf majors is now what?,an American retired professional golfer,entity
squad_0112,squad,For whos glory did Father O'Hara believed that the Notre Dame football team played?,God,entity
squad_0250,squad,How many schools have a similar men's basketball record to Notre Dame in terms of wins?,12,numerical
musique_0943,musique,What year did the organization related to the sport played at the Sydney Sports Ground start?,1895,temporal
hotpotqa_0859,hotpotqa,A 2005 French-language Canadian coming of age drama features artists including an American country music singer who died in the crash of a plane belonging to who?,Randy Hughes,compositional
hotpotqa_0929,hotpotqa,Where was the actress who starred in Trishna with Riz Ahmed born?,"Mumbai, India",compositional
squad_0242,squad,"Ronald Reagan played the role of whom in 1940's ""Knute Rockne?""",Gipp,entity
musique_0628,musique,Who is the spouse of the director of L'aube à l'envers?,Christopher Lambert,compositional
hotpotqa_0611,hotpotqa,"Qwirkle and Evo, are which type of entertainment?",game,entity
squad_0099,squad,What was the amount of wins Knute Rockne attained at Notre Dame while head coach?,105,numerical
musique_0933,musique,What is the county seat of the Florida county containing Marco Island?,East Naples,entity
hotpotqa_0048,hotpotqa,Who is older Glenn Hughes or Ross Lynch?,Glenn Hughes,other
musique_0661,musique,When did Baird cease showing its programs on the network that once broadcast FA cup matches on the radio?,June 1932,temporal
musique_0654,musique,Who sings Meet Me in Montana with the performer of In My Little Corner of the World?,Dan Seals,compositional
musique_0419,musique,Where in Plymouth is the owner of Torquay Lifeboat Station based?,Millbay Docks,entity
musique_0154,musique,Who owns the studio which produced Scooby-Doo and the Ghoul School?,Warner Bros.,entity
musique_0226,musique,The person who had a fancy funeral at the abbey in 1658 began burying national figures in the abbey starting with who?,Admiral Robert Blake,compositional
hotpotqa_0034,hotpotqa,"Which documentary is about Finnish rock groups, Adam Clayton Powell or The Saimaa Gesture?",The Saimaa Gesture,other
musique_0069,musique,What year did the company Novair International Airways is part of dissolve?,1995,temporal
squad_0224,squad,To what conference did the Fighting Irish go after the Big East?,the ACC,compositional
hotpotqa_0564,hotpotqa,"Sam Goody, who was run by Musicland Group, Inc., filed bankrupcy in which year?",2006,temporal
hotpotqa_0780,hotpotqa,What is the name of the business that George Dayton founded and later Bruce Dayton expanded?,Target Corporation,entity
musique_0124,musique,What company published the cartoon that included Barnyard Dawg?,Warner Bros.,entity
musique_0239,musique,In what year was the performer of This is Who We Are created?,2001,temporal
musique_0024,musique,When did the manufacturer of a pedometer accessory for the iPod become a publicly traded company?,1980,compositional
musique_0348,musique,When did the original judge who was a music executive announce he was no longer going to be a judge?,"January 11, 2010",temporal
hotpotqa_0805,hotpotqa,"What Famous play by shakespear have the phrase, ""Et tu, Brute""?","Shakespeare's play ""Julius Caesar""",entity
musique_0367,musique,What year did the cast member of Tip Top win best actress?,2001,temporal
squad_0412,squad,Destiny's Child's final album was named what?,Destiny Fulfilled,entity
hotpotqa_0156,hotpotqa,Axle Whitehead was a part of an American comedy-drama television series that is a remake of the British series with the same name set in what city?,Chicago,entity
musique_0475,musique,Who played the artist who performed To Make Love Sweeter for You in Walk the Line?,Waylon Malloy Payne,compositional
hotpotqa_0292,hotpotqa,"Which K283BV artist is from Columbus, Ohio?",Twenty One Pilots,entity
squad_0334,squad,What was the name of Beyoncé's first dance instructor?,Darlette Johnson,entity
hotpotqa_0403,hotpotqa,"What is the name for the regulatory body of over 25,000 football clubs in Germany?",The DFB Sports Court,entity
hotpotqa_0932,hotpotqa,Are the University of West Florida and FH Joanneum both American Universities ?,no,other
musique_0132,musique,When did the person who admitted that Apple was late to the party with writeable CD technology die?,2011,compositional
hotpotqa_0320,hotpotqa,"The first female board member for the Liberal Party, she was born in which county in Norway?",Vestfold,entity
squad_0239,squad,What notable football player played at Notre Dame from 1916 to 1920?,George Gipp,entity
squad_0100,squad,In what year did the team lead by Knute Rockne win the Rose Bowl?,1925,temporal
squad_0055,squad,Which professor sent the first wireless message in the USA?,Professor Jerome Green,entity
musique_0206,musique,What marked the end of Titus Lucretius Tricipitinus's country?,establishment of the Roman Empire.,other
hotpotqa_0337,hotpotqa,Who directed a 2016 musical filmed in Howth?,John Carney,entity
musique_0470,musique,When did the original judge who left prior to the start of the season quit as a judge?,before season nine,temporal
hotpotqa_0310,hotpotqa,"The band that released the album ""Let's Cheers to This"" is from what Florida city?",Orlando,entity
musique_0087,musique,In the war that followed Joseph Schumpeter's and Norman Angell's most prolific writing period where was the initial German offensive on the Western Front stopped?,First Battle of the Marne,entity
hotpotqa_0957,hotpotqa,"Which star of Don 2 was named by ""Time"" magazine as one of the 100 most influential people in the world?",Priyanka Chopra,entity
musique_0809,musique,What league does the team Eddie Brown was a member of play in?,Canadian Football League,entity
hotpotqa_0735,hotpotqa,"Hunter Mountain is the second highest peak in the Catskills, in the south east area of which U.S. State?",New York,entity
hotpotqa_0101,hotpotqa,"When a Man Falls in Love, is a 2013 South Korean television series, starring Song Seung-heon, Shin Se-kyung, Chae Jung-an, and which South Korean actor, born on ? ","July 5, 1984",entity
musique_0566,musique,Who is the programming language with the DELETE function partially named after?,Michael Widenius's daughter,entity
musique_0118,musique,What establishment today contains what was known as the place Chopin's father got a teaching position during that time?,Warsaw University,entity
musique_0298,musique,Whose rule followed that of the father of Norodom Arunrasmy?,Norodom Sihamoni,entity
squad_0037,squad,Which artist created the mural on the Theodore M. Hesburgh Library?,Millard Sheets,entity
musique_0505,musique,"Along with the performer of I Don't Blame You, what indie/folk musician is based in Miami?",Iron & Wine,compositional
musique_0675,musique,What as the final thing shown on by the company that used to broadcast matches on the radio before it was shut down for the war?,Mickey's Gala Premier,compositional
musique_0771,musique,After which city is Paul Medhurst's team named?,"Collingwood, Victoria",entity
musique_0915,musique,What genre of music was produced by the singer of the album Emerging?,contemporary Christian music,compositional
musique_0847,musique,When did the season of Grey's Anatomy start when Derek Shepherd dies?,"September 25, 2014",temporal
musique_0745,musique,Where was the creator of the White Rabbit born?,Daresbury,entity
musique_0377,musique,In what century did the person the Budești Josani church is named after become the influence for red being worn by Santa Claus?,4th,compositional
squad_0098,squad,"The Notre Dame football team got a new head coach in 1918, who was it?",Knute Rockne,entity
musique_0905,musique,What is the occupation of the man who won the most majors in golf?,an American retired professional golfer,entity
hotpotqa_0168,hotpotqa,The American Aircraft Penetrator was modified from a helicopter produced by what nation's military?,United States,entity
hotpotqa_0942,hotpotqa,What country holds both Fetteresso Castle and Cowie Castle?,Scotland,entity
musique_0440,musique,Where in Plymouth is the owner of Aberdeen Lifeboat Station based?,Millbay Docks,entity
squad_0301,squad,"In her music, what are some recurring elements in them?","love, relationships, and monogamy",other
musique_0820,musique,What was the native language of Devdas Mohandas Gandhi's father?,Gujarati,entity
musique_0208,musique,When did the person Victoria recalled to office following her disappointment with Derby in June of 1859 die?,1865,temporal
hotpotqa_0344,hotpotqa,"""Touch"" is a song from an album released under which labels ?",Syco Music and Columbia Records,entity
hotpotqa_0550,hotpotqa,"Which film was released first, Roving Mars or The London Connection?",The London Connection,temporal
hotpotqa_0347,hotpotqa,"From an Andrey Zvyagintsev drama, which American city did the actual events upon which the drama is based take place?","Granby, Colorado",entity
squad_0255,squad,In what year did Michael J. Shea graduate from Notre Dame?,1904,temporal
musique_0042,musique,In which year did the publisher of Roald Dahl's Guide to Railway Safety cease to exist?,2001,temporal
squad_0303,squad,Which magazine declared her the most dominant woman musician?,Forbes,entity
hotpotqa_0643,hotpotqa,"Biographic is a weekly comics feature by award-winning cartoonist and illustrator Steve McGarry, the feature is syndicated by Universal Uclick and appears in such publications as The Toronto Sun, an E",Canada,entity
musique_0544,musique,Who paid £15 million to transfer the highest goal scorer in the English Premier League to their club?,Newcastle United,compositional
musique_0740,musique,Who was the father of the person who replaced Derby when he resigned in 1868?,Isaac D'Israeli,compositional
musique_0253,musique,What does the tradition where condensed study texts are created mean?,The School of the Elders,other
hotpotqa_0895,hotpotqa,"Which man, Ben Bagdikian or Eddie Mekka, is most famous for his role as Carmine ""The Big Ragu"" Ragusa on the sitcom ""Laverne & Shirley""?",Eddie Mekka,entity
musique_0621,musique,Who was the winner of the 1993 contest which resulted in getting a ring from the NBA?,Chicago Bulls,compositional
hotpotqa_0960,hotpotqa,"Pandit Kishan Maharaj, was an Indian tabla player of Hindustani classical music, who belonged to which one of the six most common styles of playing of the Indian tabla? ",Benares gharānā,entity
musique_0851,musique,What college was attended by the performer who sang backup vocals on You're So Vain?,Dartford Grammar School,compositional
hotpotqa_0831,hotpotqa,What is the name of the album that was released by David Bowie that was recorded in secret?,Blackstar,entity
hotpotqa_0899,hotpotqa,Ezhou and Yangzhong are both cities in what country?,China,entity
hotpotqa_0848,hotpotqa,"When is the cast in The Guardians born that is a South Korean singer, actor, fashion designer and television presenter?","September 23, 1991",entity
hotpotqa_0149,hotpotqa,"Mookychick is an independent daily online magazine and community with more than 100,000 readers a month and over 5,000 forum members, content includes analysis of current sociopolitical events, social",BUST,entity
musique_0642,musique,Who sings with the performer of Kiss Me When I'm Down on Every Storm?,Co-writer Hillary Lindsey,compositional
musique_0099,musique,When did the institution that awards the John Price Wetherill Medal open?,1824,temporal
musique_0940,musique,Who was the place where Badia Polyptych can be found designed by?,Giorgio Vasari,entity
squad_0026,squad,Which program at Notre Dame offers a Master of Education degree?,Alliance for Catholic Education,entity
musique_0979,musique,When was the league whose trophy an undefeated Arsenal team won in the 2003-2004 season established?,1992,temporal
squad_0152,squad,Which baseball stadium is found at Notre Dame?,Frank Eck Stadium,entity
musique_0531,musique,The city where Jesper Svenbro was born is in which municipality?,Landskrona Municipality,compositional
musique_0318,musique,When was the end of the Dutch company that initiated the game of cricket in India?,1799,temporal
hotpotqa_0733,hotpotqa,"The Messerschmitt Me 263 ""Scholle"" (plaice) was a rocket-powered fighter aircraft developed from the Me 163 ""Komet"" towards the end of, which historic event?",World War II,temporal
squad_0470,squad,Which organization received Beyoncé's entire Cadillac Records salary?,Phoenix House,entity
squad_0125,squad,What title did Thomas Blantz have at Notre Dame?,Vice President of Student Affairs,entity
squad_0042,squad,What percentage of students at Notre Dame participated in the Early Action program?,39.1%,numerical
squad_0327,squad,Who was the first person to notice Beyonce's singing ability?,Darlette Johnson,entity
squad_0085,squad,How often is Catholic mass held at Notre Dame in a week?,over 100 times,numerical
musique_0589,musique,Where did the actor who produced Reds attend school?,Northwestern's School of Communication,compositional
squad_0083,squad,What is Congregation of Holy Cross in Latin?,Congregatio a Sancta Cruce,entity
hotpotqa_0685,hotpotqa,Statistician Walter Francis Willcox received three degrees from a local college in Massachusetts. Which college?,Amherst College,entity
hotpotqa_0265,hotpotqa," Which species, Cardwellia or Ochagavia, is native to South America?",Ochagavia,entity
musique_0927,musique,Who founded the company known for manufacturing the LINC-8?,Ken Olsen,entity
hotpotqa_0333,hotpotqa,Where is the record company based that was co founded by the frontman of Minor Threat and Fugazi?,"Washington, D.C.",entity
hotpotqa_0857,hotpotqa,Who developed the game which Folkenstal features weapons and armors in a cosplay? ,ZeniMax Online Studios,compositional
squad_0002,squad,The Basilica of the Sacred heart at Notre Dame is beside to which structure?,the Main Building,entity
squad_0081,squad,What amount of the graduate student body at Notre Dame live on the campus?,20%,numerical
hotpotqa_0517,hotpotqa,what was the birth year of the fifth governor of a British colony in north America that existed from 1632 to 1776?,1626,compositional
musique_0147,musique,What was the record label of the songwriter of Up on Cripple Creek?,Capitol Records,compositional
hotpotqa_0218,hotpotqa,What profession do Kōbō Abe and Agatha Christie share?,playwright,entity
musique_0012,musique,What is the college Francis Walsingham attended an instance of?,college of the University of Cambridge,entity
musique_0342,musique,In which year did the cast member of The Possessed with Best Actress?,2001,temporal
hotpotqa_0608,hotpotqa," ""Your Love Had Taken Me That High"" is a song recorded by a singer that received a string of Country Music Association awards for duets with who?",Loretta Lynn,entity
musique_0204,musique,Who plays the author of A Christmas Carol in The Man who Invented Christmas?,Dan Stevens,entity
squad_0193,squad,How many students at Notre Dame received the Heisman Trophy?,seven,numerical
hotpotqa_0774,hotpotqa,The Abbey of Saint-Étienne was founded by a descendant of who?,Rollo,entity
hotpotqa_0189,hotpotqa,"Which city is the American rock band, that released their album on March 19, 2012, from?","Albuquerque, New Mexico",compositional
musique_0001,musique,What year saw the creation of the region where the county of Hertfordshire is located?,1994,temporal
musique_0759,musique,Who is the father of the person who created the Cheshire Cat?,Charles Dodgson,compositional
musique_0302,musique,What position did the person who The Sun supported in 1974 hold?,Prime Minister of the United Kingdom,compositional
musique_0532,musique,Since what time has the company against whom the lawsuit of Apple vs Microsoft and HP was decided remained profitable?,Steve Jobs' return,temporal
musique_0549,musique,How did the agency which pioneered DNA testing respond to requests to release information beyond the initial press release in the case of Filiberto Ojeda Ríos?,The FBI refused,other
squad_0181,squad,From where did Anton-Hermann Chroust come to reach Notre Dame?,Germany,entity
hotpotqa_0785,hotpotqa,Where is a place that has both Lano Estacado and Buda Limestone geological formations?,High Plains,entity
hotpotqa_0776,hotpotqa,"When did the company that produced ""Six Gates Far Away Mon Colle Knight"" begin?",in 1986,temporal
hotpotqa_0535,hotpotqa," ""I Saw Her Again"" was co-written by what Canadian singer born in 1940?",Dennis Gerrard Stephen Doherty,entity
hotpotqa_0591,hotpotqa,Pete Mount was the father of the American Basketball Player who was the first high school athlete on the cover of which publication?,Sports Illustrated,compositional
hotpotqa_0485,hotpotqa,Both the Drever and Finnish Hound are two dog breeds that are bred for what purpose?,bred for hunting,other
hotpotqa_0267,hotpotqa,Who achieved fame starring alongside John Richard Schneider in a television series?,Tom Wopat,entity
musique_0776,musique,What political party was the person who replaced Derby after his resignation affiliated with?,Conservative Party,compositional
squad_0158,squad,At which location is the London Center operated by Notre Dame found?,1 Suffolk Street in Trafalgar Square,entity
hotpotqa_0701,hotpotqa,"K. Shivaram Karanth is what type of artist, which combines dance, costum, makeup, and dialogue?",Yakshagana,entity
musique_0525,musique,What county contains the town that WWOT is licensed in?,Blair County,entity
musique_0514,musique,Who paid £15 million to transfer the player who has scored the most Premier League goals to their club?,Newcastle United,compositional
hotpotqa_0983,hotpotqa,ND Črnuče was managed in the mid-90s by the football coach of what nationality?,Slovenian,entity
musique_0868,musique,"In the Crimean War, how many troops did the Turks send to the birthplace of Harutyun Vardanyan?",30000,compositional
musique_0249,musique,"What type of school is the university that published the Owen Wister Review, an instance of?",land-grant university,entity
hotpotqa_0861,hotpotqa,"What high school did NFL quarterback, Heisman winner, and OU football player graduate from?",Putnam City North High School,entity
musique_0386,musique,When did the original judge of American Idol who was a choreographer quit?,before season nine,temporal
hotpotqa_0454,hotpotqa,"Rob Jenkins is an Australian actor, which of his movies, was a 2014 science fiction thriller film?",Predestination,compositional
musique_0552,musique,What is the record label of the composer whose fifth studio album was titled Nine Million Bicycles?,Dramatico,compositional
hotpotqa_0562,hotpotqa,Sameera Perera is a cricketer from what island country located southeast of the Republic of India and northeast of the Maldives?,Sri Lanka,entity
hotpotqa_0085,hotpotqa,In which stadium do the teams owned by Myra Kraft's husband play?,Gillette Stadium,compositional
squad_0468,squad,How much more that the buget did the film gross?,60 million,numerical
musique_0072,musique,What language is used by the director of Thenum Vayambum?,Hindi,entity
hotpotqa_0721,hotpotqa,What is the best-seller by Ruta Sepetys?,Between Shades of Gray,entity
hotpotqa_0088,hotpotqa,"an Emmy Award winner and two-time Tony Award winner, was on the episode 15 of the third season of ""Chuck"". what is her name ?",Swoosie Kurtz,entity
hotpotqa_0802,hotpotqa,Former player Darius Maskoliūnas coaches for which of the oldest Lithuanian basketball teams?,Žalgiris Kaunas.,entity
hotpotqa_0731,hotpotqa,Reagan and Give Us Our Skeletons were both which kind of films?,film,entity
musique_0007,musique,Where did the Baldevins bryllup director die?,Copenhagen,entity
squad_0271,squad,When did Beyonce leave Destiny's Child and become a solo singer?,2003,temporal
squad_0467,squad,What was the name of the woman she played in Obsessed?,Sharon Charles,entity
squad_0362,squad,"Who did Beyoncé sing a duet with for ""The Best Man"" film?",Marc Nelson,entity
musique_0073,musique,Where was the person who founded the American Institute of public opinion in 1935 born?,Jefferson,compositional
hotpotqa_0896,hotpotqa,"Mfon Sunday Udoka, is a Nigerian American former professional basketball player and the new Assistant Coach of the Nigeria women's national basketball team the Lady Tigers, she's the sister of NBA pla",National Basketball Association (NBA),entity
hotpotqa_0713,hotpotqa,"Abraham Roqueñi Iglesias (born April 16, 1978) is a Spanish welterweight kickboxer, he holds notable wins over Andy Souwer, a Dutch welterweight shoot boxer, a two time K-1 World MAX champion, in whic","2005, 2007",temporal
musique_0163,musique,In which county can you find WWGC?,Marshall County,entity
hotpotqa_0810,hotpotqa,"From which Metallica album does the song, used by Niels de Ruiter as walk-on music, come?",Metallica,compositional
hotpotqa_0815,hotpotqa,The Crocs River is a tributary of a river given what nickname?,"""Rhine of North America""",entity
hotpotqa_0121,hotpotqa,What is the length of the River which has Wild Horse Creek as a tributary ?,375 mi long,compositional
hotpotqa_0179,hotpotqa,"Who is the former professional tennis player from Italy, Chris Evert or Mara Santangelo?",Mara Santangelo,entity
musique_0474,musique,Who paid £15 million to transfer the best scorer in premier league to their club?,Newcastle United,entity
hotpotqa_0796,hotpotqa,The boxer that won the silver medal in the men's super heavyweight event at the 2016 Summer Olympics was born in what year?,1985,temporal
musique_0803,musique,Which secondary school did the performer of State of Shock attend?,Dartford Grammar School,compositional
musique_0190,musique,"The singer of ""You don't know her like I do"" was born in what city?",Jefferson,entity
hotpotqa_0583,hotpotqa,"Skyler Elizabeth Day (born August 2, 1991) is an American actress and singer, best known for her recurring roles as Maggie Ritter on the series ""Gigantic"", on TeenNick is an American digital cable and",13-18,numerical
hotpotqa_0471,hotpotqa,John Kassir and Tom Kenny both voice this one character?,Ice King,entity
squad_0272,squad,In what city and state did Beyonce  grow up? ,"Houston, Texas",entity
hotpotqa_0122,hotpotqa,Who is the American internet entrepreneur who founded the company featured on 24 Hours on Craigslist?,Craig Newmark,entity
squad_0435,squad,"The single, ""Listen"" was featured in which movie?",Dreamgirls,entity
hotpotqa_0302,hotpotqa,"The Chandrasekhar limit was named after an astrophysicist, what is the name of his uncle of which is also a novel laureate?",Sir C. V. Raman,entity
hotpotqa_0040,hotpotqa,"Which faith is designated to the University of Providence, private university accredited by the NW association of Schools and Colleges and located in a third largest city in Montana after being passed",Roman Catholic,entity
musique_0486,musique,Who is the spouse of the Democratic candidate who lost his own state in the 2000 general election?,Tipper Gore,compositional
hotpotqa_0027,hotpotqa,Were Pavel Urysohn and Leonid Levin known for the same type of work?,no,other
hotpotqa_0754,hotpotqa,"Produced by Jay Joyce, Celabraison is the debut album for which band?",Sleeper Agent,entity
musique_0639,musique,Who is the sibling of the person who developed Metaphysical Interior with Large Factory?,Alberto Savinio,compositional
hotpotqa_0840,hotpotqa,"Martha Graham was an American modern dancer and choreographer, her style, reshaped American dance and is still taught worldwide, the Graham technique, is a modern dance movement style, and pedagogy cr","May 11, 1894",temporal
musique_0539,musique,When did the singer-songwriter of Forever Your Girl quit as a judge?,before season nine,temporal
musique_0357,musique,What year did the actress who participated in White Material win best Actress?,2001,temporal
musique_0969,musique,Who designed the building where the Portrait of Guidobaldo da Montefeltro is on display?,Giorgio Vasari,compositional
hotpotqa_0979,hotpotqa,"St Estevam is an Island in Ilhas, Goa, India, it is also known as 'Shakecho Juvo' - the isle of vegetables - known for its long, seven-ridged, light green ladyfingers, Okra or okro, known in many Engl",mallow,entity
hotpotqa_0873,hotpotqa,"The World's Best Prom and Shape of the Moon, are films of which genre?",documentary,entity
musique_0910,musique,Who is the player with the most major golf tournament wins?,an American retired professional golfer,entity
hotpotqa_0943,hotpotqa,Who was the two time Walter Camp Coach of the Year winner who led the 2000 Oklahoma Sooners to an Orange Bowl victory? ,Bob Stoops,compositional
hotpotqa_0913,hotpotqa,Lucy Elizabeth Fry played the lead in a television series that follows Eve who is a 19-year-old what?,American tourist,compositional
hotpotqa_0015,hotpotqa,"The 1988 American comedy film, The Great Outdoors, starred a four-time Academy Award nominee, who received a star on the Hollywood Walk of Fame in what year?",2006,entity
hotpotqa_0898,hotpotqa,Which happened first Battle of Okinawa or Operation Nordwind ?,Operation North Wind,temporal
squad_0031,squad,In what year was the Joan B. Kroc Institute for International Peace Studies founded?,1986,temporal
hotpotqa_0172,hotpotqa,"Gelatine was an airship piloted on September 19, 1905 by a pioneer American aviator and what?",barnstormer,entity
musique_0860,musique,What did some commentators think about the originator of the term abominable mystery changing the phrasing in his book?,some commentators have taken this as a concession to religion that Darwin later ,other
hotpotqa_0429,hotpotqa,Barclay Henley was born in a city whose population at the 2010 census was what?,"7,585",compositional
hotpotqa_0664,hotpotqa,Who is Yulia Zagoruychenko's dance partner?,Riccardo Cocchi,entity
musique_0346,musique,In which county is the city where WYYU is located?,Whitfield County,entity
musique_0714,musique,Who is the father of the man who replaced Derby after his resignation?,Isaac D'Israeli,compositional
musique_0227,musique,When did the person who resigned their position following the scandal due to Orsini's bomb being made in England die?,1865,temporal
musique_0374,musique,In what century did the person Schelf Church is named after become the influence for red being worn by Santa Claus?,4th,temporal
squad_0318,squad,Beyonce's mother worked in what industry?,hairdresser and salon owner,entity
squad_0369,squad,Who replaced Luckett and Roberson in Destiny's Child?,Farrah Franklin and Michelle Williams.,entity
musique_0356,musique,What year did the cast member of A Woman's Revenge win best Actress?,2001,temporal
musique_0914,musique,What language is the museum where Wrestlers is located in?,Italian,entity
musique_0948,musique,What is character set incorporating ASCII available through Windows on?,Microsoft Layer,entity
hotpotqa_0775,hotpotqa,What nationality are Ralph Tresvant and Chad Smith?,American,entity
musique_0398,musique,"Who does the actor that played the hitman in The Hitman's Bodyguard, play in The Avengers?",Nick Fury,compositional
hotpotqa_0280,hotpotqa,The President of Egypt that changed the Hamayouni Decree was born in what year?,1928,compositional
hotpotqa_0824,hotpotqa,On which novel is the 1965 film with a character Agent Zeke Kelso based?,Undercover Cat,entity
hotpotqa_0820,hotpotqa,How long was the Underdog show presented by an English comedian Julian Clary?,six-week television series,temporal
hotpotqa_0800,hotpotqa,The company that manufactured PDQ Chocolate is a registered trademark of what company?,Associated British Foods,entity
musique_0408,musique,What year was the university Arthur Button attended founded?,1862,compositional
musique_0728,musique,When did Admiral Twin tour with pop-stars from the town where Heller Theatre is based?,1998,temporal
hotpotqa_0223,hotpotqa,What actor portrayed a character in a television series about a fictional race of superhumans appearing in American comic books published by Marvel Comics?,"Kenneth ""Ken"" Leung",compositional
squad_0291,squad,"To set the record for Grammys, how many did Beyonce win?",six,numerical
squad_0077,squad,How many students in total were at Notre Dame in 2014?,"12,179",numerical
hotpotqa_0972,hotpotqa,Which stadium in Orlando opened in 1936 and is found west of the home venue for the Orlando City SC?,Camping World Stadium,compositional
hotpotqa_0234,hotpotqa,Titus is the soundtrack to the film that starred which actors?,Anthony Hopkins and Jessica Lange,entity
hotpotqa_0592,hotpotqa,"What is the best known song of the artist who originally recorded the song ""A Thousand Times a Day""?",He Stopped Loving Her Today,compositional
squad_0402,squad,Beyonce's first number one song was which song?,Crazy in Love,entity
squad_0120,squad,What was the size of the Notre Dame endowment when Theodore Hesburgh became president?,$9 million,numerical
hotpotqa_0033,hotpotqa,Where is the company that purchased Aixam based in?,"Roseau, Minnesota, USA",compositional
musique_0510,musique,Who paid £15 million to transfer the player who scored the most goal in the Premier League to their club?,Newcastle United,compositional
musique_0192,musique,Who was the founder of Titus Lucretius Tricipitinus' country of citizenship?,L. Junius Brutus,compositional
musique_0404,musique,Who is the child of the 1958 Senate Majority Leader?,Lynda Bird Johnson Robb,entity
musique_0264,musique,What year was the largest Presbyterian denomination brought to Pu Laldenga's birthplace?,1894,temporal
musique_0923,musique,Who was the place where Pieta is located designed by?,Giorgio Vasari,entity
hotpotqa_0603,hotpotqa,Whitney Williams has a chair on the board of a non-profit with Ben Affleck and what other company?,williamsworks,compositional
hotpotqa_0596,hotpotqa,How many people were killed by a van bomb by the man Inga Bejer Engh prosecuted in a high profile 2012 trial?,eight,numerical
squad_0216,squad,Who is the developer of Eddy Street Commons?,Kite Realty,entity
squad_0390,squad,"What large amount did the movie ""Goldmember"" gross?",73 million,numerical
musique_0274,musique,Who is the lead vocalist of the band that released Praying to a New God?,Jack Hues,entity
musique_0465,musique,"Along with the performer of Headlights, what indie/folk musician is based in Miami?",Iron & Wine,entity
squad_0101,squad,How many years was Knute Rockne head coach at Notre Dame?,13,numerical
musique_0785,musique,"When did the person who said ""Child is the father of man"" live?",1770-1850,temporal
squad_0394,squad,What film did Beyoncé star in with Mike Myers in 2002?,Austin Powers in Goldmember,entity
musique_0276,musique,Where did the mathematician who found Euler's formula die?,Saint Petersburg,entity
squad_0491,squad,Who inspired this hiatus?,her mother,entity
hotpotqa_0247,hotpotqa,The Nike Mercurial Vapor is a football shoe worn by which Colombian striker?,Carlos Arturo Bacca Ahumada,entity
hotpotqa_0180,hotpotqa,Who directed a film that included Sarah Manninen?,Martha Coolidge,entity
hotpotqa_0563,hotpotqa,"Abraham Bankier was one of the owners of the Rekord factory that was taken over by a German Industrialist, spy, and member of the Nazi Party who is credited with saving how many Jews during the Holoca","1,200",numerical
hotpotqa_0995,hotpotqa,What disorder the man whose protege starred in Where Danger Lives have?,OCD,compositional
hotpotqa_0761,hotpotqa,The ancient Roman town near Fusaro Lake is now the commune of what?,Bacoli,entity
musique_0821,musique,What secondary school did the person who sang with Carly Simon on You're So Vain attend?,Dartford Grammar School,compositional
musique_0971,musique,When did the state where the Acoma Pueblo Revolt of 1598 took place become part of the US?,"January 6, 1912",temporal
musique_0724,musique,Who was the piano player in the tv show that featured the Hasaris civilization?,Roark Critchlow,entity
musique_0455,musique,What does the name of the region where Firuzabad County is located mean?,Old Persian as Pars,other
musique_0049,musique,"What type of community is the municipality where Norbert Pfretzschner died, an instance of?",comune,entity
squad_0084,squad,What percentage of Notre Dame students feel they are Christian?,more than 93%,numerical
hotpotqa_0516,hotpotqa,"What principal dancer in the Bolshoi ballet, born in 1988, is a student of Valery Lagunov?",Vladislav Lantratov,entity
squad_0347,squad,Who placed Girl's Tyme in Star Search?,Arne Frager,entity
hotpotqa_0793,hotpotqa,How many stored does the American fast food restaurant franchise that sponsored Subway 400 have? ,"45,000",numerical
squad_0428,squad,How high did ''Deja Vu'' climb on the Billboard chart?,top five,numerical
hotpotqa_0276,hotpotqa,Emprise Bank has branches in a city situated along what river?,Neosho River,entity
squad_0437,squad,How much money did Beyonce's tour make in 2007?,24 million,numerical
hotpotqa_0050,hotpotqa,The Southern Railway runs from Vienna to Graz and the border with Slovenia at Spielfeld via the first mountain railway built in Europe to use what kind of track?,standard gauge track,other
hotpotqa_0420,hotpotqa,United 300 and 300 were both made in what country?,American,other
hotpotqa_0442,hotpotqa,Brutti di notte is a parody of the film starring which actress?,Catherine Deneuve,entity
hotpotqa_0788,hotpotqa,"On which television show does Katie Cassidy play the fictional character, Ruby?",Supernatural,entity
squad_0407,squad,"""The Closer I get to You"" was recorded with which artist?",Luther Vandross,entity
musique_0344,musique,What year did the person who described poets as the unacknowledged legislators of mankind die?,8 July 1822,temporal
squad_0118,squad,What was the lifespan of Theodore Hesburgh?,1917–2015,numerical
musique_0859,musique,How many troops did the Turks send to the place where Hayk Kotanjian was born?,30000,compositional
hotpotqa_0106,hotpotqa,Close to the Enemy starred the English actor known as Ash Morgan in what BBC series?,Hustle,entity
musique_0391,musique,Who wrote The Road to City A where City A is where the character the Wizard of Oz is from?,Robert Ludlum,compositional
hotpotqa_0414,hotpotqa,Was the president who appointed Thomas C. Mann a democrat or a republican?,Democrat,compositional
musique_0753,musique,When did Australian troops fight in the country Langila is part of?,October 1944,temporal
musique_0901,musique,How did the person the city where Eugene Blair died was named after respond to the claims that certain animals could not have evolved through natural selection?,Darwin proposed scenarios for the incremental evolution of each feature.,compositional
musique_0572,musique,Who is the programming language that is an example of a 4GL named after?,Michael Widenius's daughter,entity
musique_0857,musique,How many troops did the Turks send to the city where Armen Tigranian was born?,30000,numerical
hotpotqa_0043,hotpotqa,"What American country music singer-songwriter, born in May of 1942, sang a duet with her ex-husband the same year that he released the song ""The Battle?""",Tammy Wynette,entity
squad_0455,squad,When did Beyoncé get married?,"April 4, 2008",temporal
hotpotqa_0954,hotpotqa,Party Never Ends is an album by the Romanian singer who studied at what college?,Ovidius University,compositional
musique_0683,musique,How many episodes were dedicated to the Menendez brothers in the series with a fictional character by the name of Alexandra Borgia?,eight,numerical
hotpotqa_0392,hotpotqa,"Who is older, Vincent Walker or David Usher?",David Usher,other
musique_0645,musique,Who sings on every storm with the person who performed Watching Airplanes?,Co-writer Hillary Lindsey,compositional
musique_0562,musique,In what year was the performer of Will We Be Lovers founded?,1985,temporal
musique_0207,musique,Where did the Patriots live during the war in which Boston was the location of many important events?,the Thirteen Colonies,compositional
hotpotqa_0213,hotpotqa,What nationality is the actress who played the role of Sam Sloan's wife Trudy in the sitcom The Single Guy ?,American,entity
squad_0290,squad,Which artist did Beyonce marry?,Jay Z,entity
hotpotqa_0228,hotpotqa,"Who founded the college attended by Thomas Balston, member of the Whatman paper-making family?",William of Wykeham,compositional
hotpotqa_0417,hotpotqa,"The Sia song ""Never Give Up"" is from the soundtrack of a film that is based on what non-fiction book?","""A Long Way Home""",compositional
hotpotqa_0269,hotpotqa,Lee Il-hyung's first feature film was released by which company ?,Showbox,entity
musique_0768,musique,What was the secondary school attended by the performer of Goddess in the Doorway?,Dartford Grammar School,compositional
musique_0234,musique,"Who was the first national figure buried in the abbey by the father of Mary Cromwell, Countess Fauconberg?",Admiral Robert Blake,entity
hotpotqa_0224,hotpotqa,What comic book published the female superhero created by J. H. Williams III?,DC Comics,entity
musique_0810,musique,What league was the team Elie Ngoyi played for part of?,Canadian Football League,entity
hotpotqa_0253,hotpotqa,"What side of town is the Chicago Mayer-endorsed, 38th Ward of the City of Chicago alderman serving?",Northwest Side,entity
hotpotqa_0522,hotpotqa,Jeremy Brock is the writer and director of this 2011 drama that was adapted from him and what other female?,Rosemary Sutcliff,compositional
hotpotqa_0266,hotpotqa,"Donington School F.C. was an English football club, based in which large village and civil parish in the South Holland district of Lincolnshire, England?","Donington, Lincolnshire",entity
musique_0283,musique,"While Anson led the Chicago Cubs, how many pennants did they win in the league that employed Rich Rieker?",six,numerical
musique_0545,musique,Where were the paternal grandparents from for the artist that a lot of modern pop artists grew up listening to?,"Pacentro, Italy",compositional
hotpotqa_0136,hotpotqa,What city does Bundestag and Reichstag building have in common?,Berlin,entity
hotpotqa_0248,hotpotqa,Lendley C. Black is Chancellor of a university offering how many majors?,85,numerical
hotpotqa_0350,hotpotqa,What New York county is Hartland Swamp Wildlife Management Area located in?,Niagara County,entity
hotpotqa_0511,hotpotqa,This Federation of Indian Airlines member is owned by what Indian business conglomerate?,Wadia Group,entity
squad_0371,squad,Who helped Beyoncé overcome her depression during the years following the Destiny's Child split?,her mother,entity
