sample_id,source,plausible,plausible_reason,topical,topical_reason,contradicts,contradiction_reason,all_pass
hotpotqa_0141,hotpotqa,1,len=44,1,hits=7/30,1,gold absent (contradicts by alternative),1
hotpotqa_0100,hotpotqa,1,len=39,1,hits=2/19,1,gold absent (contradicts by alternative),1
musique_0658,musique,1,len=51,1,hits=3/16,1,gold absent (contradicts by alternative),1
hotpotqa_0900,hotpotqa,1,len=48,1,hits=8/28,1,gold absent (contradicts by alternative),1
musique_0742,musique,1,len=40,1,hits=3/28,1,gold absent (contradicts by alternative),1
hotpotqa_0642,hotpotqa,1,len=49,1,hits=6/36,1,gold absent (contradicts by alternative),1
hotpotqa_0264,hotpotqa,1,len=52,1,hits=4/27,1,gold absent (contradicts by alternative),1
squad_0185,squad,1,len=51,1,hits=3/18,1,gold absent (contradicts by alternative),1
musique_0320,musique,1,len=45,1,hits=4/21,1,gold absent (contradicts by alternative),1
hotpotqa_0924,hotpotqa,1,len=46,1,hits=5/27,1,gold absent (contradicts by alternative),1
hotpotqa_0463,hotpotqa,1,len=34,1,hits=4/31,0,gold appears affirmatively,0
hotpotqa_0862,hotpotqa,1,len=36,0,hits=0/33,1,gold absent (contradicts by alternative),0
hotpotqa_0711,hotpotqa,1,len=49,1,hits=7/14,1,gold absent (contradicts by alternative),1
musique_0976,musique,1,len=48,1,hits=6/20,1,gold absent (contradicts by alternative),1
hotpotqa_0967,hotpotqa,1,len=50,1,hits=8/19,1,gold absent (contradicts by alternative),1
squad_0094,squad,1,len=40,1,hits=2/7,1,gold absent (contradicts by alternative),1
hotpotqa_0667,hotpotqa,1,len=58,1,hits=4/21,1,gold absent (contradicts by alternative),1
hotpotqa_0718,hotpotqa,1,len=45,1,hits=3/30,1,gold absent (contradicts by alternative),1
hotpotqa_0715,hotpotqa,1,len=42,1,hits=3/27,1,gold negated,1
hotpotqa_0835,hotpotqa,1,len=53,1,hits=9/21,1,gold absent (contradicts by alternative),1
hotpotqa_0294,hotpotqa,1,len=46,1,hits=4/17,1,gold absent (contradicts by alternative),1
hotpotqa_0250,hotpotqa,1,len=42,0,hits=0/4,1,gold absent (contradicts by alternative),0
musique_0265,musique,1,len=56,1,hits=3/27,1,gold absent (contradicts by alternative),1
squad_0452,squad,1,len=41,1,hits=2/43,1,gold absent (contradicts by alternative),1
musique_0186,musique,1,len=34,1,hits=6/22,1,gold absent (contradicts by alternative),1
musique_0746,musique,1,len=46,1,hits=1/21,1,gold absent (contradicts by alternative),1
hotpotqa_0965,hotpotqa,1,len=49,1,hits=7/19,1,gold absent (contradicts by alternative),1
musique_0838,musique,1,len=52,1,hits=4/23,1,gold absent (contradicts by alternative),1
squad_0176,squad,1,len=48,1,hits=2/17,1,gold absent (contradicts by alternative),1
musique_0739,musique,1,len=37,1,hits=6/34,1,gold absent (contradicts by alternative),1
hotpotqa_0804,hotpotqa,1,len=52,1,hits=8/22,1,gold absent (contradicts by alternative),1
musique_0077,musique,1,len=46,1,hits=4/30,1,gold absent (contradicts by alternative),1
musique_0512,musique,1,len=50,1,hits=3/8,1,gold absent (contradicts by alternative),1
musique_0399,musique,1,len=45,1,hits=3/13,1,gold absent (contradicts by alternative),1
musique_0111,musique,1,len=35,1,hits=1/21,1,gold absent (contradicts by alternative),1
musique_0286,musique,1,len=51,1,hits=4/30,1,gold absent (contradicts by alternative),1
hotpotqa_0807,hotpotqa,1,len=44,1,hits=3/12,1,gold absent (contradicts by alternative),1
hotpotqa_0226,hotpotqa,1,len=52,1,hits=3/9,1,gold absent (contradicts by alternative),1
squad_0310,squad,1,len=47,1,hits=1/16,1,gold absent (contradicts by alternative),1
squad_0292,squad,1,len=46,1,hits=3/24,1,gold absent (contradicts by alternative),1
hotpotqa_0790,hotpotqa,1,len=37,1,hits=8/22,1,gold absent (contradicts by alternative),1
squad_0220,squad,1,len=40,1,hits=4/19,1,gold absent (contradicts by alternative),1
hotpotqa_0063,hotpotqa,1,len=50,1,hits=6/22,1,gold absent (contradicts by alternative),1
musique_0926,musique,1,len=50,1,hits=2/23,1,gold absent (contradicts by alternative),1
hotpotqa_0177,hotpotqa,1,len=46,1,hits=2/24,1,gold absent (contradicts by alternative),1
squad_0474,squad,1,len=57,1,hits=9/23,1,gold absent (contradicts by alternative),1
musique_0280,musique,1,len=43,1,hits=4/23,1,gold absent (contradicts by alternative),1
hotpotqa_0936,hotpotqa,1,len=48,1,hits=6/44,1,gold absent (contradicts by alternative),1
hotpotqa_0212,hotpotqa,1,len=45,1,hits=3/35,1,gold absent (contradicts by alternative),1
musique_0255,musique,1,len=43,1,hits=4/20,1,gold absent (contradicts by alternative),1
hotpotqa_0844,hotpotqa,1,len=39,1,hits=2/19,1,gold absent (contradicts by alternative),1
hotpotqa_0684,hotpotqa,1,len=39,1,hits=3/12,1,gold absent (contradicts by alternative),1
squad_0419,squad,1,len=46,1,hits=5/37,1,gold absent (contradicts by alternative),1
musique_0687,musique,1,len=42,1,hits=5/28,1,gold absent (contradicts by alternative),1
hotpotqa_0233,hotpotqa,1,len=53,1,hits=2/21,0,gold appears affirmatively,0
hotpotqa_0709,hotpotqa,1,len=48,1,hits=5/29,1,gold absent (contradicts by alternative),1
musique_0730,musique,1,len=42,1,hits=2/11,1,gold absent (contradicts by alternative),1
musique_0117,musique,1,len=44,1,hits=3/22,1,gold absent (contradicts by alternative),1
musique_0885,musique,1,len=42,1,hits=3/12,1,gold absent (contradicts by alternative),1
musique_0068,musique,1,len=50,1,hits=3/16,1,gold absent (contradicts by alternative),1
squad_0267,squad,1,len=45,1,hits=2/41,1,gold absent (contradicts by alternative),1
hotpotqa_0078,hotpotqa,1,len=44,1,hits=5/23,1,gold absent (contradicts by alternative),1
hotpotqa_0416,hotpotqa,1,len=52,1,hits=6/33,1,gold absent (contradicts by alternative),1
musique_0832,musique,1,len=48,1,hits=1/24,1,gold absent (contradicts by alternative),1
musique_0898,musique,1,len=61,1,hits=1/11,1,gold absent (contradicts by alternative),1
musique_0794,musique,1,len=42,1,hits=4/13,0,gold appears affirmatively,0
musique_0417,musique,1,len=46,1,hits=5/13,1,gold absent (contradicts by alternative),1
squad_0286,squad,1,len=45,0,hits=0/17,1,gold absent (contradicts by alternative),0
hotpotqa_0209,hotpotqa,1,len=34,1,hits=2/11,0,gold appears affirmatively,0
musique_0018,musique,1,len=41,1,hits=2/25,1,gold absent (contradicts by alternative),1
musique_0937,musique,1,len=45,1,hits=1/29,1,gold absent (contradicts by alternative),1
hotpotqa_0989,hotpotqa,1,len=46,1,hits=3/10,1,gold absent (contradicts by alternative),1
musique_0755,musique,1,len=46,1,hits=5/32,1,gold absent (contradicts by alternative),1
hotpotqa_0148,hotpotqa,1,len=38,1,hits=8/21,1,gold absent (contradicts by alternative),1
hotpotqa_0599,hotpotqa,1,len=43,1,hits=3/18,1,gold absent (contradicts by alternative),1
hotpotqa_0947,hotpotqa,1,len=51,1,hits=10/33,1,gold negated,1
musique_0376,musique,1,len=55,1,hits=3/17,1,gold absent (contradicts by alternative),1
hotpotqa_0348,hotpotqa,1,len=51,1,hits=5/24,1,gold absent (contradicts by alternative),1
squad_0151,squad,1,len=50,1,hits=3/36,1,gold absent (contradicts by alternative),1
hotpotqa_0538,hotpotqa,1,len=45,1,hits=3/23,1,gold negated,1
hotpotqa_0818,hotpotqa,1,len=48,1,hits=6/13,1,gold absent (contradicts by alternative),1
musique_0786,musique,1,len=52,1,hits=2/24,1,gold absent (contradicts by alternative),1
squad_0114,squad,1,len=47,1,hits=2/16,1,gold absent (contradicts by alternative),1
musique_0270,musique,1,len=55,1,hits=2/9,1,gold absent (contradicts by alternative),1
hotpotqa_0677,hotpotqa,1,len=38,1,hits=5/21,1,gold absent (contradicts by alternative),1
musique_0494,musique,1,len=47,1,hits=2/12,1,gold absent (contradicts by alternative),1
musique_0812,musique,1,len=39,1,hits=2/24,1,gold absent (contradicts by alternative),1
musique_0616,musique,1,len=51,1,hits=6/15,1,gold negated,1
hotpotqa_0624,hotpotqa,1,len=41,1,hits=6/14,1,gold absent (contradicts by alternative),1
hotpotqa_0748,hotpotqa,1,len=44,1,hits=6/27,1,gold absent (contradicts by alternative),1
musique_0804,musique,1,len=33,1,hits=1/22,1,gold absent (contradicts by alternative),1
hotpotqa_0376,hotpotqa,1,len=48,1,hits=2/17,1,gold absent (contradicts by alternative),1
musique_0469,musique,1,len=47,1,hits=6/14,1,gold absent (contradicts by alternative),1
musique_0106,musique,1,len=50,1,hits=4/14,1,gold absent (contradicts by alternative),1
hotpotqa_0897,hotpotqa,1,len=42,1,hits=5/14,1,gold absent (contradicts by alternative),1
musique_0429,musique,1,len=41,1,hits=1/18,1,gold absent (contradicts by alternative),1
hotpotqa_0534,hotpotqa,1,len=36,1,hits=3/11,1,gold absent (contradicts by alternative),1
hotpotqa_0653,hotpotqa,1,len=41,1,hits=2/19,1,gold absent (contradicts by alternative),1
hotpotqa_0396,hotpotqa,1,len=44,1,hits=3/10,1,gold absent (contradicts by alternative),1
musique_0487,musique,1,len=39,1,hits=3/29,1,gold absent (contradicts by alternative),1
musique_0256,musique,1,len=41,1,hits=4/11,1,gold absent (contradicts by alternative),1
hotpotqa_0519,hotpotqa,1,len=59,1,hits=6/21,1,gold absent (contradicts by alternative),1
hotpotqa_0230,hotpotqa,1,len=41,1,hits=4/23,0,gold appears affirmatively,0
musique_0092,musique,1,len=47,1,hits=5/19,1,gold absent (contradicts by alternative),1
squad_0458,squad,1,len=58,1,hits=6/43,1,gold absent (contradicts by alternative),1
musique_0676,musique,1,len=49,1,hits=3/20,1,gold absent (contradicts by alternative),1
musique_0439,musique,1,len=47,1,hits=5/18,1,gold absent (contradicts by alternative),1
hotpotqa_0221,hotpotqa,1,len=42,1,hits=2/11,1,gold absent (contradicts by alternative),1
hotpotqa_0504,hotpotqa,1,len=63,1,hits=4/10,0,gold appears affirmatively,0
hotpotqa_0371,hotpotqa,1,len=50,1,hits=6/14,1,gold absent (contradicts by alternative),1
musique_0379,musique,1,len=54,1,hits=4/18,1,gold absent (contradicts by alternative),1
hotpotqa_0679,hotpotqa,1,len=50,1,hits=5/18,1,gold absent (contradicts by alternative),1
musique_0159,musique,1,len=41,1,hits=5/24,1,gold absent (contradicts by alternative),1
squad_0111,squad,1,len=48,1,hits=2/16,1,gold absent (contradicts by alternative),1
hotpotqa_0495,hotpotqa,1,len=46,1,hits=3/14,1,gold absent (contradicts by alternative),1
hotpotqa_0119,hotpotqa,1,len=49,1,hits=2/6,1,gold absent (contradicts by alternative),1
hotpotqa_0401,hotpotqa,1,len=42,1,hits=5/9,1,gold absent (contradicts by alternative),1
hotpotqa_0011,hotpotqa,1,len=40,1,hits=5/15,1,gold absent (contradicts by alternative),1
hotpotqa_0558,hotpotqa,1,len=42,1,hits=3/26,1,gold absent (contradicts by alternative),1
musique_0657,musique,1,len=47,1,hits=4/14,1,gold absent (contradicts by alternative),1
hotpotqa_0930,hotpotqa,1,len=44,1,hits=2/14,1,gold absent (contradicts by alternative),1
hotpotqa_0049,hotpotqa,1,len=36,1,hits=3/16,1,gold absent (contradicts by alternative),1
musique_0261,musique,1,len=52,1,hits=1/19,1,gold absent (contradicts by alternative),1
squad_0163,squad,1,len=48,1,hits=5/11,1,gold absent (contradicts by alternative),1
musique_0313,musique,1,len=51,1,hits=5/22,1,gold absent (contradicts by alternative),1
hotpotqa_0051,hotpotqa,1,len=64,1,hits=8/24,1,gold absent (contradicts by alternative),1
musique_0570,musique,1,len=43,1,hits=3/8,1,gold absent (contradicts by alternative),1
hotpotqa_0354,hotpotqa,1,len=40,1,hits=2/9,0,gold appears affirmatively,0
hotpotqa_0419,hotpotqa,1,len=44,1,hits=2/33,1,gold negated,1
musique_0222,musique,1,len=54,1,hits=3/27,1,gold absent (contradicts by alternative),1
musique_0701,musique,1,len=49,1,hits=4/25,1,gold absent (contradicts by alternative),1
musique_0402,musique,1,len=54,1,hits=2/16,1,gold absent (contradicts by alternative),1
hotpotqa_0999,hotpotqa,1,len=49,1,hits=2/27,1,gold absent (contradicts by alternative),1
hotpotqa_0688,hotpotqa,1,len=49,1,hits=4/24,1,gold absent (contradicts by alternative),1
hotpotqa_0524,hotpotqa,1,len=37,1,hits=7/17,1,gold absent (contradicts by alternative),1
musique_0757,musique,1,len=45,1,hits=2/23,1,gold absent (contradicts by alternative),1
hotpotqa_0067,hotpotqa,1,len=45,1,hits=8/35,1,gold absent (contradicts by alternative),1
hotpotqa_0518,hotpotqa,1,len=40,1,hits=4/20,1,gold absent (contradicts by alternative),1
squad_0388,squad,1,len=44,1,hits=2/19,1,gold absent (contradicts by alternative),1
musique_0148,musique,1,len=54,1,hits=3/24,1,gold absent (contradicts by alternative),1
hotpotqa_0661,hotpotqa,1,len=55,1,hits=3/14,1,gold absent (contradicts by alternative),1
hotpotqa_0604,hotpotqa,1,len=44,1,hits=4/43,1,gold absent (contradicts by alternative),1
hotpotqa_0609,hotpotqa,1,len=48,1,hits=5/14,1,gold absent (contradicts by alternative),1
musique_0607,musique,1,len=47,1,hits=7/19,1,gold absent (contradicts by alternative),1
hotpotqa_0323,hotpotqa,1,len=51,1,hits=4/13,1,gold absent (contradicts by alternative),1
hotpotqa_0938,hotpotqa,1,len=54,1,hits=8/15,1,gold absent (contradicts by alternative),1
musique_0863,musique,1,len=58,1,hits=4/33,1,gold absent (contradicts by alternative),1
hotpotqa_0434,hotpotqa,1,len=51,1,hits=6/18,1,gold absent (contradicts by alternative),1
hotpotqa_0567,hotpotqa,1,len=46,1,hits=8/29,1,gold absent (contradicts by alternative),1
musique_0071,musique,1,len=35,1,hits=3/37,1,gold absent (contradicts by alternative),1
squad_0018,squad,1,len=47,1,hits=3/17,1,gold absent (contradicts by alternative),1
hotpotqa_0962,hotpotqa,1,len=40,1,hits=1/22,1,gold absent (contradicts by alternative),1
musique_0573,musique,1,len=49,1,hits=7/23,1,gold absent (contradicts by alternative),1
squad_0097,squad,1,len=54,1,hits=2/9,1,gold absent (contradicts by alternative),1
hotpotqa_0031,hotpotqa,1,len=30,1,hits=3/21,0,gold appears affirmatively,0
hotpotqa_0035,hotpotqa,1,len=52,1,hits=5/13,1,gold absent (contradicts by alternative),1
musique_0751,musique,1,len=46,1,hits=2/18,1,gold absent (contradicts by alternative),1
musique_0156,musique,1,len=51,1,hits=4/15,1,gold absent (contradicts by alternative),1
musique_0366,musique,1,len=41,0,hits=0/4,1,gold absent (contradicts by alternative),0
hotpotqa_0066,hotpotqa,1,len=50,1,hits=3/20,1,gold absent (contradicts by alternative),1
squad_0350,squad,1,len=48,0,hits=0/34,1,gold absent (contradicts by alternative),0
hotpotqa_0892,hotpotqa,1,len=45,1,hits=5/18,1,gold absent (contradicts by alternative),1
musique_0454,musique,1,len=40,1,hits=4/6,1,gold negated,1
hotpotqa_0176,hotpotqa,1,len=45,1,hits=10/24,1,gold negated,1
squad_0132,squad,1,len=51,1,hits=3/6,1,gold absent (contradicts by alternative),1
hotpotqa_0548,hotpotqa,1,len=43,1,hits=4/18,1,gold negated,1
musique_0309,musique,1,len=44,1,hits=2/13,1,gold absent (contradicts by alternative),1
musique_0030,musique,1,len=50,1,hits=4/33,1,gold absent (contradicts by alternative),1
hotpotqa_0017,hotpotqa,1,len=45,1,hits=2/20,1,gold absent (contradicts by alternative),1
musique_0022,musique,1,len=52,1,hits=1/10,1,gold absent (contradicts by alternative),1
hotpotqa_0357,hotpotqa,1,len=38,1,hits=5/10,1,gold absent (contradicts by alternative),1
squad_0061,squad,1,len=38,1,hits=3/14,1,gold absent (contradicts by alternative),1
musique_0493,musique,1,len=50,1,hits=2/14,1,gold absent (contradicts by alternative),1
hotpotqa_0588,hotpotqa,1,len=51,1,hits=5/28,1,gold absent (contradicts by alternative),1
hotpotqa_0581,hotpotqa,1,len=51,1,hits=3/14,1,gold absent (contradicts by alternative),1
musique_0074,musique,1,len=42,1,hits=6/13,1,gold negated,1
musique_0972,musique,1,len=44,1,hits=6/16,1,gold absent (contradicts by alternative),1
musique_0830,musique,1,len=46,1,hits=1/26,1,gold absent (contradicts by alternative),1
musique_0555,musique,1,len=52,1,hits=5/18,1,gold absent (contradicts by alternative),1
musique_0196,musique,1,len=53,1,hits=8/17,1,gold absent (contradicts by alternative),1
musique_0814,musique,1,len=41,1,hits=7/23,1,gold absent (contradicts by alternative),1
squad_0496,squad,1,len=45,1,hits=1/8,1,gold absent (contradicts by alternative),1
hotpotqa_0127,hotpotqa,1,len=41,1,hits=4/7,1,gold negated,1
musique_0142,musique,1,len=47,1,hits=1/13,1,gold absent (contradicts by alternative),1
musique_0139,musique,1,len=43,0,hits=0/13,1,gold absent (contradicts by alternative),0
squad_0071,squad,1,len=45,1,hits=2/15,1,gold absent (contradicts by alternative),1
musique_0082,musique,1,len=39,1,hits=4/11,1,gold absent (contradicts by alternative),1
hotpotqa_0886,hotpotqa,1,len=50,1,hits=2/12,1,gold absent (contradicts by alternative),1
musique_0080,musique,1,len=53,1,hits=4/16,1,gold absent (contradicts by alternative),1
musique_0784,musique,1,len=45,1,hits=2/20,1,gold negated,1
hotpotqa_0061,hotpotqa,1,len=52,1,hits=2/29,1,gold absent (contradicts by alternative),1
musique_0585,musique,1,len=49,1,hits=1/91,1,gold absent (contradicts by alternative),1
musique_0704,musique,1,len=40,1,hits=2/18,1,gold absent (contradicts by alternative),1
musique_0084,musique,1,len=48,1,hits=1/28,1,gold absent (contradicts by alternative),1
hotpotqa_0623,hotpotqa,1,len=45,1,hits=2/13,1,gold absent (contradicts by alternative),1
squad_0453,squad,1,len=48,1,hits=3/43,1,gold absent (contradicts by alternative),1
squad_0034,squad,1,len=50,1,hits=5/10,1,gold absent (contradicts by alternative),1
hotpotqa_0492,hotpotqa,1,len=48,1,hits=3/35,1,gold absent (contradicts by alternative),1
musique_0982,musique,1,len=42,1,hits=6/17,1,gold absent (contradicts by alternative),1
musique_0437,musique,1,len=40,1,hits=3/29,1,gold absent (contradicts by alternative),1
musique_0418,musique,1,len=37,1,hits=5/22,1,gold absent (contradicts by alternative),1
hotpotqa_0201,hotpotqa,1,len=46,1,hits=6/29,0,gold appears affirmatively,0
hotpotqa_0379,hotpotqa,1,len=45,1,hits=3/32,1,gold absent (contradicts by alternative),1
musique_0866,musique,1,len=64,1,hits=2/23,1,gold absent (contradicts by alternative),1
musique_0614,musique,1,len=41,1,hits=5/23,1,gold absent (contradicts by alternative),1
musique_0155,musique,1,len=49,1,hits=2/32,1,gold absent (contradicts by alternative),1
musique_0569,musique,1,len=40,1,hits=5/16,1,gold absent (contradicts by alternative),1
hotpotqa_0155,hotpotqa,1,len=47,1,hits=4/13,1,gold absent (contradicts by alternative),1
hotpotqa_0777,hotpotqa,1,len=49,1,hits=3/9,1,gold absent (contradicts by alternative),1
hotpotqa_0321,hotpotqa,1,len=36,1,hits=4/15,1,gold absent (contradicts by alternative),1
hotpotqa_0241,hotpotqa,1,len=39,1,hits=9/32,0,gold appears affirmatively,0
musique_0618,musique,1,len=49,1,hits=7/24,1,gold absent (contradicts by alternative),1
musique_0955,musique,1,len=43,1,hits=5/27,1,gold absent (contradicts by alternative),1
musique_0844,musique,1,len=40,1,hits=1/30,1,gold absent (contradicts by alternative),1
musique_0711,musique,1,len=40,1,hits=6/11,1,gold absent (contradicts by alternative),1
musique_0829,musique,1,len=56,1,hits=5/17,0,gold appears affirmatively,0
squad_0319,squad,1,len=52,1,hits=2/25,1,gold absent (contradicts by alternative),1
musique_0577,musique,1,len=49,1,hits=1/10,1,gold absent (contradicts by alternative),1
musique_0564,musique,1,len=45,1,hits=5/12,1,gold absent (contradicts by alternative),1
musique_0422,musique,1,len=36,1,hits=4/12,1,gold absent (contradicts by alternative),1
musique_0460,musique,1,len=52,1,hits=3/10,1,gold absent (contradicts by alternative),1
musique_0462,musique,1,len=48,1,hits=3/33,1,gold absent (contradicts by alternative),1
musique_0112,musique,1,len=35,1,hits=4/26,1,gold absent (contradicts by alternative),1
musique_0945,musique,1,len=47,1,hits=5/28,1,gold absent (contradicts by alternative),1
hotpotqa_0638,hotpotqa,1,len=56,1,hits=4/18,1,gold absent (contradicts by alternative),1
musique_0044,musique,1,len=41,1,hits=3/23,1,gold absent (contradicts by alternative),1
musique_0876,musique,1,len=44,1,hits=3/17,1,gold absent (contradicts by alternative),1
musique_0127,musique,1,len=39,1,hits=2/28,1,gold absent (contradicts by alternative),1
hotpotqa_0445,hotpotqa,1,len=46,1,hits=1/20,1,gold absent (contradicts by alternative),1
hotpotqa_0554,hotpotqa,1,len=50,1,hits=5/16,1,gold absent (contradicts by alternative),1
musique_0818,musique,1,len=40,1,hits=4/17,1,gold absent (contradicts by alternative),1
hotpotqa_0994,hotpotqa,1,len=39,1,hits=4/19,1,gold absent (contradicts by alternative),1
hotpotqa_0798,hotpotqa,1,len=40,1,hits=5/7,1,gold absent (contradicts by alternative),1
musique_0508,musique,1,len=45,0,hits=0/41,1,gold absent (contradicts by alternative),0
squad_0009,squad,1,len=45,1,hits=2/19,1,gold absent (contradicts by alternative),1
hotpotqa_0259,hotpotqa,1,len=42,1,hits=3/12,1,gold absent (contradicts by alternative),1
musique_0542,musique,1,len=53,1,hits=2/58,1,gold absent (contradicts by alternative),1
squad_0246,squad,1,len=48,1,hits=4/15,1,gold absent (contradicts by alternative),1
hotpotqa_0038,hotpotqa,1,len=70,1,hits=8/11,1,gold absent (contradicts by alternative),1
squad_0339,squad,1,len=49,1,hits=3/18,1,gold absent (contradicts by alternative),1
musique_0695,musique,1,len=47,1,hits=4/27,1,gold absent (contradicts by alternative),1
squad_0233,squad,1,len=45,1,hits=1/16,1,gold absent (contradicts by alternative),1
musique_0634,musique,1,len=44,1,hits=3/42,1,gold absent (contradicts by alternative),1
hotpotqa_0128,hotpotqa,1,len=57,1,hits=5/27,1,gold absent (contradicts by alternative),1
squad_0333,squad,1,len=43,1,hits=3/15,1,gold absent (contradicts by alternative),1
squad_0117,squad,1,len=37,1,hits=2/18,1,gold absent (contradicts by alternative),1
squad_0418,squad,1,len=49,1,hits=3/36,1,gold absent (contradicts by alternative),1
squad_0203,squad,1,len=54,1,hits=3/14,1,gold absent (contradicts by alternative),1
squad_0492,squad,1,len=46,0,hits=0/8,1,gold absent (contradicts by alternative),0
musique_0548,musique,1,len=49,1,hits=2/13,1,gold absent (contradicts by alternative),1
musique_0194,musique,1,len=49,1,hits=5/23,1,gold absent (contradicts by alternative),1
squad_0017,squad,1,len=43,1,hits=6/18,1,gold absent (contradicts by alternative),1
musique_0766,musique,1,len=49,1,hits=3/14,1,gold absent (contradicts by alternative),1
musique_0990,musique,1,len=44,1,hits=1/14,1,gold absent (contradicts by alternative),1
musique_0008,musique,1,len=51,0,hits=0/22,1,gold absent (contradicts by alternative),0
hotpotqa_0971,hotpotqa,1,len=47,1,hits=6/17,1,gold absent (contradicts by alternative),1
musique_0952,musique,1,len=43,1,hits=2/35,1,gold absent (contradicts by alternative),1
squad_0241,squad,1,len=43,1,hits=3/24,1,gold absent (contradicts by alternative),1
musique_0856,musique,1,len=44,0,hits=0/15,1,gold absent (contradicts by alternative),0
hotpotqa_0834,hotpotqa,1,len=34,1,hits=3/17,1,gold absent (contradicts by alternative),1
hotpotqa_0322,hotpotqa,1,len=40,1,hits=4/48,1,gold absent (contradicts by alternative),1
musique_0116,musique,1,len=40,1,hits=6/33,1,gold absent (contradicts by alternative),1
hotpotqa_0004,hotpotqa,1,len=38,1,hits=1/8,1,gold absent (contradicts by alternative),1
musique_0644,musique,1,len=46,1,hits=6/12,1,gold absent (contradicts by alternative),1
musique_0643,musique,1,len=44,1,hits=6/23,1,gold absent (contradicts by alternative),1
hotpotqa_0161,hotpotqa,1,len=45,1,hits=3/14,1,gold absent (contradicts by alternative),1
musique_0433,musique,1,len=42,1,hits=2/29,1,gold absent (contradicts by alternative),1
musique_0904,musique,1,len=43,1,hits=3/18,1,gold absent (contradicts by alternative),1
musique_0941,musique,1,len=49,1,hits=1/18,1,gold absent (contradicts by alternative),1
squad_0361,squad,1,len=48,1,hits=1/33,1,gold absent (contradicts by alternative),1
squad_0182,squad,1,len=51,1,hits=2/20,1,gold absent (contradicts by alternative),1
musique_0917,musique,1,len=47,1,hits=4/17,1,gold absent (contradicts by alternative),1
hotpotqa_0732,hotpotqa,1,len=51,1,hits=3/10,0,gold appears affirmatively,0
hotpotqa_0331,hotpotqa,1,len=54,1,hits=6/27,1,gold absent (contradicts by alternative),1
musique_0565,musique,1,len=35,1,hits=3/17,1,gold absent (contradicts by alternative),1
hotpotqa_0096,hotpotqa,1,len=43,1,hits=6/24,1,gold absent (contradicts by alternative),1
hotpotqa_0542,hotpotqa,1,len=51,1,hits=3/34,1,gold absent (contradicts by alternative),1
musique_0630,musique,1,len=40,1,hits=6/24,1,gold absent (contradicts by alternative),1
squad_0293,squad,1,len=53,0,hits=0/22,1,gold absent (contradicts by alternative),0
squad_0424,squad,1,len=40,1,hits=2/17,1,gold negated,1
squad_0052,squad,1,len=40,1,hits=4/29,1,gold absent (contradicts by alternative),1
hotpotqa_0277,hotpotqa,1,len=42,1,hits=5/14,1,gold absent (contradicts by alternative),1
hotpotqa_0083,hotpotqa,1,len=41,1,hits=4/23,1,gold absent (contradicts by alternative),1
musique_0137,musique,1,len=57,1,hits=4/23,1,gold absent (contradicts by alternative),1
squad_0164,squad,1,len=48,1,hits=1/10,1,gold absent (contradicts by alternative),1
squad_0457,squad,1,len=47,0,hits=0/42,1,gold absent (contradicts by alternative),0
squad_0232,squad,1,len=50,1,hits=1/16,1,gold absent (contradicts by alternative),1
hotpotqa_0395,hotpotqa,1,len=52,1,hits=4/16,1,gold absent (contradicts by alternative),1
musique_0281,musique,1,len=52,1,hits=5/23,1,gold absent (contradicts by alternative),1
hotpotqa_0479,hotpotqa,1,len=54,1,hits=3/17,0,gold appears affirmatively,0
hotpotqa_0055,hotpotqa,1,len=52,1,hits=5/38,1,gold absent (contradicts by alternative),1
musique_0707,musique,1,len=42,0,hits=0/24,1,gold absent (contradicts by alternative),0
hotpotqa_0756,hotpotqa,1,len=48,0,hits=0/6,1,gold absent (contradicts by alternative),0
musique_0451,musique,1,len=50,1,hits=2/29,1,gold absent (contradicts by alternative),1
musique_0205,musique,1,len=28,1,hits=3/18,1,gold absent (contradicts by alternative),1
musique_0873,musique,1,len=41,1,hits=2/18,1,gold absent (contradicts by alternative),1
hotpotqa_0852,hotpotqa,1,len=37,1,hits=3/8,1,gold absent (contradicts by alternative),1
hotpotqa_0687,hotpotqa,1,len=42,1,hits=1/15,1,gold absent (contradicts by alternative),1
squad_0020,squad,1,len=45,1,hits=3/11,1,gold absent (contradicts by alternative),1
musique_0772,musique,1,len=49,1,hits=5/19,1,gold absent (contradicts by alternative),1
hotpotqa_0792,hotpotqa,1,len=45,1,hits=2/10,1,gold absent (contradicts by alternative),1
musique_0633,musique,1,len=45,1,hits=3/14,1,gold absent (contradicts by alternative),1
musique_0133,musique,1,len=51,1,hits=3/11,1,gold absent (contradicts by alternative),1
squad_0325,squad,1,len=38,1,hits=1/24,1,gold absent (contradicts by alternative),1
musique_0403,musique,1,len=50,1,hits=3/36,1,gold absent (contradicts by alternative),1
musique_0108,musique,1,len=47,1,hits=5/31,1,gold absent (contradicts by alternative),1
hotpotqa_0467,hotpotqa,1,len=34,1,hits=4/19,0,gold appears affirmatively,0
musique_0221,musique,1,len=52,1,hits=5/35,1,gold absent (contradicts by alternative),1
musique_0453,musique,1,len=54,1,hits=3/12,1,gold absent (contradicts by alternative),1
musique_0438,musique,1,len=47,1,hits=1/19,1,gold absent (contradicts by alternative),1
hotpotqa_0064,hotpotqa,1,len=46,1,hits=6/16,1,gold absent (contradicts by alternative),1
squad_0261,squad,1,len=37,1,hits=4/20,1,gold absent (contradicts by alternative),1
squad_0335,squad,1,len=45,0,hits=0/15,1,gold absent (contradicts by alternative),0
musique_0761,musique,1,len=44,1,hits=3/27,1,gold absent (contradicts by alternative),1
hotpotqa_0139,hotpotqa,1,len=44,1,hits=3/28,1,gold absent (contradicts by alternative),1
hotpotqa_0426,hotpotqa,1,len=51,1,hits=4/14,1,gold absent (contradicts by alternative),1
hotpotqa_0324,hotpotqa,1,len=50,1,hits=6/28,1,gold absent (contradicts by alternative),1
hotpotqa_0116,hotpotqa,1,len=41,1,hits=4/9,1,gold absent (contradicts by alternative),1
hotpotqa_0847,hotpotqa,1,len=51,1,hits=6/12,1,gold absent (contradicts by alternative),1
musique_0354,musique,1,len=39,1,hits=1/12,1,gold absent (contradicts by alternative),1
squad_0464,squad,1,len=39,1,hits=1/22,1,gold absent (contradicts by alternative),1
hotpotqa_0692,hotpotqa,1,len=36,1,hits=2/13,1,gold absent (contradicts by alternative),1
hotpotqa_0283,hotpotqa,1,len=57,1,hits=6/15,0,gold appears affirmatively,0
squad_0149,squad,1,len=40,1,hits=1/35,1,gold absent (contradicts by alternative),1
musique_0424,musique,1,len=42,1,hits=5/16,1,gold absent (contradicts by alternative),1
squad_0341,squad,1,len=48,1,hits=3/19,1,gold absent (contradicts by alternative),1
hotpotqa_0953,hotpotqa,1,len=44,1,hits=5/25,1,gold absent (contradicts by alternative),1
hotpotqa_0082,hotpotqa,1,len=44,1,hits=3/20,1,gold absent (contradicts by alternative),1
musique_0782,musique,1,len=41,1,hits=4/16,1,gold absent (contradicts by alternative),1
squad_0353,squad,1,len=40,0,hits=0/34,1,gold absent (contradicts by alternative),0
hotpotqa_0948,hotpotqa,1,len=39,1,hits=8/19,1,gold absent (contradicts by alternative),1
squad_0269,squad,1,len=47,0,hits=0/18,1,gold absent (contradicts by alternative),0
musique_0421,musique,1,len=36,1,hits=3/18,1,gold absent (contradicts by alternative),1
hotpotqa_0390,hotpotqa,1,len=40,1,hits=2/16,1,gold absent (contradicts by alternative),1
squad_0476,squad,1,len=44,1,hits=1/23,1,gold absent (contradicts by alternative),1
musique_0152,musique,1,len=35,1,hits=5/23,1,gold negated,1
hotpotqa_0482,hotpotqa,1,len=38,1,hits=2/25,1,gold absent (contradicts by alternative),1
hotpotqa_0486,hotpotqa,1,len=43,1,hits=4/22,0,gold appears affirmatively,0
squad_0304,squad,1,len=48,1,hits=6/18,1,gold absent (contradicts by alternative),1
musique_0089,musique,1,len=40,1,hits=3/29,1,gold absent (contradicts by alternative),1
squad_0395,squad,1,len=49,1,hits=5/19,1,gold absent (contradicts by alternative),1
musique_0999,musique,1,len=64,1,hits=6/19,1,gold absent (contradicts by alternative),1
musique_0010,musique,1,len=48,1,hits=4/53,1,gold absent (contradicts by alternative),1
musique_0027,musique,1,len=51,1,hits=4/34,1,gold absent (contradicts by alternative),1
hotpotqa_0974,hotpotqa,1,len=45,1,hits=5/27,1,gold absent (contradicts by alternative),1
hotpotqa_0387,hotpotqa,1,len=41,1,hits=4/22,1,gold absent (contradicts by alternative),1
squad_0480,squad,1,len=34,1,hits=1/23,1,gold absent (contradicts by alternative),1
hotpotqa_0708,hotpotqa,1,len=51,1,hits=4/10,0,gold appears affirmatively,0
musique_0672,musique,1,len=45,1,hits=3/11,1,gold absent (contradicts by alternative),1
squad_0481,squad,1,len=49,0,hits=0/22,1,gold absent (contradicts by alternative),0
hotpotqa_0912,hotpotqa,1,len=40,1,hits=1/10,1,gold absent (contradicts by alternative),1
musique_0414,musique,1,len=48,1,hits=4/18,1,gold absent (contradicts by alternative),1
musique_0383,musique,1,len=43,1,hits=8/24,1,gold absent (contradicts by alternative),1
musique_0371,musique,1,len=47,1,hits=3/25,1,gold absent (contradicts by alternative),1
musique_0129,musique,1,len=52,1,hits=7/14,1,gold absent (contradicts by alternative),1
hotpotqa_0072,hotpotqa,1,len=53,1,hits=3/28,1,gold absent (contradicts by alternative),1
musique_0790,musique,1,len=53,1,hits=1/24,1,gold absent (contradicts by alternative),1
musique_0752,musique,1,len=48,1,hits=2/8,1,gold absent (contradicts by alternative),1
squad_0392,squad,1,len=43,1,hits=2/19,1,gold absent (contradicts by alternative),1
musique_0538,musique,1,len=60,1,hits=3/17,0,gold appears affirmatively,0
musique_0960,musique,1,len=45,1,hits=2/17,1,gold absent (contradicts by alternative),1
squad_0135,squad,1,len=58,1,hits=5/11,0,gold appears affirmatively,0
hotpotqa_0037,hotpotqa,1,len=57,1,hits=8/18,0,gold appears affirmatively,0
hotpotqa_0963,hotpotqa,1,len=57,1,hits=5/32,1,gold absent (contradicts by alternative),1
squad_0438,squad,1,len=47,1,hits=2/18,1,gold absent (contradicts by alternative),1
hotpotqa_0054,hotpotqa,1,len=54,1,hits=8/33,1,gold absent (contradicts by alternative),1
hotpotqa_0639,hotpotqa,1,len=43,1,hits=5/9,1,gold absent (contradicts by alternative),1
musique_0864,musique,1,len=51,1,hits=3/15,1,gold absent (contradicts by alternative),1
squad_0263,squad,1,len=46,1,hits=5/19,0,gold appears affirmatively,0
squad_0294,squad,1,len=51,0,hits=0/21,1,gold absent (contradicts by alternative),0
musique_0795,musique,1,len=48,1,hits=5/25,1,gold absent (contradicts by alternative),1
musique_0409,musique,1,len=34,1,hits=4/11,1,gold absent (contradicts by alternative),1
hotpotqa_0589,hotpotqa,1,len=39,1,hits=4/39,1,gold absent (contradicts by alternative),1
squad_0235,squad,1,len=49,1,hits=2/13,1,gold absent (contradicts by alternative),1
hotpotqa_0360,hotpotqa,1,len=35,1,hits=4/13,1,gold absent (contradicts by alternative),1
hotpotqa_0356,hotpotqa,1,len=42,1,hits=3/23,1,gold absent (contradicts by alternative),1
hotpotqa_0594,hotpotqa,1,len=44,1,hits=3/22,1,gold absent (contradicts by alternative),1
squad_0160,squad,1,len=50,1,hits=5/20,1,gold absent (contradicts by alternative),1
musique_0038,musique,1,len=60,1,hits=6/22,1,gold absent (contradicts by alternative),1
hotpotqa_0757,hotpotqa,1,len=43,1,hits=2/21,1,gold absent (contradicts by alternative),1
musique_0272,musique,1,len=43,1,hits=5/26,1,gold absent (contradicts by alternative),1
hotpotqa_0124,hotpotqa,1,len=46,1,hits=6/38,1,gold absent (contradicts by alternative),1
hotpotqa_0885,hotpotqa,1,len=41,1,hits=6/11,1,gold absent (contradicts by alternative),1
musique_0284,musique,1,len=48,1,hits=2/30,1,gold absent (contradicts by alternative),1
hotpotqa_0576,hotpotqa,1,len=44,1,hits=5/10,0,gold appears affirmatively,0
squad_0144,squad,1,len=46,1,hits=5/13,1,gold absent (contradicts by alternative),1
squad_0128,squad,1,len=42,1,hits=3/6,1,gold absent (contradicts by alternative),1
musique_0802,musique,1,len=46,1,hits=5/26,1,gold absent (contradicts by alternative),1
hotpotqa_0927,hotpotqa,1,len=49,1,hits=7/19,1,gold absent (contradicts by alternative),1
hotpotqa_0941,hotpotqa,1,len=51,1,hits=3/22,1,gold absent (contradicts by alternative),1
musique_0934,musique,1,len=41,1,hits=4/27,1,gold absent (contradicts by alternative),1
hotpotqa_0056,hotpotqa,1,len=51,1,hits=4/19,1,gold absent (contradicts by alternative),1
hotpotqa_0068,hotpotqa,1,len=53,1,hits=5/19,1,gold absent (contradicts by alternative),1
musique_0183,musique,1,len=44,1,hits=6/22,1,gold absent (contradicts by alternative),1
hotpotqa_0285,hotpotqa,1,len=49,1,hits=3/21,1,gold absent (contradicts by alternative),1
squad_0280,squad,1,len=52,0,hits=0/18,1,gold absent (contradicts by alternative),0
squad_0197,squad,1,len=40,1,hits=4/20,1,gold absent (contradicts by alternative),1
hotpotqa_0884,hotpotqa,1,len=37,1,hits=3/14,1,gold absent (contradicts by alternative),1
hotpotqa_0663,hotpotqa,1,len=47,1,hits=1/8,1,gold absent (contradicts by alternative),1
hotpotqa_0593,hotpotqa,1,len=43,1,hits=2/12,1,gold absent (contradicts by alternative),1
squad_0140,squad,1,len=56,1,hits=5/20,1,gold negated,1
hotpotqa_0561,hotpotqa,1,len=51,1,hits=6/15,1,gold absent (contradicts by alternative),1
musique_0612,musique,1,len=45,1,hits=3/36,1,gold absent (contradicts by alternative),1
musique_0667,musique,1,len=49,1,hits=3/17,1,gold absent (contradicts by alternative),1
squad_0309,squad,1,len=41,0,hits=0/15,1,gold absent (contradicts by alternative),0
musique_0649,musique,1,len=40,1,hits=4/102,1,gold absent (contradicts by alternative),1
musique_0736,musique,1,len=48,1,hits=7/26,1,gold absent (contradicts by alternative),1
hotpotqa_0926,hotpotqa,1,len=44,1,hits=1/35,1,gold absent (contradicts by alternative),1
hotpotqa_0839,hotpotqa,1,len=48,1,hits=4/17,1,gold absent (contradicts by alternative),1
musique_0057,musique,1,len=50,1,hits=2/15,1,gold absent (contradicts by alternative),1
musique_0323,musique,1,len=39,1,hits=4/7,1,gold absent (contradicts by alternative),1
musique_0005,musique,1,len=52,1,hits=2/19,1,gold absent (contradicts by alternative),1
hotpotqa_0917,hotpotqa,1,len=46,1,hits=3/14,1,gold absent (contradicts by alternative),1
hotpotqa_0423,hotpotqa,1,len=55,1,hits=5/19,1,gold absent (contradicts by alternative),1
squad_0383,squad,1,len=47,1,hits=1/29,1,gold absent (contradicts by alternative),1
hotpotqa_0557,hotpotqa,1,len=42,1,hits=7/18,1,gold absent (contradicts by alternative),1
squad_0288,squad,1,len=44,1,hits=3/17,1,gold absent (contradicts by alternative),1
squad_0226,squad,1,len=43,1,hits=4/23,1,gold absent (contradicts by alternative),1
squad_0208,squad,1,len=43,1,hits=1/6,1,gold absent (contradicts by alternative),1
squad_0465,squad,1,len=48,1,hits=1/22,1,gold absent (contradicts by alternative),1
hotpotqa_0722,hotpotqa,1,len=54,1,hits=1/13,1,gold absent (contradicts by alternative),1
musique_0293,musique,1,len=42,1,hits=1/12,1,gold absent (contradicts by alternative),1
hotpotqa_0214,hotpotqa,1,len=44,1,hits=4/12,1,gold absent (contradicts by alternative),1
hotpotqa_0712,hotpotqa,1,len=44,1,hits=1/9,1,gold absent (contradicts by alternative),1
squad_0297,squad,1,len=44,0,hits=0/21,1,gold absent (contradicts by alternative),0
musique_0146,musique,1,len=44,1,hits=6/16,1,gold absent (contradicts by alternative),1
squad_0072,squad,1,len=47,1,hits=1/15,1,gold absent (contradicts by alternative),1
musique_0343,musique,1,len=44,1,hits=4/16,1,gold absent (contradicts by alternative),1
squad_0027,squad,1,len=42,1,hits=4/33,1,gold absent (contradicts by alternative),1
hotpotqa_0325,hotpotqa,1,len=44,1,hits=4/8,1,gold absent (contradicts by alternative),1
hotpotqa_0406,hotpotqa,1,len=55,1,hits=9/23,1,gold absent (contradicts by alternative),1
hotpotqa_0719,hotpotqa,1,len=46,1,hits=2/23,1,gold absent (contradicts by alternative),1
hotpotqa_0610,hotpotqa,1,len=31,1,hits=2/8,1,gold absent (contradicts by alternative),1
musique_0997,musique,1,len=50,0,hits=0/16,1,gold absent (contradicts by alternative),0
hotpotqa_0246,hotpotqa,1,len=47,1,hits=4/21,1,gold absent (contradicts by alternative),1
hotpotqa_0543,hotpotqa,1,len=51,0,hits=0/9,0,gold appears affirmatively,0
musique_0738,musique,1,len=42,1,hits=5/19,1,gold absent (contradicts by alternative),1
musique_0567,musique,1,len=39,1,hits=5/18,1,gold absent (contradicts by alternative),1
musique_0674,musique,1,len=53,1,hits=4/26,1,gold absent (contradicts by alternative),1
squad_0159,squad,1,len=36,1,hits=2/20,1,gold absent (contradicts by alternative),1
musique_0556,musique,1,len=44,1,hits=2/21,1,gold absent (contradicts by alternative),1
musique_0726,musique,1,len=51,1,hits=2/28,1,gold absent (contradicts by alternative),1
musique_0444,musique,1,len=41,1,hits=2/31,1,gold absent (contradicts by alternative),1
musique_0483,musique,1,len=40,1,hits=3/14,1,gold absent (contradicts by alternative),1
squad_0013,squad,1,len=38,1,hits=2/21,1,gold absent (contradicts by alternative),1
hotpotqa_0074,hotpotqa,1,len=48,1,hits=3/41,1,gold absent (contradicts by alternative),1
squad_0449,squad,1,len=47,0,hits=0/43,1,gold absent (contradicts by alternative),0
hotpotqa_0760,hotpotqa,1,len=46,1,hits=4/20,1,gold absent (contradicts by alternative),1
musique_0638,musique,1,len=40,1,hits=3/14,1,gold absent (contradicts by alternative),1
hotpotqa_0295,hotpotqa,1,len=47,1,hits=3/14,1,gold absent (contradicts by alternative),1
hotpotqa_0540,hotpotqa,1,len=40,1,hits=3/13,1,gold absent (contradicts by alternative),1
musique_0471,musique,1,len=56,1,hits=4/19,1,gold absent (contradicts by alternative),1
musique_0316,musique,1,len=40,1,hits=4/23,1,gold absent (contradicts by alternative),1
hotpotqa_0244,hotpotqa,1,len=41,1,hits=3/13,1,gold absent (contradicts by alternative),1
hotpotqa_0402,hotpotqa,1,len=40,1,hits=3/14,1,gold absent (contradicts by alternative),1
musique_0878,musique,1,len=35,1,hits=1/18,1,gold absent (contradicts by alternative),1
hotpotqa_0749,hotpotqa,1,len=42,1,hits=5/13,1,gold absent (contradicts by alternative),1
squad_0345,squad,1,len=47,1,hits=2/18,1,gold absent (contradicts by alternative),1
musique_0603,musique,1,len=46,1,hits=3/35,1,gold absent (contradicts by alternative),1
hotpotqa_0461,hotpotqa,1,len=56,1,hits=8/33,1,gold absent (contradicts by alternative),1
musique_0953,musique,1,len=43,1,hits=5/19,1,gold absent (contradicts by alternative),1
squad_0363,squad,1,len=51,0,hits=0/13,1,gold absent (contradicts by alternative),0
squad_0302,squad,1,len=42,1,hits=1/15,1,gold absent (contradicts by alternative),1
musique_0834,musique,1,len=53,1,hits=3/20,1,gold absent (contradicts by alternative),1
hotpotqa_0489,hotpotqa,1,len=40,1,hits=4/10,1,gold absent (contradicts by alternative),1
musique_0691,musique,1,len=39,1,hits=2/14,1,gold absent (contradicts by alternative),1
hotpotqa_0529,hotpotqa,1,len=53,1,hits=5/18,0,gold appears affirmatively,0
musique_0345,musique,1,len=44,1,hits=5/30,1,gold absent (contradicts by alternative),1
squad_0360,squad,1,len=46,1,hits=2/34,1,gold absent (contradicts by alternative),1
hotpotqa_0408,hotpotqa,1,len=48,1,hits=8/18,0,gold appears affirmatively,0
squad_0108,squad,1,len=41,1,hits=1/16,1,gold absent (contradicts by alternative),1
hotpotqa_0464,hotpotqa,1,len=48,1,hits=2/10,1,gold absent (contradicts by alternative),1
hotpotqa_0415,hotpotqa,1,len=43,1,hits=2/29,1,gold absent (contradicts by alternative),1
musique_0110,musique,1,len=57,1,hits=12/37,1,gold absent (contradicts by alternative),1
hotpotqa_0671,hotpotqa,1,len=39,1,hits=9/32,1,gold absent (contradicts by alternative),1
musique_0308,musique,1,len=50,1,hits=2/28,1,gold absent (contradicts by alternative),1
squad_0150,squad,1,len=48,1,hits=1/34,1,gold absent (contradicts by alternative),1
musique_0816,musique,1,len=47,1,hits=4/39,0,gold appears affirmatively,0
squad_0119,squad,1,len=47,1,hits=2/5,1,gold absent (contradicts by alternative),1
squad_0322,squad,1,len=46,1,hits=2/24,1,gold absent (contradicts by alternative),1
squad_0051,squad,1,len=49,1,hits=3/30,1,gold absent (contradicts by alternative),1
musique_0060,musique,1,len=49,1,hits=4/15,1,gold absent (contradicts by alternative),1
squad_0469,squad,1,len=40,1,hits=2/21,1,gold absent (contradicts by alternative),1
hotpotqa_0628,hotpotqa,1,len=40,1,hits=3/15,1,gold absent (contradicts by alternative),1
musique_0737,musique,1,len=49,1,hits=1/23,1,gold absent (contradicts by alternative),1
squad_0059,squad,1,len=46,1,hits=3/15,1,gold absent (contradicts by alternative),1
hotpotqa_0720,hotpotqa,1,len=41,1,hits=4/24,1,gold absent (contradicts by alternative),1
hotpotqa_0341,hotpotqa,1,len=46,1,hits=4/21,1,gold absent (contradicts by alternative),1
squad_0186,squad,1,len=39,1,hits=4/18,1,gold absent (contradicts by alternative),1
squad_0172,squad,1,len=37,1,hits=3/13,1,gold absent (contradicts by alternative),1
hotpotqa_0770,hotpotqa,1,len=52,1,hits=5/25,1,gold absent (contradicts by alternative),1
squad_0275,squad,1,len=42,0,hits=0/17,1,gold absent (contradicts by alternative),0
hotpotqa_0092,hotpotqa,1,len=49,1,hits=2/18,1,gold absent (contradicts by alternative),1
hotpotqa_0307,hotpotqa,1,len=40,1,hits=5/14,1,gold absent (contradicts by alternative),1
hotpotqa_0171,hotpotqa,1,len=60,1,hits=5/24,1,gold absent (contradicts by alternative),1
musique_0450,musique,1,len=54,1,hits=7/38,1,gold absent (contradicts by alternative),1
hotpotqa_0219,hotpotqa,1,len=49,1,hits=5/6,1,gold absent (contradicts by alternative),1
musique_0903,musique,1,len=47,0,hits=0/15,1,gold absent (contradicts by alternative),0
musique_0839,musique,1,len=49,1,hits=6/21,1,gold absent (contradicts by alternative),1
hotpotqa_0309,hotpotqa,1,len=50,1,hits=4/20,1,gold absent (contradicts by alternative),1
musique_0384,musique,1,len=39,1,hits=2/41,1,gold absent (contradicts by alternative),1
squad_0427,squad,1,len=42,0,hits=0/19,1,gold absent (contradicts by alternative),0
squad_0145,squad,1,len=49,1,hits=3/15,1,gold absent (contradicts by alternative),1
squad_0421,squad,1,len=44,0,hits=0/36,1,gold absent (contradicts by alternative),0
hotpotqa_0473,hotpotqa,1,len=48,1,hits=4/17,1,gold absent (contradicts by alternative),1
hotpotqa_0472,hotpotqa,1,len=42,1,hits=7/21,1,gold absent (contradicts by alternative),1
hotpotqa_0586,hotpotqa,1,len=43,1,hits=4/11,1,gold absent (contradicts by alternative),1
musique_0673,musique,1,len=43,1,hits=4/12,1,gold absent (contradicts by alternative),1
musique_0332,musique,1,len=54,1,hits=4/40,1,gold absent (contradicts by alternative),1
hotpotqa_0315,hotpotqa,1,len=45,1,hits=5/15,0,gold appears affirmatively,0
musique_0627,musique,1,len=42,1,hits=5/31,1,gold absent (contradicts by alternative),1
hotpotqa_0365,hotpotqa,1,len=52,1,hits=7/27,1,gold absent (contradicts by alternative),1
squad_0065,squad,1,len=38,1,hits=4/17,1,gold absent (contradicts by alternative),1
musique_0480,musique,1,len=44,1,hits=2/13,1,gold absent (contradicts by alternative),1
squad_0134,squad,1,len=44,1,hits=5/11,1,gold absent (contradicts by alternative),1
hotpotqa_0710,hotpotqa,1,len=45,1,hits=4/19,1,gold absent (contradicts by alternative),1
musique_0956,musique,1,len=49,1,hits=1/15,1,gold absent (contradicts by alternative),1
hotpotqa_0907,hotpotqa,1,len=52,1,hits=4/25,1,gold absent (contradicts by alternative),1
musique_0016,musique,1,len=54,1,hits=3/27,1,gold absent (contradicts by alternative),1
musique_0341,musique,1,len=49,1,hits=3/23,1,gold absent (contradicts by alternative),1
squad_0268,squad,1,len=41,1,hits=1/41,1,gold absent (contradicts by alternative),1
musique_0140,musique,1,len=52,1,hits=1/13,1,gold absent (contradicts by alternative),1
squad_0093,squad,1,len=41,1,hits=1/7,1,gold absent (contradicts by alternative),1
hotpotqa_0150,hotpotqa,1,len=45,1,hits=4/16,1,gold absent (contradicts by alternative),1
musique_0135,musique,1,len=37,1,hits=3/16,1,gold absent (contradicts by alternative),1
hotpotqa_0791,hotpotqa,1,len=49,1,hits=4/12,1,gold absent (contradicts by alternative),1
hotpotqa_0232,hotpotqa,1,len=49,1,hits=5/19,1,gold absent (contradicts by alternative),1
musique_0930,musique,1,len=56,1,hits=5/12,1,gold absent (contradicts by alternative),1
hotpotqa_0652,hotpotqa,1,len=44,1,hits=5/39,1,gold absent (contradicts by alternative),1
squad_0486,squad,1,len=54,1,hits=2/23,1,gold absent (contradicts by alternative),1
musique_0685,musique,1,len=37,1,hits=2/43,1,gold absent (contradicts by alternative),1
hotpotqa_0425,hotpotqa,1,len=38,1,hits=3/23,0,gold appears affirmatively,0
hotpotqa_0880,hotpotqa,1,len=49,1,hits=6/26,1,gold absent (contradicts by alternative),1
squad_0478,squad,1,len=59,1,hits=8/23,1,gold absent (contradicts by alternative),1
hotpotqa_0657,hotpotqa,1,len=55,1,hits=2/16,1,gold absent (contradicts by alternative),1
musique_0773,musique,1,len=51,1,hits=5/23,1,gold absent (contradicts by alternative),1
squad_0141,squad,1,len=53,1,hits=3/20,1,gold absent (contradicts by alternative),1
hotpotqa_0860,hotpotqa,1,len=46,1,hits=4/22,1,gold absent (contradicts by alternative),1
hotpotqa_0950,hotpotqa,1,len=42,1,hits=5/32,1,gold absent (contradicts by alternative),1
musique_0615,musique,1,len=44,1,hits=3/16,1,gold absent (contradicts by alternative),1
musique_0650,musique,1,len=44,1,hits=4/46,1,gold absent (contradicts by alternative),1
musique_0244,musique,1,len=42,1,hits=4/15,1,gold absent (contradicts by alternative),1
musique_0778,musique,1,len=40,1,hits=4/18,1,gold absent (contradicts by alternative),1
musique_0290,musique,1,len=55,1,hits=4/33,1,gold absent (contradicts by alternative),1
hotpotqa_0750,hotpotqa,1,len=47,1,hits=4/25,1,gold absent (contradicts by alternative),1
musique_0157,musique,1,len=45,1,hits=3/17,1,gold absent (contradicts by alternative),1
hotpotqa_0167,hotpotqa,1,len=49,1,hits=3/18,0,gold appears affirmatively,0
musique_0411,musique,1,len=32,1,hits=4/14,1,gold absent (contradicts by alternative),1
squad_0351,squad,1,len=50,1,hits=3/34,1,gold absent (contradicts by alternative),1
hotpotqa_0142,hotpotqa,1,len=47,1,hits=6/14,1,gold absent (contradicts by alternative),1
hotpotqa_0207,hotpotqa,1,len=38,1,hits=6/21,1,gold absent (contradicts by alternative),1
hotpotqa_0087,hotpotqa,1,len=42,1,hits=2/38,1,gold absent (contradicts by alternative),1
musique_0015,musique,1,len=41,1,hits=3/14,1,gold absent (contradicts by alternative),1
musique_0727,musique,1,len=48,1,hits=3/22,1,gold absent (contradicts by alternative),1
hotpotqa_0742,hotpotqa,1,len=44,1,hits=4/20,1,gold absent (contradicts by alternative),1
musique_0693,musique,1,len=67,1,hits=3/18,1,gold absent (contradicts by alternative),1
musique_0095,musique,1,len=45,1,hits=6/30,1,gold absent (contradicts by alternative),1
hotpotqa_0656,hotpotqa,1,len=35,1,hits=4/29,0,gold appears affirmatively,0
squad_0289,squad,1,len=48,1,hits=1/23,1,gold absent (contradicts by alternative),1
squad_0321,squad,1,len=49,1,hits=1/24,1,gold absent (contradicts by alternative),1
musique_0504,musique,1,len=64,1,hits=5/14,1,gold absent (contradicts by alternative),1
squad_0447,squad,1,len=43,1,hits=3/43,1,gold absent (contradicts by alternative),1
squad_0270,squad,1,len=39,0,hits=0/18,1,gold absent (contradicts by alternative),0
musique_0017,musique,1,len=52,1,hits=3/100,1,gold absent (contradicts by alternative),1
musique_0758,musique,1,len=39,1,hits=2/19,1,gold absent (contradicts by alternative),1
musique_0916,musique,1,len=56,1,hits=5/18,1,gold absent (contradicts by alternative),1
musique_0622,musique,1,len=37,1,hits=3/97,1,gold absent (contradicts by alternative),1
squad_0043,squad,1,len=49,1,hits=2/7,1,gold absent (contradicts by alternative),1
squad_0188,squad,1,len=42,1,hits=2/18,1,gold absent (contradicts by alternative),1
hotpotqa_0140,hotpotqa,1,len=49,1,hits=2/18,1,gold absent (contradicts by alternative),1
hotpotqa_0539,hotpotqa,1,len=60,1,hits=7/25,1,gold absent (contradicts by alternative),1
hotpotqa_0102,hotpotqa,1,len=50,1,hits=5/39,1,gold absent (contradicts by alternative),1
musique_0754,musique,1,len=34,1,hits=4/18,1,gold absent (contradicts by alternative),1
hotpotqa_0465,hotpotqa,1,len=43,1,hits=2/34,1,gold absent (contradicts by alternative),1
musique_0827,musique,1,len=49,1,hits=1/12,1,gold absent (contradicts by alternative),1
squad_0107,squad,1,len=45,1,hits=4/28,1,gold absent (contradicts by alternative),1
hotpotqa_0073,hotpotqa,1,len=52,1,hits=2/27,1,gold absent (contradicts by alternative),1
hotpotqa_0146,hotpotqa,1,len=44,1,hits=3/9,1,gold absent (contradicts by alternative),1
musique_0191,musique,1,len=53,1,hits=1/21,1,gold absent (contradicts by alternative),1
hotpotqa_0192,hotpotqa,1,len=42,1,hits=4/34,1,gold absent (contradicts by alternative),1
musique_0517,musique,1,len=50,1,hits=5/18,1,gold absent (contradicts by alternative),1
hotpotqa_0181,hotpotqa,1,len=61,1,hits=7/23,1,gold negated,1
musique_0908,musique,1,len=46,1,hits=2/29,1,gold absent (contradicts by alternative),1
hotpotqa_0317,hotpotqa,1,len=49,1,hits=2/26,1,gold absent (contradicts by alternative),1
squad_0462,squad,1,len=43,0,hits=0/22,1,gold absent (contradicts by alternative),0
hotpotqa_0854,hotpotqa,1,len=44,1,hits=6/15,1,gold absent (contradicts by alternative),1
musique_0056,musique,1,len=44,0,hits=0/42,1,gold absent (contradicts by alternative),0
hotpotqa_0502,hotpotqa,1,len=46,1,hits=2/8,1,gold absent (contradicts by alternative),1
squad_0372,squad,1,len=45,1,hits=3/12,1,gold absent (contradicts by alternative),1
squad_0215,squad,1,len=50,1,hits=4/10,1,gold absent (contradicts by alternative),1
hotpotqa_0635,hotpotqa,1,len=56,1,hits=4/17,0,gold appears affirmatively,0
hotpotqa_0763,hotpotqa,1,len=43,1,hits=5/14,0,gold appears affirmatively,0
hotpotqa_0470,hotpotqa,1,len=41,1,hits=4/15,0,gold appears affirmatively,0
musique_0722,musique,1,len=37,1,hits=6/29,0,gold appears affirmatively,0
musique_0393,musique,1,len=44,1,hits=6/42,1,gold absent (contradicts by alternative),1
squad_0179,squad,1,len=48,0,hits=0/18,1,gold absent (contradicts by alternative),0
musique_0368,musique,1,len=53,0,hits=0/26,1,gold absent (contradicts by alternative),0
hotpotqa_0997,hotpotqa,1,len=54,1,hits=4/16,1,gold absent (contradicts by alternative),1
hotpotqa_0634,hotpotqa,1,len=37,1,hits=1/34,1,gold absent (contradicts by alternative),1
squad_0311,squad,1,len=43,1,hits=2/16,1,gold absent (contradicts by alternative),1
musique_0381,musique,1,len=48,1,hits=4/18,1,gold absent (contradicts by alternative),1
hotpotqa_0725,hotpotqa,1,len=41,1,hits=2/13,1,gold absent (contradicts by alternative),1
squad_0260,squad,1,len=53,1,hits=2/19,1,gold absent (contradicts by alternative),1
squad_0376,squad,1,len=45,1,hits=1/30,1,gold absent (contradicts by alternative),1
musique_0466,musique,1,len=43,1,hits=4/19,1,gold absent (contradicts by alternative),1
squad_0201,squad,1,len=52,1,hits=4/13,1,gold absent (contradicts by alternative),1
squad_0165,squad,1,len=45,1,hits=6/11,1,gold absent (contradicts by alternative),1
hotpotqa_0825,hotpotqa,1,len=39,1,hits=4/20,1,gold absent (contradicts by alternative),1
musique_0291,musique,1,len=46,1,hits=4/25,1,gold negated,1
hotpotqa_0452,hotpotqa,1,len=41,1,hits=3/13,1,gold absent (contradicts by alternative),1
squad_0184,squad,1,len=39,1,hits=2/20,1,gold absent (contradicts by alternative),1
musique_0415,musique,1,len=49,1,hits=3/25,1,gold absent (contradicts by alternative),1
musique_0153,musique,1,len=50,1,hits=4/11,1,gold absent (contradicts by alternative),1
squad_0091,squad,1,len=47,1,hits=7/16,1,gold absent (contradicts by alternative),1
musique_0749,musique,1,len=39,1,hits=4/14,1,gold absent (contradicts by alternative),1
hotpotqa_0597,hotpotqa,1,len=47,1,hits=5/14,1,gold absent (contradicts by alternative),1
musique_0598,musique,1,len=37,1,hits=2/38,1,gold absent (contradicts by alternative),1
hotpotqa_0016,hotpotqa,1,len=52,1,hits=2/34,1,gold absent (contradicts by alternative),1
squad_0113,squad,1,len=41,1,hits=4/18,1,gold absent (contradicts by alternative),1
squad_0442,squad,1,len=48,1,hits=1/18,1,gold absent (contradicts by alternative),1
musique_0574,musique,1,len=41,1,hits=2/15,1,gold absent (contradicts by alternative),1
squad_0488,squad,1,len=44,0,hits=0/9,1,gold absent (contradicts by alternative),0
squad_0126,squad,1,len=49,1,hits=1/19,1,gold absent (contradicts by alternative),1
musique_0686,musique,1,len=41,1,hits=2/16,1,gold absent (contradicts by alternative),1
hotpotqa_0977,hotpotqa,1,len=49,1,hits=5/17,1,gold absent (contradicts by alternative),1
hotpotqa_0916,hotpotqa,1,len=47,1,hits=5/29,1,gold absent (contradicts by alternative),1
musique_0924,musique,1,len=49,1,hits=3/27,1,gold absent (contradicts by alternative),1
squad_0039,squad,1,len=44,1,hits=1/7,1,gold absent (contradicts by alternative),1
musique_0775,musique,1,len=52,1,hits=4/26,1,gold absent (contradicts by alternative),1
hotpotqa_0704,hotpotqa,1,len=43,1,hits=1/10,1,gold absent (contradicts by alternative),1
hotpotqa_0270,hotpotqa,1,len=54,1,hits=2/26,1,gold absent (contradicts by alternative),1
squad_0348,squad,1,len=52,0,hits=0/18,1,gold absent (contradicts by alternative),0
musique_0526,musique,1,len=46,1,hits=6/18,1,gold absent (contradicts by alternative),1
squad_0306,squad,1,len=47,0,hits=0/16,1,gold absent (contradicts by alternative),0
hotpotqa_0377,hotpotqa,1,len=40,1,hits=3/17,1,gold absent (contradicts by alternative),1
hotpotqa_0745,hotpotqa,1,len=48,1,hits=4/11,1,gold absent (contradicts by alternative),1
hotpotqa_0707,hotpotqa,1,len=48,1,hits=6/25,1,gold absent (contradicts by alternative),1
hotpotqa_0001,hotpotqa,1,len=42,1,hits=2/8,1,gold absent (contradicts by alternative),1
squad_0218,squad,1,len=53,1,hits=1/10,1,gold absent (contradicts by alternative),1
squad_0422,squad,1,len=42,1,hits=3/18,1,gold absent (contradicts by alternative),1
hotpotqa_0188,hotpotqa,1,len=45,1,hits=7/11,1,gold absent (contradicts by alternative),1
hotpotqa_0211,hotpotqa,1,len=55,1,hits=6/31,1,gold absent (contradicts by alternative),1
musique_0666,musique,1,len=43,1,hits=2/18,1,gold absent (contradicts by alternative),1
musique_0697,musique,1,len=54,1,hits=5/25,1,gold absent (contradicts by alternative),1
musique_0594,musique,1,len=49,1,hits=5/16,1,gold absent (contradicts by alternative),1
musique_0305,musique,1,len=51,1,hits=1/20,1,gold absent (contradicts by alternative),1
hotpotqa_0575,hotpotqa,1,len=47,1,hits=5/18,1,gold absent (contradicts by alternative),1
hotpotqa_0738,hotpotqa,1,len=53,1,hits=6/35,1,gold absent (contradicts by alternative),1
hotpotqa_0521,hotpotqa,1,len=56,1,hits=3/51,1,gold absent (contradicts by alternative),1
musique_0350,musique,1,len=48,1,hits=5/17,1,gold absent (contradicts by alternative),1
musique_0800,musique,1,len=43,1,hits=1/14,1,gold absent (contradicts by alternative),1
musique_0058,musique,1,len=44,1,hits=2/25,1,gold absent (contradicts by alternative),1
musique_0527,musique,1,len=51,1,hits=3/7,1,gold absent (contradicts by alternative),1
hotpotqa_0545,hotpotqa,1,len=45,1,hits=4/11,1,gold absent (contradicts by alternative),1
musique_0125,musique,1,len=43,1,hits=3/28,1,gold absent (contradicts by alternative),1
hotpotqa_0407,hotpotqa,1,len=39,1,hits=4/17,1,gold absent (contradicts by alternative),1
squad_0282,squad,1,len=42,0,hits=0/17,1,gold absent (contradicts by alternative),0
squad_0454,squad,1,len=41,0,hits=0/42,1,gold absent (contradicts by alternative),0
musique_0307,musique,1,len=45,1,hits=2/28,1,gold absent (contradicts by alternative),1
hotpotqa_0046,hotpotqa,1,len=43,1,hits=6/36,1,gold absent (contradicts by alternative),1
musique_0583,musique,1,len=50,1,hits=3/14,1,gold absent (contradicts by alternative),1
musique_0401,musique,1,len=48,1,hits=3/29,1,gold absent (contradicts by alternative),1
hotpotqa_0813,hotpotqa,1,len=47,1,hits=8/52,1,gold absent (contradicts by alternative),1
musique_0160,musique,1,len=35,1,hits=4/19,1,gold absent (contradicts by alternative),1
musique_0143,musique,1,len=51,1,hits=6/16,1,gold negated,1
squad_0025,squad,1,len=45,1,hits=3/32,1,gold absent (contradicts by alternative),1
squad_0053,squad,1,len=44,1,hits=6/30,1,gold absent (contradicts by alternative),1
hotpotqa_0536,hotpotqa,1,len=48,1,hits=2/36,1,gold absent (contradicts by alternative),1
musique_0167,musique,1,len=40,1,hits=4/29,1,gold absent (contradicts by alternative),1
musique_0003,musique,1,len=51,1,hits=3/16,1,gold absent (contradicts by alternative),1
musique_0263,musique,1,len=58,1,hits=4/36,1,gold absent (contradicts by alternative),1
musique_0287,musique,1,len=45,1,hits=5/30,1,gold absent (contradicts by alternative),1
musique_0696,musique,1,len=37,1,hits=3/40,1,gold absent (contradicts by alternative),1
hotpotqa_0734,hotpotqa,1,len=54,1,hits=2/35,1,gold absent (contradicts by alternative),1
hotpotqa_0459,hotpotqa,1,len=57,1,hits=6/20,1,gold absent (contradicts by alternative),1
musique_0626,musique,1,len=41,1,hits=5/24,1,gold absent (contradicts by alternative),1
musique_0780,musique,1,len=43,1,hits=6/26,1,gold absent (contradicts by alternative),1
hotpotqa_0573,hotpotqa,1,len=43,1,hits=2/10,1,gold absent (contradicts by alternative),1
squad_0130,squad,1,len=56,1,hits=2/6,1,gold absent (contradicts by alternative),1
squad_0283,squad,1,len=43,0,hits=0/17,1,gold absent (contradicts by alternative),0
squad_0315,squad,1,len=36,1,hits=5/25,1,gold negated,1
musique_0260,musique,1,len=55,1,hits=4/12,0,gold appears affirmatively,0
musique_0423,musique,1,len=48,1,hits=2/17,1,gold absent (contradicts by alternative),1
musique_0400,musique,1,len=41,1,hits=6/30,0,gold appears affirmatively,0
hotpotqa_0952,hotpotqa,1,len=44,1,hits=7/10,0,gold appears affirmatively,0
hotpotqa_0546,hotpotqa,1,len=46,1,hits=4/17,1,gold absent (contradicts by alternative),1
musique_0597,musique,1,len=49,1,hits=6/22,1,gold absent (contradicts by alternative),1
musique_0119,musique,1,len=42,1,hits=4/27,1,gold absent (contradicts by alternative),1
hotpotqa_0308,hotpotqa,1,len=43,1,hits=6/27,1,gold absent (contradicts by alternative),1
musique_0637,musique,1,len=43,1,hits=4/37,1,gold absent (contradicts by alternative),1
hotpotqa_0633,hotpotqa,1,len=38,1,hits=5/12,1,gold absent (contradicts by alternative),1
musique_0113,musique,1,len=54,1,hits=3/27,1,gold absent (contradicts by alternative),1
hotpotqa_0076,hotpotqa,1,len=53,1,hits=3/20,1,gold absent (contradicts by alternative),1
squad_0253,squad,1,len=56,1,hits=2/27,1,gold absent (contradicts by alternative),1
hotpotqa_0456,hotpotqa,1,len=49,1,hits=6/15,1,gold absent (contradicts by alternative),1
squad_0329,squad,1,len=53,0,hits=0/16,1,gold absent (contradicts by alternative),0
musique_0966,musique,1,len=50,1,hits=2/29,1,gold absent (contradicts by alternative),1
musique_0216,musique,1,len=53,1,hits=2/18,1,gold absent (contradicts by alternative),1
hotpotqa_0670,hotpotqa,1,len=39,1,hits=2/11,1,gold absent (contradicts by alternative),1
musique_0211,musique,1,len=47,1,hits=1/29,1,gold absent (contradicts by alternative),1
hotpotqa_0042,hotpotqa,1,len=56,1,hits=8/44,1,gold absent (contradicts by alternative),1
hotpotqa_0817,hotpotqa,1,len=53,1,hits=3/26,1,gold absent (contradicts by alternative),1
hotpotqa_0616,hotpotqa,1,len=41,1,hits=5/19,1,gold absent (contradicts by alternative),1
hotpotqa_0821,hotpotqa,1,len=45,1,hits=2/14,1,gold absent (contradicts by alternative),1
squad_0057,squad,1,len=45,1,hits=1/10,1,gold absent (contradicts by alternative),1
squad_0169,squad,1,len=40,1,hits=3/12,1,gold absent (contradicts by alternative),1
musique_0918,musique,1,len=42,0,hits=0/27,1,gold absent (contradicts by alternative),0
musique_0973,musique,1,len=51,1,hits=5/13,0,gold appears affirmatively,0
hotpotqa_0598,hotpotqa,1,len=48,1,hits=6/34,1,gold absent (contradicts by alternative),1
squad_0251,squad,1,len=52,1,hits=4/27,1,gold absent (contradicts by alternative),1
hotpotqa_0282,hotpotqa,1,len=39,1,hits=6/31,1,gold absent (contradicts by alternative),1
hotpotqa_0665,hotpotqa,1,len=58,1,hits=4/11,1,gold absent (contradicts by alternative),1
musique_0983,musique,1,len=51,1,hits=2/23,1,gold absent (contradicts by alternative),1
musique_0677,musique,1,len=54,1,hits=2/12,1,gold absent (contradicts by alternative),1
musique_0258,musique,1,len=48,1,hits=6/15,1,gold absent (contradicts by alternative),1
hotpotqa_0990,hotpotqa,1,len=42,1,hits=4/17,1,gold absent (contradicts by alternative),1
squad_0430,squad,1,len=48,1,hits=4/17,1,gold absent (contradicts by alternative),1
squad_0086,squad,1,len=45,1,hits=2/34,1,gold absent (contradicts by alternative),1
hotpotqa_0369,hotpotqa,1,len=46,1,hits=8/15,1,gold absent (contradicts by alternative),1
hotpotqa_0906,hotpotqa,1,len=47,1,hits=4/14,1,gold absent (contradicts by alternative),1
hotpotqa_0133,hotpotqa,1,len=68,1,hits=10/19,1,gold absent (contradicts by alternative),1
hotpotqa_0565,hotpotqa,1,len=57,1,hits=8/20,1,gold absent (contradicts by alternative),1
hotpotqa_0699,hotpotqa,1,len=48,1,hits=3/18,1,gold absent (contradicts by alternative),1
hotpotqa_0869,hotpotqa,1,len=52,1,hits=6/24,1,gold absent (contradicts by alternative),1
squad_0307,squad,1,len=44,1,hits=1/16,1,gold absent (contradicts by alternative),1
musique_0991,musique,1,len=62,1,hits=3/16,1,gold absent (contradicts by alternative),1
hotpotqa_0114,hotpotqa,1,len=48,1,hits=5/8,1,gold absent (contradicts by alternative),1
squad_0429,squad,1,len=43,0,hits=0/17,1,gold absent (contradicts by alternative),0
musique_0959,musique,1,len=47,1,hits=3/19,1,gold absent (contradicts by alternative),1
squad_0406,squad,1,len=46,1,hits=4/35,1,gold absent (contradicts by alternative),1
hotpotqa_0958,hotpotqa,1,len=56,1,hits=3/12,1,gold negated,1
musique_0079,musique,1,len=52,1,hits=5/45,1,gold absent (contradicts by alternative),1
musique_0631,musique,1,len=51,1,hits=1/97,1,gold absent (contradicts by alternative),1
musique_0797,musique,1,len=46,1,hits=5/27,1,gold absent (contradicts by alternative),1
squad_0285,squad,1,len=35,1,hits=4/18,1,gold absent (contradicts by alternative),1
hotpotqa_0621,hotpotqa,1,len=54,1,hits=4/23,1,gold absent (contradicts by alternative),1
musique_0174,musique,1,len=56,1,hits=1/51,1,gold absent (contradicts by alternative),1
musique_0774,musique,1,len=44,1,hits=3/21,1,gold absent (contradicts by alternative),1
musique_0101,musique,1,len=44,1,hits=4/24,1,gold absent (contradicts by alternative),1
hotpotqa_0217,hotpotqa,1,len=55,1,hits=8/34,0,gold appears affirmatively,0
hotpotqa_0329,hotpotqa,1,len=45,1,hits=6/18,1,gold absent (contradicts by alternative),1
musique_0134,musique,1,len=35,1,hits=5/36,1,gold absent (contradicts by alternative),1
musique_0499,musique,1,len=44,1,hits=4/14,1,gold absent (contradicts by alternative),1
musique_0840,musique,1,len=42,1,hits=4/28,1,gold absent (contradicts by alternative),1
musique_0294,musique,1,len=40,1,hits=1/35,1,gold absent (contradicts by alternative),1
hotpotqa_0966,hotpotqa,1,len=46,1,hits=2/22,1,gold absent (contradicts by alternative),1
musique_0144,musique,1,len=46,1,hits=7/13,1,gold absent (contradicts by alternative),1
musique_0817,musique,1,len=47,1,hits=4/19,1,gold absent (contradicts by alternative),1
hotpotqa_0327,hotpotqa,1,len=35,1,hits=2/22,1,gold absent (contradicts by alternative),1
musique_0210,musique,1,len=45,1,hits=2/18,1,gold absent (contradicts by alternative),1
hotpotqa_0428,hotpotqa,1,len=45,1,hits=4/16,1,gold absent (contradicts by alternative),1
musique_0275,musique,1,len=45,1,hits=8/14,1,gold absent (contradicts by alternative),1
musique_0169,musique,1,len=48,1,hits=3/26,1,gold absent (contradicts by alternative),1
musique_0608,musique,1,len=47,1,hits=2/26,1,gold absent (contradicts by alternative),1
musique_0568,musique,1,len=45,1,hits=4/23,1,gold absent (contradicts by alternative),1
hotpotqa_0931,hotpotqa,1,len=53,0,hits=0/19,1,gold absent (contradicts by alternative),0
musique_0854,musique,1,len=55,1,hits=3/11,1,gold absent (contradicts by alternative),1
hotpotqa_0311,hotpotqa,1,len=45,1,hits=5/23,0,gold appears affirmatively,0
squad_0231,squad,1,len=51,1,hits=1/16,1,gold absent (contradicts by alternative),1
musique_0472,musique,1,len=39,1,hits=3/24,1,gold absent (contradicts by alternative),1
musique_0939,musique,1,len=47,1,hits=1/23,1,gold absent (contradicts by alternative),1
musique_0149,musique,1,len=52,1,hits=2/26,1,gold absent (contradicts by alternative),1
hotpotqa_0062,hotpotqa,1,len=46,1,hits=3/24,1,gold absent (contradicts by alternative),1
hotpotqa_0901,hotpotqa,1,len=39,1,hits=3/14,1,gold absent (contradicts by alternative),1
squad_0364,squad,1,len=49,0,hits=0/12,1,gold absent (contradicts by alternative),0
musique_0551,musique,1,len=49,1,hits=5/32,1,gold absent (contradicts by alternative),1
hotpotqa_0227,hotpotqa,1,len=40,1,hits=1/11,1,gold absent (contradicts by alternative),1
musique_0389,musique,1,len=46,1,hits=4/19,1,gold absent (contradicts by alternative),1
hotpotqa_0648,hotpotqa,1,len=44,1,hits=7/26,1,gold absent (contradicts by alternative),1
hotpotqa_0716,hotpotqa,1,len=52,1,hits=5/16,1,gold absent (contradicts by alternative),1
squad_0078,squad,1,len=40,1,hits=1/8,1,gold absent (contradicts by alternative),1
hotpotqa_0537,hotpotqa,1,len=45,1,hits=6/29,1,gold absent (contradicts by alternative),1
musique_0217,musique,1,len=33,1,hits=3/17,1,gold absent (contradicts by alternative),1
musique_0037,musique,1,len=60,1,hits=2/22,1,gold absent (contradicts by alternative),1
musique_0491,musique,1,len=56,1,hits=2/28,1,gold absent (contradicts by alternative),1
musique_0468,musique,1,len=51,1,hits=4/33,1,gold absent (contradicts by alternative),1
hotpotqa_0204,hotpotqa,1,len=42,1,hits=6/28,1,gold absent (contradicts by alternative),1
musique_0996,musique,1,len=47,1,hits=1/15,1,gold absent (contradicts by alternative),1
musique_0285,musique,1,len=44,1,hits=4/28,1,gold absent (contradicts by alternative),1
hotpotqa_0436,hotpotqa,1,len=54,1,hits=4/15,0,gold appears affirmatively,0
squad_0482,squad,1,len=65,1,hits=9/23,1,gold absent (contradicts by alternative),1
squad_0439,squad,1,len=49,0,hits=0/19,1,gold absent (contradicts by alternative),0
squad_0410,squad,1,len=57,1,hits=6/36,1,gold absent (contradicts by alternative),1
squad_0189,squad,1,len=40,1,hits=3/18,1,gold absent (contradicts by alternative),1
hotpotqa_0410,hotpotqa,1,len=53,1,hits=5/9,1,gold absent (contradicts by alternative),1
squad_0276,squad,1,len=47,1,hits=1/17,1,gold absent (contradicts by alternative),1
squad_0194,squad,1,len=50,1,hits=3/13,1,gold absent (contradicts by alternative),1
squad_0420,squad,1,len=45,1,hits=1/36,1,gold absent (contradicts by alternative),1
musique_0193,musique,1,len=52,1,hits=6/22,1,gold absent (contradicts by alternative),1
hotpotqa_0649,hotpotqa,1,len=50,1,hits=6/36,1,gold absent (contradicts by alternative),1
hotpotqa_0644,hotpotqa,1,len=46,1,hits=5/20,1,gold absent (contradicts by alternative),1
hotpotqa_0605,hotpotqa,1,len=55,1,hits=7/18,1,gold absent (contradicts by alternative),1
musique_0692,musique,1,len=43,1,hits=1/17,1,gold absent (contradicts by alternative),1
musique_0406,musique,1,len=52,1,hits=3/21,1,gold absent (contradicts by alternative),1
musique_0059,musique,1,len=50,1,hits=4/27,1,gold absent (contradicts by alternative),1
hotpotqa_0514,hotpotqa,1,len=50,1,hits=5/12,1,gold absent (contradicts by alternative),1
musique_0365,musique,1,len=57,1,hits=7/20,1,gold absent (contradicts by alternative),1
hotpotqa_0838,hotpotqa,1,len=47,1,hits=6/22,1,gold absent (contradicts by alternative),1
hotpotqa_0105,hotpotqa,1,len=50,1,hits=1/18,1,gold absent (contradicts by alternative),1
hotpotqa_0829,hotpotqa,1,len=59,1,hits=7/33,1,gold absent (contradicts by alternative),1
musique_0870,musique,1,len=38,1,hits=2/21,1,gold absent (contradicts by alternative),1
squad_0229,squad,1,len=40,1,hits=1/16,1,gold absent (contradicts by alternative),1
musique_0164,musique,1,len=37,1,hits=5/19,1,gold absent (contradicts by alternative),1
musique_0553,musique,1,len=61,1,hits=2/46,1,gold absent (contradicts by alternative),1
hotpotqa_0850,hotpotqa,1,len=42,1,hits=4/30,0,gold appears affirmatively,0
musique_0744,musique,1,len=48,1,hits=4/30,1,gold absent (contradicts by alternative),1
hotpotqa_0881,hotpotqa,1,len=45,1,hits=3/29,1,gold absent (contradicts by alternative),1
squad_0214,squad,1,len=48,1,hits=2/9,1,gold absent (contradicts by alternative),1
squad_0485,squad,1,len=41,1,hits=1/22,1,gold absent (contradicts by alternative),1
musique_0050,musique,1,len=52,1,hits=3/35,1,gold absent (contradicts by alternative),1
squad_0075,squad,1,len=41,1,hits=4/26,1,gold absent (contradicts by alternative),1
squad_0046,squad,1,len=43,1,hits=4/23,1,gold absent (contradicts by alternative),1
squad_0317,squad,1,len=42,1,hits=4/25,1,gold absent (contradicts by alternative),1
musique_0052,musique,1,len=46,1,hits=3/18,1,gold absent (contradicts by alternative),1
hotpotqa_0523,hotpotqa,1,len=49,1,hits=4/21,1,gold absent (contradicts by alternative),1
hotpotqa_0746,hotpotqa,1,len=49,1,hits=6/24,1,gold absent (contradicts by alternative),1
squad_0234,squad,1,len=52,1,hits=2/14,1,gold absent (contradicts by alternative),1
hotpotqa_0980,hotpotqa,1,len=52,1,hits=11/20,1,gold absent (contradicts by alternative),1
squad_0490,squad,1,len=38,1,hits=1/9,1,gold absent (contradicts by alternative),1
squad_0344,squad,1,len=49,1,hits=2/20,1,gold absent (contradicts by alternative),1
musique_0719,musique,1,len=36,1,hits=4/8,0,gold appears affirmatively,0
hotpotqa_0084,hotpotqa,1,len=39,1,hits=2/14,1,gold absent (contradicts by alternative),1
hotpotqa_0497,hotpotqa,1,len=45,1,hits=2/13,1,gold absent (contradicts by alternative),1
hotpotqa_0288,hotpotqa,1,len=40,1,hits=4/20,1,gold absent (contradicts by alternative),1
musique_0793,musique,1,len=42,1,hits=3/34,1,gold absent (contradicts by alternative),1
musique_0053,musique,1,len=44,1,hits=2/31,1,gold absent (contradicts by alternative),1
hotpotqa_0921,hotpotqa,1,len=43,1,hits=5/76,1,gold absent (contradicts by alternative),1
musique_0777,musique,1,len=36,1,hits=4/17,1,gold absent (contradicts by alternative),1
musique_0322,musique,1,len=55,1,hits=2/22,1,gold absent (contradicts by alternative),1
musique_0187,musique,1,len=44,1,hits=4/22,1,gold absent (contradicts by alternative),1
hotpotqa_0439,hotpotqa,1,len=46,1,hits=4/28,1,gold absent (contradicts by alternative),1
squad_0497,squad,1,len=53,1,hits=2/8,1,gold absent (contradicts by alternative),1
musique_0822,musique,1,len=42,1,hits=1/18,1,gold absent (contradicts by alternative),1
hotpotqa_0694,hotpotqa,1,len=54,1,hits=10/21,1,gold absent (contradicts by alternative),1
squad_0417,squad,1,len=45,1,hits=3/36,1,gold absent (contradicts by alternative),1
hotpotqa_0242,hotpotqa,1,len=50,1,hits=3/13,1,gold negated,1
musique_0540,musique,1,len=47,1,hits=2/17,1,gold absent (contradicts by alternative),1
squad_0219,squad,1,len=34,1,hits=1/18,1,gold absent (contradicts by alternative),1
musique_0591,musique,1,len=47,1,hits=3/34,1,gold absent (contradicts by alternative),1
hotpotqa_0512,hotpotqa,1,len=56,1,hits=7/15,1,gold absent (contradicts by alternative),1
hotpotqa_0352,hotpotqa,1,len=41,1,hits=2/11,0,gold appears affirmatively,0
hotpotqa_0946,hotpotqa,1,len=40,1,hits=4/20,1,gold absent (contradicts by alternative),1
musique_0970,musique,1,len=55,1,hits=2/17,1,gold absent (contradicts by alternative),1
musique_0871,musique,1,len=47,0,hits=0/22,1,gold absent (contradicts by alternative),0
hotpotqa_0811,hotpotqa,1,len=56,1,hits=3/25,1,gold absent (contradicts by alternative),1
squad_0256,squad,1,len=52,1,hits=5/10,1,gold absent (contradicts by alternative),1
hotpotqa_0112,hotpotqa,1,len=47,1,hits=6/25,1,gold absent (contradicts by alternative),1
hotpotqa_0134,hotpotqa,1,len=43,1,hits=5/16,1,gold absent (contradicts by alternative),1
hotpotqa_0398,hotpotqa,1,len=49,1,hits=4/19,1,gold absent (contradicts by alternative),1
hotpotqa_0986,hotpotqa,1,len=50,1,hits=4/28,1,gold absent (contradicts by alternative),1
musique_0978,musique,1,len=59,0,hits=0/27,1,gold absent (contradicts by alternative),0
musique_0855,musique,1,len=44,1,hits=2/37,1,gold absent (contradicts by alternative),1
musique_0115,musique,1,len=52,1,hits=4/13,1,gold absent (contradicts by alternative),1
hotpotqa_0513,hotpotqa,1,len=51,0,hits=0/19,1,gold absent (contradicts by alternative),0
musique_0981,musique,1,len=50,1,hits=4/27,1,gold absent (contradicts by alternative),1
musique_0998,musique,1,len=37,1,hits=4/19,1,gold negated,1
musique_0252,musique,1,len=46,1,hits=3/25,1,gold negated,1
musique_0521,musique,1,len=49,1,hits=3/12,1,gold negated,1
squad_0074,squad,1,len=42,1,hits=2/25,1,gold absent (contradicts by alternative),1
musique_0779,musique,1,len=43,1,hits=5/27,1,gold absent (contradicts by alternative),1
squad_0355,squad,1,len=37,1,hits=2/34,1,gold absent (contradicts by alternative),1
hotpotqa_0698,hotpotqa,1,len=46,1,hits=3/15,1,gold absent (contradicts by alternative),1
musique_0145,musique,1,len=53,1,hits=8/13,1,gold absent (contradicts by alternative),1
musique_0846,musique,1,len=47,1,hits=1/10,1,gold absent (contradicts by alternative),1
squad_0190,squad,1,len=45,1,hits=1/12,1,gold absent (contradicts by alternative),1
musique_0445,musique,1,len=43,1,hits=5/57,1,gold absent (contradicts by alternative),1
musique_0835,musique,1,len=44,1,hits=2/29,1,gold absent (contradicts by alternative),1
squad_0366,squad,1,len=54,0,hits=0/13,1,gold absent (contradicts by alternative),0
musique_0890,musique,1,len=59,1,hits=3/17,1,gold absent (contradicts by alternative),1
musique_0481,musique,1,len=57,1,hits=3/15,1,gold absent (contradicts by alternative),1
musique_0507,musique,1,len=54,1,hits=5/15,1,gold absent (contradicts by alternative),1
musique_0202,musique,1,len=35,1,hits=6/52,1,gold absent (contradicts by alternative),1
musique_0328,musique,1,len=51,1,hits=4/22,1,gold absent (contradicts by alternative),1
squad_0060,squad,1,len=52,1,hits=2/15,1,gold absent (contradicts by alternative),1
squad_0295,squad,1,len=50,1,hits=3/23,1,gold absent (contradicts by alternative),1
musique_0906,musique,1,len=52,0,hits=0/26,1,gold absent (contradicts by alternative),0
squad_0445,squad,1,len=43,1,hits=1/18,1,gold absent (contradicts by alternative),1
musique_0326,musique,1,len=46,1,hits=3/17,1,gold absent (contradicts by alternative),1
hotpotqa_0940,hotpotqa,1,len=48,1,hits=2/20,1,gold absent (contradicts by alternative),1
squad_0495,squad,1,len=42,0,hits=0/8,1,gold absent (contradicts by alternative),0
hotpotqa_0041,hotpotqa,1,len=52,1,hits=3/16,1,gold absent (contradicts by alternative),1
hotpotqa_0291,hotpotqa,1,len=43,1,hits=4/19,1,gold absent (contradicts by alternative),1
musique_0900,musique,1,len=64,1,hits=9/34,1,gold absent (contradicts by alternative),1
hotpotqa_0113,hotpotqa,1,len=50,1,hits=4/24,1,gold absent (contradicts by alternative),1
musique_0993,musique,1,len=48,1,hits=4/9,1,gold absent (contradicts by alternative),1
hotpotqa_0726,hotpotqa,1,len=61,1,hits=6/35,1,gold negated,1
hotpotqa_0891,hotpotqa,1,len=45,1,hits=6/31,1,gold absent (contradicts by alternative),1
musique_0334,musique,1,len=56,1,hits=4/24,1,gold absent (contradicts by alternative),1
musique_0273,musique,1,len=50,1,hits=3/10,1,gold absent (contradicts by alternative),1
hotpotqa_0968,hotpotqa,1,len=45,1,hits=4/10,0,gold appears affirmatively,0
squad_0166,squad,1,len=47,1,hits=4/12,1,gold absent (contradicts by alternative),1
hotpotqa_0765,hotpotqa,1,len=36,1,hits=5/24,1,gold absent (contradicts by alternative),1
squad_0434,squad,1,len=50,1,hits=1/19,1,gold absent (contradicts by alternative),1
musique_0586,musique,1,len=45,1,hits=4/11,1,gold absent (contradicts by alternative),1
hotpotqa_0165,hotpotqa,1,len=45,1,hits=2/19,0,gold appears affirmatively,0
squad_0210,squad,1,len=52,1,hits=2/9,1,gold absent (contradicts by alternative),1
musique_0131,musique,1,len=39,1,hits=3/20,1,gold absent (contradicts by alternative),1
hotpotqa_0944,hotpotqa,1,len=50,1,hits=7/27,1,gold absent (contradicts by alternative),1
hotpotqa_0449,hotpotqa,1,len=47,1,hits=3/16,1,gold absent (contradicts by alternative),1
hotpotqa_0111,hotpotqa,1,len=42,1,hits=4/15,1,gold absent (contradicts by alternative),1
musique_0912,musique,1,len=48,1,hits=2/27,1,gold absent (contradicts by alternative),1
squad_0121,squad,1,len=40,1,hits=3/6,1,gold absent (contradicts by alternative),1
hotpotqa_0549,hotpotqa,1,len=51,1,hits=5/28,1,gold absent (contradicts by alternative),1
hotpotqa_0186,hotpotqa,1,len=52,1,hits=4/12,0,gold appears affirmatively,0
squad_0088,squad,1,len=47,1,hits=1/15,1,gold absent (contradicts by alternative),1
hotpotqa_0438,hotpotqa,1,len=42,1,hits=4/13,1,gold absent (contradicts by alternative),1
squad_0105,squad,1,len=48,1,hits=3/28,1,gold absent (contradicts by alternative),1
musique_0238,musique,1,len=57,1,hits=2/25,1,gold absent (contradicts by alternative),1
hotpotqa_0383,hotpotqa,1,len=40,1,hits=7/26,1,gold absent (contradicts by alternative),1
musique_0765,musique,1,len=44,1,hits=2/27,1,gold absent (contradicts by alternative),1
hotpotqa_0481,hotpotqa,1,len=45,1,hits=6/18,1,gold absent (contradicts by alternative),1
hotpotqa_0231,hotpotqa,1,len=41,1,hits=4/18,1,gold absent (contradicts by alternative),1
squad_0403,squad,1,len=53,1,hits=5/34,1,gold absent (contradicts by alternative),1
hotpotqa_0672,hotpotqa,1,len=43,1,hits=3/20,1,gold absent (contradicts by alternative),1
squad_0336,squad,1,len=46,0,hits=0/15,1,gold absent (contradicts by alternative),0
hotpotqa_0159,hotpotqa,1,len=50,1,hits=3/20,1,gold absent (contradicts by alternative),1
hotpotqa_0007,hotpotqa,1,len=49,0,hits=0/22,1,gold absent (contradicts by alternative),0
musique_0536,musique,1,len=40,1,hits=4/12,1,gold absent (contradicts by alternative),1
musique_0014,musique,1,len=47,1,hits=2/18,1,gold absent (contradicts by alternative),1
musique_0372,musique,1,len=45,1,hits=3/16,1,gold absent (contradicts by alternative),1
squad_0459,squad,1,len=74,1,hits=7/44,1,gold absent (contradicts by alternative),1
musique_0478,musique,1,len=49,1,hits=1/29,1,gold absent (contradicts by alternative),1
hotpotqa_0920,hotpotqa,1,len=44,1,hits=2/18,1,gold absent (contradicts by alternative),1
musique_0720,musique,1,len=39,1,hits=4/30,1,gold absent (contradicts by alternative),1
hotpotqa_0541,hotpotqa,1,len=52,1,hits=8/12,1,gold absent (contradicts by alternative),1
musique_0032,musique,1,len=39,1,hits=4/10,1,gold negated,1
musique_0176,musique,1,len=46,1,hits=3/11,0,gold appears affirmatively,0
hotpotqa_0503,hotpotqa,1,len=41,1,hits=6/26,1,gold absent (contradicts by alternative),1
musique_0662,musique,1,len=44,1,hits=2/17,1,gold absent (contradicts by alternative),1
hotpotqa_0103,hotpotqa,1,len=65,1,hits=8/28,1,gold absent (contradicts by alternative),1
musique_0992,musique,1,len=45,1,hits=5/12,1,gold absent (contradicts by alternative),1
hotpotqa_0363,hotpotqa,1,len=44,1,hits=3/36,1,gold absent (contradicts by alternative),1
squad_0064,squad,1,len=38,1,hits=3/18,1,gold absent (contradicts by alternative),1
hotpotqa_0190,hotpotqa,1,len=37,1,hits=3/11,1,gold absent (contradicts by alternative),1
musique_0659,musique,1,len=40,1,hits=3/16,1,gold absent (contradicts by alternative),1
musique_0336,musique,1,len=36,1,hits=5/24,1,gold absent (contradicts by alternative),1
musique_0824,musique,1,len=45,1,hits=3/14,1,gold absent (contradicts by alternative),1
hotpotqa_0005,hotpotqa,1,len=48,1,hits=6/16,1,gold negated,1
squad_0067,squad,1,len=49,1,hits=3/18,1,gold absent (contradicts by alternative),1
squad_0035,squad,1,len=43,1,hits=1/10,1,gold absent (contradicts by alternative),1
hotpotqa_0305,hotpotqa,1,len=51,1,hits=5/37,1,gold absent (contradicts by alternative),1
musique_0767,musique,1,len=35,1,hits=6/19,1,gold absent (contradicts by alternative),1
squad_0373,squad,1,len=44,0,hits=0/29,1,gold absent (contradicts by alternative),0
musique_0592,musique,1,len=45,1,hits=2/37,1,gold absent (contradicts by alternative),1
squad_0368,squad,1,len=57,0,hits=0/13,1,gold absent (contradicts by alternative),0
squad_0019,squad,1,len=44,1,hits=4/17,1,gold absent (contradicts by alternative),1
hotpotqa_0058,hotpotqa,1,len=46,1,hits=3/15,0,gold appears affirmatively,0
hotpotqa_0499,hotpotqa,1,len=30,1,hits=2/23,1,gold absent (contradicts by alternative),1
musique_0168,musique,1,len=44,1,hits=3/13,1,gold absent (contradicts by alternative),1
squad_0296,squad,1,len=50,1,hits=2/21,1,gold absent (contradicts by alternative),1
musique_0435,musique,1,len=39,1,hits=2/29,1,gold absent (contradicts by alternative),1
hotpotqa_0474,hotpotqa,1,len=40,1,hits=5/18,0,gold appears affirmatively,0
squad_0207,squad,1,len=50,1,hits=2/6,1,gold absent (contradicts by alternative),1
musique_0877,musique,1,len=46,1,hits=4/13,1,gold absent (contradicts by alternative),1
hotpotqa_0914,hotpotqa,1,len=44,1,hits=4/21,1,gold absent (contradicts by alternative),1
squad_0129,squad,1,len=54,1,hits=3/5,1,gold absent (contradicts by alternative),1
musique_0617,musique,1,len=50,1,hits=2/96,1,gold absent (contradicts by alternative),1
musique_0833,musique,1,len=38,1,hits=3/31,1,gold absent (contradicts by alternative),1
squad_0277,squad,1,len=41,0,hits=0/18,1,gold absent (contradicts by alternative),0
hotpotqa_0955,hotpotqa,1,len=44,1,hits=3/21,1,gold absent (contradicts by alternative),1
hotpotqa_0951,hotpotqa,1,len=50,1,hits=3/18,1,gold absent (contradicts by alternative),1
squad_0446,squad,1,len=44,1,hits=1/43,1,gold absent (contradicts by alternative),1
hotpotqa_0945,hotpotqa,1,len=47,1,hits=8/16,1,gold absent (contradicts by alternative),1
hotpotqa_0222,hotpotqa,1,len=44,1,hits=1/22,1,gold absent (contradicts by alternative),1
squad_0238,squad,1,len=55,1,hits=3/13,1,gold absent (contradicts by alternative),1
hotpotqa_0582,hotpotqa,1,len=35,1,hits=4/27,1,gold absent (contradicts by alternative),1
squad_0087,squad,1,len=47,1,hits=4/34,1,gold absent (contradicts by alternative),1
squad_0205,squad,1,len=44,1,hits=1/6,1,gold absent (contradicts by alternative),1
hotpotqa_0002,hotpotqa,1,len=40,1,hits=3/36,1,gold absent (contradicts by alternative),1
musique_0358,musique,1,len=55,1,hits=4/25,1,gold absent (contradicts by alternative),1
hotpotqa_0271,hotpotqa,1,len=51,1,hits=5/10,1,gold absent (contradicts by alternative),1
hotpotqa_0300,hotpotqa,1,len=56,1,hits=6/65,1,gold absent (contradicts by alternative),1
hotpotqa_0494,hotpotqa,1,len=40,1,hits=3/27,1,gold absent (contradicts by alternative),1
hotpotqa_0306,hotpotqa,1,len=48,1,hits=4/65,1,gold absent (contradicts by alternative),1
hotpotqa_0297,hotpotqa,1,len=46,1,hits=2/23,1,gold absent (contradicts by alternative),1
musique_0329,musique,1,len=47,1,hits=2/10,1,gold absent (contradicts by alternative),1
musique_0694,musique,1,len=49,1,hits=1/18,1,gold absent (contradicts by alternative),1
musique_0040,musique,1,len=50,1,hits=4/26,1,gold absent (contradicts by alternative),1
hotpotqa_0695,hotpotqa,1,len=48,1,hits=6/14,1,gold absent (contradicts by alternative),1
musique_0496,musique,1,len=52,1,hits=4/68,1,gold absent (contradicts by alternative),1
hotpotqa_0346,hotpotqa,1,len=50,1,hits=6/25,1,gold absent (contradicts by alternative),1
musique_0920,musique,1,len=44,1,hits=2/18,1,gold absent (contradicts by alternative),1
musique_0886,musique,1,len=40,1,hits=2/29,1,gold absent (contradicts by alternative),1
hotpotqa_0382,hotpotqa,1,len=43,1,hits=4/24,1,gold absent (contradicts by alternative),1
hotpotqa_0174,hotpotqa,1,len=50,0,hits=0/22,1,gold absent (contradicts by alternative),0
musique_0369,musique,1,len=51,1,hits=2/29,1,gold absent (contradicts by alternative),1
hotpotqa_0507,hotpotqa,1,len=53,1,hits=2/22,1,gold absent (contradicts by alternative),1
musique_0524,musique,1,len=46,1,hits=1/26,1,gold absent (contradicts by alternative),1
hotpotqa_0104,hotpotqa,1,len=53,1,hits=4/15,1,gold absent (contradicts by alternative),1
hotpotqa_0723,hotpotqa,1,len=47,1,hits=5/22,1,gold absent (contradicts by alternative),1
squad_0451,squad,1,len=45,1,hits=1/42,1,gold absent (contradicts by alternative),1
squad_0092,squad,1,len=38,1,hits=2/15,1,gold absent (contradicts by alternative),1
hotpotqa_0153,hotpotqa,1,len=41,1,hits=2/9,1,gold negated,1
hotpotqa_0358,hotpotqa,1,len=47,1,hits=5/16,1,gold absent (contradicts by alternative),1
musique_0712,musique,1,len=51,1,hits=1/16,1,gold absent (contradicts by alternative),1
hotpotqa_0345,hotpotqa,1,len=42,1,hits=4/13,1,gold absent (contradicts by alternative),1
squad_0199,squad,1,len=44,1,hits=2/20,1,gold absent (contradicts by alternative),1
hotpotqa_0086,hotpotqa,1,len=38,1,hits=3/18,1,gold absent (contradicts by alternative),1
hotpotqa_0500,hotpotqa,1,len=45,1,hits=3/12,1,gold absent (contradicts by alternative),1
squad_0249,squad,1,len=53,1,hits=1/27,1,gold absent (contradicts by alternative),1
hotpotqa_0870,hotpotqa,1,len=51,1,hits=4/26,1,gold absent (contradicts by alternative),1
musique_0522,musique,1,len=46,1,hits=3/10,1,gold absent (contradicts by alternative),1
hotpotqa_0389,hotpotqa,1,len=40,1,hits=5/28,1,gold absent (contradicts by alternative),1
hotpotqa_0028,hotpotqa,1,len=45,1,hits=6/20,0,gold appears affirmatively,0
musique_0257,musique,1,len=43,1,hits=2/30,1,gold absent (contradicts by alternative),1
musique_0304,musique,1,len=37,1,hits=4/19,1,gold absent (contradicts by alternative),1
musique_0442,musique,1,len=39,1,hits=6/50,1,gold absent (contradicts by alternative),1
musique_0236,musique,1,len=63,1,hits=6/30,1,gold absent (contradicts by alternative),1
musique_0708,musique,1,len=50,1,hits=6/24,1,gold absent (contradicts by alternative),1
musique_0041,musique,1,len=50,1,hits=3/23,1,gold absent (contradicts by alternative),1
musique_0660,musique,1,len=43,1,hits=1/94,1,gold absent (contradicts by alternative),1
hotpotqa_0021,hotpotqa,1,len=41,1,hits=7/17,1,gold absent (contradicts by alternative),1
musique_0009,musique,1,len=45,1,hits=4/26,1,gold absent (contradicts by alternative),1
hotpotqa_0585,hotpotqa,1,len=53,1,hits=4/28,1,gold absent (contradicts by alternative),1
squad_0499,squad,1,len=44,0,hits=0/10,1,gold absent (contradicts by alternative),0
musique_0965,musique,1,len=53,1,hits=5/16,1,gold absent (contradicts by alternative),1
squad_0049,squad,1,len=52,1,hits=7/29,1,gold absent (contradicts by alternative),1
hotpotqa_0191,hotpotqa,1,len=49,1,hits=3/18,1,gold absent (contradicts by alternative),1
hotpotqa_0491,hotpotqa,1,len=44,1,hits=4/11,1,gold absent (contradicts by alternative),1
hotpotqa_0157,hotpotqa,1,len=49,1,hits=2/8,1,gold absent (contradicts by alternative),1
musique_0850,musique,1,len=42,1,hits=4/26,1,gold absent (contradicts by alternative),1
hotpotqa_0184,hotpotqa,1,len=46,1,hits=3/11,1,gold negated,1
squad_0340,squad,1,len=45,1,hits=6/20,1,gold absent (contradicts by alternative),1
hotpotqa_0832,hotpotqa,1,len=36,1,hits=8/33,1,gold absent (contradicts by alternative),1
musique_0623,musique,1,len=47,1,hits=5/20,1,gold absent (contradicts by alternative),1
squad_0471,squad,1,len=47,1,hits=2/21,1,gold absent (contradicts by alternative),1
hotpotqa_0625,hotpotqa,1,len=37,1,hits=3/23,1,gold absent (contradicts by alternative),1
hotpotqa_0468,hotpotqa,1,len=43,1,hits=3/37,1,gold absent (contradicts by alternative),1
musique_0629,musique,1,len=49,1,hits=5/29,1,gold absent (contradicts by alternative),1
squad_0225,squad,1,len=43,1,hits=4/23,1,gold absent (contradicts by alternative),1
hotpotqa_0587,hotpotqa,1,len=49,1,hits=5/21,1,gold absent (contradicts by alternative),1
squad_0079,squad,1,len=51,0,hits=0/8,1,gold absent (contradicts by alternative),0
hotpotqa_0959,hotpotqa,1,len=50,1,hits=2/3,1,gold absent (contradicts by alternative),1
hotpotqa_0724,hotpotqa,1,len=53,1,hits=6/15,1,gold absent (contradicts by alternative),1
squad_0393,squad,1,len=41,1,hits=2/19,1,gold absent (contradicts by alternative),1
musique_0558,musique,1,len=42,1,hits=2/12,1,gold absent (contradicts by alternative),1
musique_0296,musique,1,len=46,1,hits=5/12,1,gold absent (contradicts by alternative),1
hotpotqa_0856,hotpotqa,1,len=45,1,hits=3/22,1,gold absent (contradicts by alternative),1
hotpotqa_0510,hotpotqa,1,len=67,1,hits=6/13,1,gold absent (contradicts by alternative),1
hotpotqa_0758,hotpotqa,1,len=43,1,hits=1/23,1,gold absent (contradicts by alternative),1
hotpotqa_0108,hotpotqa,1,len=50,1,hits=3/11,1,gold absent (contradicts by alternative),1
hotpotqa_0547,hotpotqa,1,len=47,1,hits=2/30,1,gold absent (contradicts by alternative),1
musique_0105,musique,1,len=46,1,hits=3/24,1,gold absent (contradicts by alternative),1
musique_0599,musique,1,len=41,1,hits=3/29,1,gold absent (contradicts by alternative),1
musique_0881,musique,1,len=51,1,hits=4/20,1,gold absent (contradicts by alternative),1
hotpotqa_0318,hotpotqa,1,len=42,1,hits=6/16,1,gold absent (contradicts by alternative),1
musique_0051,musique,1,len=42,1,hits=10/12,1,gold absent (contradicts by alternative),1
musique_0595,musique,1,len=46,1,hits=3/23,1,gold absent (contradicts by alternative),1
musique_0390,musique,1,len=39,1,hits=3/26,1,gold absent (contradicts by alternative),1
musique_0865,musique,1,len=38,1,hits=5/25,1,gold negated,1
hotpotqa_0976,hotpotqa,1,len=54,1,hits=2/11,1,gold absent (contradicts by alternative),1
squad_0411,squad,1,len=42,1,hits=2/35,1,gold absent (contradicts by alternative),1
hotpotqa_0706,hotpotqa,1,len=45,1,hits=5/25,1,gold absent (contradicts by alternative),1
squad_0245,squad,1,len=51,1,hits=2/15,1,gold absent (contradicts by alternative),1
musique_0929,musique,1,len=49,1,hits=3/11,1,gold absent (contradicts by alternative),1
musique_0883,musique,1,len=52,1,hits=4/25,1,gold negated,1
musique_0427,musique,1,len=43,1,hits=4/25,1,gold negated,1
hotpotqa_0098,hotpotqa,1,len=48,1,hits=5/24,1,gold absent (contradicts by alternative),1
musique_0166,musique,1,len=44,1,hits=2/10,1,gold absent (contradicts by alternative),1
hotpotqa_0555,hotpotqa,1,len=47,1,hits=4/14,1,gold absent (contradicts by alternative),1
hotpotqa_0577,hotpotqa,1,len=53,1,hits=3/45,0,gold appears affirmatively,0
hotpotqa_0714,hotpotqa,1,len=45,1,hits=6/12,1,gold absent (contradicts by alternative),1
musique_0083,musique,1,len=52,1,hits=4/29,1,gold absent (contradicts by alternative),1
hotpotqa_0195,hotpotqa,1,len=44,1,hits=2/21,1,gold absent (contradicts by alternative),1
musique_0689,musique,1,len=42,1,hits=1/9,1,gold absent (contradicts by alternative),1
hotpotqa_0627,hotpotqa,1,len=49,1,hits=6/22,1,gold absent (contradicts by alternative),1
musique_0078,musique,1,len=41,1,hits=4/31,1,gold absent (contradicts by alternative),1
musique_0721,musique,1,len=39,1,hits=3/13,1,gold absent (contradicts by alternative),1
squad_0139,squad,1,len=51,1,hits=5/21,1,gold absent (contradicts by alternative),1
hotpotqa_0215,hotpotqa,1,len=50,1,hits=5/16,1,gold absent (contradicts by alternative),1
musique_0609,musique,1,len=46,1,hits=4/31,1,gold absent (contradicts by alternative),1
musique_0801,musique,1,len=44,1,hits=2/23,1,gold absent (contradicts by alternative),1
squad_0409,squad,1,len=49,1,hits=3/34,1,gold absent (contradicts by alternative),1
hotpotqa_0200,hotpotqa,1,len=55,1,hits=8/29,1,gold absent (contradicts by alternative),1
hotpotqa_0020,hotpotqa,1,len=45,1,hits=5/20,1,gold absent (contradicts by alternative),1
musique_0235,musique,1,len=54,1,hits=5/31,1,gold absent (contradicts by alternative),1
hotpotqa_0462,hotpotqa,1,len=47,1,hits=3/20,1,gold absent (contradicts by alternative),1
squad_0076,squad,1,len=47,1,hits=3/26,1,gold absent (contradicts by alternative),1
squad_0023,squad,1,len=41,1,hits=4/11,1,gold absent (contradicts by alternative),1
hotpotqa_0683,hotpotqa,1,len=45,1,hits=5/27,1,gold absent (contradicts by alternative),1
hotpotqa_0743,hotpotqa,1,len=48,1,hits=6/15,1,gold absent (contradicts by alternative),1
musique_0651,musique,1,len=46,1,hits=3/14,1,gold absent (contradicts by alternative),1
hotpotqa_0674,hotpotqa,1,len=51,1,hits=3/28,1,gold absent (contradicts by alternative),1
musique_0925,musique,1,len=35,1,hits=1/37,1,gold absent (contradicts by alternative),1
hotpotqa_0833,hotpotqa,1,len=49,1,hits=2/44,0,gold appears affirmatively,0
squad_0254,squad,1,len=59,1,hits=5/10,1,gold absent (contradicts by alternative),1
musique_0088,musique,1,len=45,1,hits=2/28,1,gold absent (contradicts by alternative),1
musique_0189,musique,1,len=43,1,hits=4/20,1,gold absent (contradicts by alternative),1
hotpotqa_0553,hotpotqa,1,len=38,1,hits=1/26,1,gold absent (contradicts by alternative),1
squad_0028,squad,1,len=54,1,hits=3/33,1,gold absent (contradicts by alternative),1
squad_0382,squad,1,len=43,1,hits=1/29,1,gold absent (contradicts by alternative),1
hotpotqa_0053,hotpotqa,1,len=43,1,hits=5/14,0,gold appears affirmatively,0
squad_0331,squad,1,len=47,1,hits=1/15,1,gold absent (contradicts by alternative),1
musique_0229,musique,1,len=48,1,hits=4/30,1,gold absent (contradicts by alternative),1
musique_0353,musique,1,len=47,1,hits=4/21,1,gold absent (contradicts by alternative),1
squad_0022,squad,1,len=45,1,hits=1/11,1,gold absent (contradicts by alternative),1
squad_0209,squad,1,len=50,1,hits=2/6,1,gold absent (contradicts by alternative),1
musique_0295,musique,1,len=42,1,hits=1/10,0,gold appears affirmatively,0
musique_0047,musique,1,len=38,1,hits=2/64,1,gold absent (contradicts by alternative),1
hotpotqa_0762,hotpotqa,1,len=55,1,hits=3/18,1,gold negated,1
musique_0799,musique,1,len=39,1,hits=2/30,1,gold absent (contradicts by alternative),1
hotpotqa_0551,hotpotqa,1,len=52,1,hits=6/15,1,gold absent (contradicts by alternative),1
hotpotqa_0144,hotpotqa,1,len=38,1,hits=3/15,1,gold absent (contradicts by alternative),1
squad_0484,squad,1,len=53,1,hits=3/22,1,gold absent (contradicts by alternative),1
musique_0097,musique,1,len=41,1,hits=6/22,0,gold appears affirmatively,0
musique_0448,musique,1,len=40,1,hits=4/23,1,gold absent (contradicts by alternative),1
hotpotqa_0871,hotpotqa,1,len=47,1,hits=1/23,1,gold absent (contradicts by alternative),1
musique_0640,musique,1,len=45,1,hits=2/96,1,gold absent (contradicts by alternative),1
musique_0729,musique,1,len=41,1,hits=4/8,1,gold absent (contradicts by alternative),1
hotpotqa_0934,hotpotqa,1,len=52,1,hits=2/34,1,gold absent (contradicts by alternative),1
musique_0461,musique,1,len=54,1,hits=1/21,1,gold absent (contradicts by alternative),1
hotpotqa_0334,hotpotqa,1,len=46,1,hits=4/28,1,gold absent (contradicts by alternative),1
musique_0397,musique,1,len=43,1,hits=4/15,1,gold absent (contradicts by alternative),1
hotpotqa_0533,hotpotqa,1,len=59,1,hits=5/31,1,gold absent (contradicts by alternative),1
squad_0259,squad,1,len=41,1,hits=1/19,1,gold absent (contradicts by alternative),1
musique_0126,musique,1,len=37,1,hits=3/13,1,gold negated,1
hotpotqa_0152,hotpotqa,1,len=53,1,hits=2/18,1,gold absent (contradicts by alternative),1
hotpotqa_0864,hotpotqa,1,len=49,1,hits=3/6,1,gold absent (contradicts by alternative),1
musique_0874,musique,1,len=52,1,hits=4/20,1,gold absent (contradicts by alternative),1
hotpotqa_0568,hotpotqa,1,len=40,1,hits=4/14,1,gold absent (contradicts by alternative),1
squad_0096,squad,1,len=49,1,hits=2/8,1,gold absent (contradicts by alternative),1
squad_0012,squad,1,len=39,1,hits=2/21,1,gold absent (contradicts by alternative),1
musique_0130,musique,1,len=36,1,hits=5/13,1,gold negated,1
musique_0831,musique,1,len=39,1,hits=2/20,1,gold absent (contradicts by alternative),1
hotpotqa_0440,hotpotqa,1,len=51,1,hits=5/22,1,gold absent (contradicts by alternative),1
hotpotqa_0613,hotpotqa,1,len=38,1,hits=7/33,1,gold absent (contradicts by alternative),1
hotpotqa_0290,hotpotqa,1,len=42,1,hits=2/21,1,gold absent (contradicts by alternative),1
squad_0014,squad,1,len=44,1,hits=3/21,1,gold absent (contradicts by alternative),1
hotpotqa_0075,hotpotqa,1,len=48,1,hits=4/9,1,gold absent (contradicts by alternative),1
squad_0237,squad,1,len=38,1,hits=2/14,1,gold absent (contradicts by alternative),1
hotpotqa_0091,hotpotqa,1,len=42,1,hits=4/22,1,gold absent (contradicts by alternative),1
hotpotqa_0202,hotpotqa,1,len=43,1,hits=4/34,1,gold absent (contradicts by alternative),1
musique_0288,musique,1,len=42,1,hits=6/40,1,gold absent (contradicts by alternative),1
musique_0045,musique,1,len=44,1,hits=6/56,0,gold appears affirmatively,0
musique_0355,musique,1,len=45,1,hits=3/24,1,gold absent (contradicts by alternative),1
squad_0352,squad,1,len=39,1,hits=2/34,1,gold absent (contradicts by alternative),1
squad_0005,squad,1,len=42,1,hits=5/21,1,gold absent (contradicts by alternative),1
hotpotqa_0640,hotpotqa,1,len=43,1,hits=8/18,1,gold absent (contradicts by alternative),1
musique_0004,musique,1,len=48,1,hits=3/26,1,gold absent (contradicts by alternative),1
squad_0146,squad,1,len=46,1,hits=3/13,1,gold absent (contradicts by alternative),1
musique_0502,musique,1,len=46,1,hits=3/19,1,gold absent (contradicts by alternative),1
musique_0093,musique,1,len=42,1,hits=3/16,1,gold absent (contradicts by alternative),1
musique_0546,musique,1,len=42,1,hits=3/9,1,gold absent (contradicts by alternative),1
musique_0063,musique,1,len=46,1,hits=2/31,1,gold absent (contradicts by alternative),1
hotpotqa_0094,hotpotqa,1,len=49,1,hits=6/24,1,gold negated,1
hotpotqa_0615,hotpotqa,1,len=49,1,hits=5/12,1,gold absent (contradicts by alternative),1
musique_0967,musique,1,len=48,1,hits=6/17,1,gold absent (contradicts by alternative),1
hotpotqa_0000,hotpotqa,1,len=45,1,hits=5/19,0,gold appears affirmatively,0
musique_0823,musique,1,len=43,1,hits=3/25,1,gold absent (contradicts by alternative),1
musique_0986,musique,1,len=63,1,hits=1/25,1,gold negated,1
musique_0114,musique,1,len=49,1,hits=5/31,1,gold absent (contradicts by alternative),1
hotpotqa_0744,hotpotqa,1,len=52,1,hits=6/26,1,gold absent (contradicts by alternative),1
musique_0899,musique,1,len=42,1,hits=2/10,1,gold absent (contradicts by alternative),1
musique_0036,musique,1,len=43,1,hits=7/29,0,gold appears affirmatively,0
musique_0543,musique,1,len=41,0,hits=0/38,1,gold absent (contradicts by alternative),0
hotpotqa_0173,hotpotqa,1,len=47,1,hits=4/42,0,gold appears affirmatively,0
hotpotqa_0071,hotpotqa,1,len=36,1,hits=4/18,1,gold absent (contradicts by alternative),1
squad_0191,squad,1,len=46,1,hits=2/12,1,gold absent (contradicts by alternative),1
squad_0008,squad,1,len=45,1,hits=1/19,1,gold absent (contradicts by alternative),1
squad_0024,squad,1,len=41,1,hits=2/33,1,gold absent (contradicts by alternative),1
squad_0062,squad,1,len=52,1,hits=6/14,1,gold absent (contradicts by alternative),1
hotpotqa_0422,hotpotqa,1,len=43,1,hits=3/29,1,gold absent (contradicts by alternative),1
musique_0177,musique,1,len=34,1,hits=3/16,1,gold absent (contradicts by alternative),1
hotpotqa_0263,hotpotqa,1,len=50,1,hits=4/43,0,gold appears affirmatively,0
hotpotqa_0080,hotpotqa,1,len=47,1,hits=2/15,1,gold absent (contradicts by alternative),1
musique_0489,musique,1,len=44,1,hits=3/29,1,gold absent (contradicts by alternative),1
squad_0136,squad,1,len=56,1,hits=2/10,1,gold absent (contradicts by alternative),1
hotpotqa_0915,hotpotqa,1,len=44,1,hits=6/47,1,gold absent (contradicts by alternative),1
musique_0136,musique,1,len=45,1,hits=3/23,1,gold absent (contradicts by alternative),1
hotpotqa_0010,hotpotqa,1,len=51,1,hits=1/25,1,gold absent (contradicts by alternative),1
hotpotqa_0368,hotpotqa,1,len=51,1,hits=4/23,1,gold absent (contradicts by alternative),1
musique_0807,musique,1,len=53,1,hits=4/30,1,gold absent (contradicts by alternative),1
squad_0122,squad,1,len=43,1,hits=4/5,1,gold absent (contradicts by alternative),1
musique_0947,musique,1,len=45,1,hits=2/25,1,gold absent (contradicts by alternative),1
squad_0138,squad,1,len=46,1,hits=3/21,1,gold absent (contradicts by alternative),1
musique_0103,musique,1,len=49,1,hits=5/23,1,gold absent (contradicts by alternative),1
musique_0197,musique,1,len=51,1,hits=3/16,1,gold absent (contradicts by alternative),1
musique_0062,musique,1,len=35,1,hits=3/33,1,gold absent (contradicts by alternative),1
musique_0223,musique,1,len=55,1,hits=7/46,1,gold absent (contradicts by alternative),1
musique_0259,musique,1,len=44,1,hits=3/23,1,gold absent (contradicts by alternative),1
musique_0085,musique,1,len=49,1,hits=6/21,1,gold absent (contradicts by alternative),1
musique_0907,musique,1,len=53,1,hits=3/18,1,gold absent (contradicts by alternative),1
musique_0138,musique,1,len=62,1,hits=3/21,1,gold absent (contradicts by alternative),1
squad_0328,squad,1,len=41,0,hits=0/16,1,gold absent (contradicts by alternative),0
musique_0733,musique,1,len=33,1,hits=4/18,1,gold absent (contradicts by alternative),1
hotpotqa_0830,hotpotqa,1,len=42,1,hits=4/6,1,gold absent (contradicts by alternative),1
hotpotqa_0378,hotpotqa,1,len=47,1,hits=4/24,1,gold absent (contradicts by alternative),1
musique_0725,musique,1,len=53,1,hits=4/28,0,gold appears affirmatively,0
hotpotqa_0130,hotpotqa,1,len=41,1,hits=4/12,1,gold absent (contradicts by alternative),1
squad_0312,squad,1,len=51,0,hits=0/15,1,gold absent (contradicts by alternative),0
hotpotqa_0203,hotpotqa,1,len=52,1,hits=4/10,1,gold absent (contradicts by alternative),1
hotpotqa_0256,hotpotqa,1,len=51,1,hits=3/10,1,gold absent (contradicts by alternative),1
musique_0170,musique,1,len=54,1,hits=2/32,1,gold negated,1
squad_0213,squad,1,len=45,1,hits=3/9,1,gold absent (contradicts by alternative),1
musique_0267,musique,1,len=47,1,hits=3/22,1,gold absent (contradicts by alternative),1
hotpotqa_0991,hotpotqa,1,len=47,1,hits=5/12,1,gold absent (contradicts by alternative),1
musique_0690,musique,1,len=58,1,hits=6/23,1,gold absent (contradicts by alternative),1
hotpotqa_0370,hotpotqa,1,len=33,1,hits=2/26,1,gold absent (contradicts by alternative),1
musique_0214,musique,1,len=53,0,hits=0/26,1,gold absent (contradicts by alternative),0
hotpotqa_0193,hotpotqa,1,len=40,1,hits=3/12,1,gold absent (contradicts by alternative),1
musique_0337,musique,1,len=48,1,hits=1/19,1,gold absent (contradicts by alternative),1
hotpotqa_0982,hotpotqa,1,len=40,1,hits=5/16,1,gold absent (contradicts by alternative),1
musique_0602,musique,1,len=51,1,hits=4/9,1,gold absent (contradicts by alternative),1
musique_0380,musique,1,len=47,1,hits=5/23,1,gold absent (contradicts by alternative),1
musique_0201,musique,1,len=58,1,hits=2/21,1,gold absent (contradicts by alternative),1
hotpotqa_0047,hotpotqa,1,len=44,1,hits=1/24,1,gold absent (contradicts by alternative),1
musique_0325,musique,1,len=39,1,hits=3/17,1,gold absent (contradicts by alternative),1
musique_0954,musique,1,len=48,1,hits=5/16,1,gold absent (contradicts by alternative),1
squad_0324,squad,1,len=51,1,hits=2/24,1,gold absent (contradicts by alternative),1
hotpotqa_0249,hotpotqa,1,len=50,1,hits=4/19,1,gold absent (contradicts by alternative),1
hotpotqa_0169,hotpotqa,1,len=56,1,hits=5/24,1,gold absent (contradicts by alternative),1
hotpotqa_0238,hotpotqa,1,len=55,1,hits=5/22,1,gold absent (contradicts by alternative),1
hotpotqa_0245,hotpotqa,1,len=47,1,hits=4/9,0,gold appears affirmatively,0
hotpotqa_0023,hotpotqa,1,len=56,1,hits=4/13,1,gold absent (contradicts by alternative),1
hotpotqa_0752,hotpotqa,1,len=59,1,hits=3/16,1,gold absent (contradicts by alternative),1
hotpotqa_0911,hotpotqa,1,len=46,1,hits=5/21,1,gold absent (contradicts by alternative),1
squad_0443,squad,1,len=40,1,hits=1/18,1,gold absent (contradicts by alternative),1
hotpotqa_0782,hotpotqa,1,len=35,1,hits=5/25,1,gold negated,1
musique_0718,musique,1,len=44,1,hits=4/10,1,gold absent (contradicts by alternative),1
squad_0370,squad,1,len=57,1,hits=3/12,1,gold absent (contradicts by alternative),1
squad_0400,squad,1,len=41,0,hits=0/35,1,gold absent (contradicts by alternative),0
hotpotqa_0353,hotpotqa,1,len=44,1,hits=4/25,1,gold absent (contradicts by alternative),1
musique_0220,musique,1,len=51,1,hits=2/27,1,gold absent (contradicts by alternative),1
hotpotqa_0619,hotpotqa,1,len=42,1,hits=6/32,1,gold absent (contradicts by alternative),1
musique_0668,musique,1,len=46,1,hits=1/23,1,gold absent (contradicts by alternative),1
hotpotqa_0812,hotpotqa,1,len=42,1,hits=4/13,1,gold absent (contradicts by alternative),1
musique_0699,musique,1,len=46,1,hits=1/8,1,gold absent (contradicts by alternative),1
hotpotqa_0243,hotpotqa,1,len=45,1,hits=6/18,1,gold absent (contradicts by alternative),1
hotpotqa_0069,hotpotqa,1,len=43,1,hits=3/24,0,gold appears affirmatively,0
musique_0764,musique,1,len=38,1,hits=3/27,1,gold absent (contradicts by alternative),1
hotpotqa_0827,hotpotqa,1,len=50,1,hits=7/32,0,gold appears affirmatively,0
hotpotqa_0304,hotpotqa,1,len=43,1,hits=4/24,1,gold absent (contradicts by alternative),1
hotpotqa_0888,hotpotqa,1,len=33,1,hits=2/19,0,gold appears affirmatively,0
musique_0215,musique,1,len=49,1,hits=8/17,1,gold absent (contradicts by alternative),1
hotpotqa_0693,hotpotqa,1,len=58,1,hits=4/20,1,gold absent (contradicts by alternative),1
musique_0055,musique,1,len=40,1,hits=5/29,1,gold absent (contradicts by alternative),1
hotpotqa_0240,hotpotqa,1,len=52,1,hits=3/7,1,gold absent (contradicts by alternative),1
musique_0324,musique,1,len=57,1,hits=4/14,1,gold absent (contradicts by alternative),1
hotpotqa_0367,hotpotqa,1,len=63,1,hits=5/26,1,gold absent (contradicts by alternative),1
hotpotqa_0970,hotpotqa,1,len=45,1,hits=3/39,1,gold absent (contradicts by alternative),1
hotpotqa_0728,hotpotqa,1,len=61,1,hits=5/11,1,gold absent (contradicts by alternative),1
hotpotqa_0196,hotpotqa,1,len=44,1,hits=4/10,1,gold absent (contradicts by alternative),1
hotpotqa_0115,hotpotqa,1,len=45,1,hits=2/10,1,gold negated,1
musique_0436,musique,1,len=37,1,hits=3/26,0,gold appears affirmatively,0
musique_0619,musique,1,len=47,1,hits=3/97,1,gold absent (contradicts by alternative),1
musique_0330,musique,1,len=38,1,hits=6/19,1,gold absent (contradicts by alternative),1
musique_0646,musique,1,len=44,1,hits=4/40,1,gold absent (contradicts by alternative),1
musique_0909,musique,1,len=49,1,hits=6/26,1,gold absent (contradicts by alternative),1
musique_0178,musique,1,len=46,1,hits=3/15,1,gold absent (contradicts by alternative),1
hotpotqa_0741,hotpotqa,1,len=55,1,hits=4/15,1,gold absent (contradicts by alternative),1
squad_0003,squad,1,len=42,1,hits=2/21,1,gold absent (contradicts by alternative),1
musique_0705,musique,1,len=44,1,hits=2/10,1,gold absent (contradicts by alternative),1
hotpotqa_0446,hotpotqa,1,len=53,1,hits=2/9,1,gold absent (contradicts by alternative),1
musique_0596,musique,1,len=50,1,hits=3/96,1,gold absent (contradicts by alternative),1
musique_0476,musique,1,len=59,1,hits=3/17,1,gold absent (contradicts by alternative),1
musique_0921,musique,1,len=44,1,hits=1/18,1,gold absent (contradicts by alternative),1
hotpotqa_0988,hotpotqa,1,len=57,1,hits=4/16,1,gold absent (contradicts by alternative),1
hotpotqa_0904,hotpotqa,1,len=54,1,hits=4/17,1,gold negated,1
musique_0848,musique,1,len=57,1,hits=5/26,1,gold negated,1
musique_0182,musique,1,len=52,1,hits=1/14,1,gold absent (contradicts by alternative),1
hotpotqa_0335,hotpotqa,1,len=44,1,hits=6/28,1,gold absent (contradicts by alternative),1
hotpotqa_0937,hotpotqa,1,len=47,1,hits=2/25,1,gold absent (contradicts by alternative),1
hotpotqa_0622,hotpotqa,1,len=40,1,hits=4/28,1,gold absent (contradicts by alternative),1
musique_0808,musique,1,len=38,1,hits=3/30,1,gold absent (contradicts by alternative),1
musique_0188,musique,1,len=41,1,hits=3/30,1,gold absent (contradicts by alternative),1
musique_0936,musique,1,len=44,1,hits=2/20,1,gold absent (contradicts by alternative),1
hotpotqa_0268,hotpotqa,1,len=44,1,hits=5/33,1,gold absent (contradicts by alternative),1
hotpotqa_0199,hotpotqa,1,len=42,1,hits=5/12,1,gold absent (contradicts by alternative),1
hotpotqa_0806,hotpotqa,1,len=53,1,hits=4/36,1,gold absent (contradicts by alternative),1
musique_0317,musique,1,len=39,1,hits=2/16,1,gold absent (contradicts by alternative),1
musique_0449,musique,1,len=57,1,hits=4/15,0,gold appears affirmatively,0
hotpotqa_0578,hotpotqa,1,len=48,1,hits=3/32,1,gold negated,1
hotpotqa_0579,hotpotqa,1,len=41,1,hits=6/25,1,gold absent (contradicts by alternative),1
musique_0081,musique,1,len=57,1,hits=3/17,1,gold absent (contradicts by alternative),1
musique_0964,musique,1,len=52,1,hits=2/15,1,gold absent (contradicts by alternative),1
squad_0030,squad,1,len=48,1,hits=3/16,1,gold absent (contradicts by alternative),1
hotpotqa_0801,hotpotqa,1,len=61,1,hits=7/25,1,gold absent (contradicts by alternative),1
musique_0458,musique,1,len=57,1,hits=5/27,1,gold absent (contradicts by alternative),1
musique_0516,musique,1,len=57,1,hits=4/40,1,gold absent (contradicts by alternative),1
musique_0882,musique,1,len=46,1,hits=3/13,1,gold negated,1
hotpotqa_0691,hotpotqa,1,len=46,1,hits=3/17,1,gold absent (contradicts by alternative),1
hotpotqa_0803,hotpotqa,1,len=54,1,hits=4/13,1,gold absent (contradicts by alternative),1
musique_0122,musique,1,len=39,1,hits=3/11,1,gold absent (contradicts by alternative),1
hotpotqa_0044,hotpotqa,1,len=47,1,hits=8/20,0,gold appears affirmatively,0
hotpotqa_0326,hotpotqa,1,len=53,1,hits=1/24,1,gold absent (contradicts by alternative),1
hotpotqa_0612,hotpotqa,1,len=56,1,hits=5/19,1,gold absent (contradicts by alternative),1
squad_0354,squad,1,len=44,1,hits=1/34,1,gold absent (contradicts by alternative),1
hotpotqa_0998,hotpotqa,1,len=49,1,hits=1/15,1,gold absent (contradicts by alternative),1
hotpotqa_0366,hotpotqa,1,len=43,1,hits=7/22,1,gold absent (contradicts by alternative),1
musique_0994,musique,1,len=49,1,hits=5/9,1,gold absent (contradicts by alternative),1
hotpotqa_0460,hotpotqa,1,len=42,1,hits=5/19,1,gold absent (contradicts by alternative),1
hotpotqa_0431,hotpotqa,1,len=51,1,hits=4/10,1,gold absent (contradicts by alternative),1
squad_0448,squad,1,len=49,1,hits=1/44,1,gold absent (contradicts by alternative),1
musique_0709,musique,1,len=57,1,hits=6/35,1,gold absent (contradicts by alternative),1
musique_0732,musique,1,len=46,1,hits=5/21,1,gold absent (contradicts by alternative),1
squad_0168,squad,1,len=43,1,hits=2/12,1,gold absent (contradicts by alternative),1
squad_0431,squad,1,len=44,0,hits=0/18,1,gold absent (contradicts by alternative),0
musique_0013,musique,1,len=43,1,hits=6/19,1,gold absent (contradicts by alternative),1
hotpotqa_0441,hotpotqa,1,len=36,1,hits=1/18,1,gold negated,1
musique_0653,musique,1,len=49,1,hits=6/19,1,gold absent (contradicts by alternative),1
squad_0387,squad,1,len=47,1,hits=2/20,1,gold absent (contradicts by alternative),1
musique_0175,musique,1,len=48,1,hits=6/34,1,gold negated,1
hotpotqa_0560,hotpotqa,1,len=55,1,hits=3/13,1,gold absent (contradicts by alternative),1
musique_0412,musique,1,len=44,1,hits=2/18,1,gold absent (contradicts by alternative),1
musique_0028,musique,1,len=44,1,hits=1/19,1,gold absent (contradicts by alternative),1
squad_0472,squad,1,len=51,1,hits=1/21,1,gold absent (contradicts by alternative),1
hotpotqa_0655,hotpotqa,1,len=43,1,hits=3/38,1,gold absent (contradicts by alternative),1
musique_0911,musique,1,len=45,1,hits=3/26,1,gold absent (contradicts by alternative),1
musique_0655,musique,1,len=48,1,hits=5/17,1,gold absent (contradicts by alternative),1
hotpotqa_0298,hotpotqa,1,len=38,1,hits=1/7,1,gold absent (contradicts by alternative),1
musique_0715,musique,1,len=44,0,hits=0/16,1,gold absent (contradicts by alternative),0
musique_0231,musique,1,len=57,1,hits=6/41,1,gold absent (contradicts by alternative),1
musique_0805,musique,1,len=41,1,hits=5/23,1,gold absent (contradicts by alternative),1
hotpotqa_0933,hotpotqa,1,len=39,1,hits=7/27,1,gold absent (contradicts by alternative),1
squad_0389,squad,1,len=47,1,hits=2/20,1,gold absent (contradicts by alternative),1
hotpotqa_0448,hotpotqa,1,len=52,1,hits=2/30,1,gold absent (contradicts by alternative),1
musique_0845,musique,1,len=39,1,hits=2/19,1,gold absent (contradicts by alternative),1
hotpotqa_0296,hotpotqa,1,len=62,1,hits=3/35,1,gold absent (contradicts by alternative),1
musique_0931,musique,1,len=40,1,hits=4/22,1,gold absent (contradicts by alternative),1
squad_0433,squad,1,len=44,1,hits=4/19,1,gold absent (contradicts by alternative),1
musique_0102,musique,1,len=43,1,hits=4/22,1,gold absent (contradicts by alternative),1
hotpotqa_0018,hotpotqa,1,len=44,1,hits=3/22,1,gold absent (contradicts by alternative),1
squad_0124,squad,1,len=39,1,hits=4/20,1,gold absent (contradicts by alternative),1
squad_0316,squad,1,len=50,0,hits=0/25,1,gold absent (contradicts by alternative),0
squad_0346,squad,1,len=49,1,hits=1/18,1,gold absent (contradicts by alternative),1
musique_0209,musique,1,len=49,1,hits=6/25,1,gold absent (contradicts by alternative),1
musique_0606,musique,1,len=55,1,hits=6/22,1,gold absent (contradicts by alternative),1
musique_0359,musique,1,len=52,1,hits=3/19,1,gold absent (contradicts by alternative),1
musique_0064,musique,1,len=51,1,hits=7/41,1,gold absent (contradicts by alternative),1
hotpotqa_0258,hotpotqa,1,len=49,1,hits=3/17,1,gold absent (contradicts by alternative),1
hotpotqa_0747,hotpotqa,1,len=41,1,hits=4/15,1,gold absent (contradicts by alternative),1
hotpotqa_0654,hotpotqa,1,len=50,1,hits=4/11,1,gold absent (contradicts by alternative),1
hotpotqa_0867,hotpotqa,1,len=40,1,hits=7/22,1,gold absent (contradicts by alternative),1
hotpotqa_0794,hotpotqa,1,len=42,1,hits=1/23,1,gold absent (contradicts by alternative),1
musique_0703,musique,1,len=41,1,hits=1/8,1,gold absent (contradicts by alternative),1
musique_0096,musique,1,len=44,1,hits=2/34,1,gold absent (contradicts by alternative),1
squad_0374,squad,1,len=44,1,hits=3/29,1,gold absent (contradicts by alternative),1
hotpotqa_0126,hotpotqa,1,len=43,1,hits=2/15,1,gold absent (contradicts by alternative),1
hotpotqa_0636,hotpotqa,1,len=44,0,hits=0/27,1,gold absent (contradicts by alternative),0
musique_0588,musique,1,len=39,1,hits=3/26,1,gold absent (contradicts by alternative),1
musique_0181,musique,1,len=45,1,hits=7/21,1,gold absent (contradicts by alternative),1
hotpotqa_0778,hotpotqa,1,len=46,1,hits=5/20,1,gold absent (contradicts by alternative),1
hotpotqa_0641,hotpotqa,1,len=40,1,hits=4/21,1,gold absent (contradicts by alternative),1
squad_0170,squad,1,len=46,1,hits=5/12,1,gold absent (contradicts by alternative),1
hotpotqa_0753,hotpotqa,1,len=53,1,hits=6/16,1,gold absent (contradicts by alternative),1
musique_0173,musique,1,len=44,1,hits=1/26,1,gold absent (contradicts by alternative),1
hotpotqa_0237,hotpotqa,1,len=44,1,hits=5/17,0,gold appears affirmatively,0
hotpotqa_0385,hotpotqa,1,len=42,1,hits=2/19,1,gold absent (contradicts by alternative),1
musique_0212,musique,1,len=50,1,hits=6/46,1,gold absent (contradicts by alternative),1
hotpotqa_0696,hotpotqa,1,len=45,1,hits=3/25,1,gold absent (contradicts by alternative),1
musique_0605,musique,1,len=36,1,hits=3/16,1,gold absent (contradicts by alternative),1
squad_0483,squad,1,len=54,1,hits=8/23,1,gold absent (contradicts by alternative),1
squad_0367,squad,1,len=41,0,hits=0/13,1,gold absent (contradicts by alternative),0
hotpotqa_0595,hotpotqa,1,len=41,1,hits=3/16,1,gold absent (contradicts by alternative),1
musique_0434,musique,1,len=50,1,hits=4/32,1,gold absent (contradicts by alternative),1
hotpotqa_0530,hotpotqa,1,len=36,0,hits=0/18,1,gold absent (contradicts by alternative),0
hotpotqa_0457,hotpotqa,1,len=47,1,hits=5/24,1,gold absent (contradicts by alternative),1
hotpotqa_0477,hotpotqa,1,len=47,1,hits=4/22,1,gold absent (contradicts by alternative),1
hotpotqa_0894,hotpotqa,1,len=44,1,hits=6/18,1,gold absent (contradicts by alternative),1
musique_0150,musique,1,len=47,1,hits=4/14,1,gold absent (contradicts by alternative),1
musique_0315,musique,1,len=49,1,hits=5/22,1,gold absent (contradicts by alternative),1
musique_0932,musique,1,len=38,1,hits=4/21,1,gold absent (contradicts by alternative),1
musique_0731,musique,1,len=40,1,hits=5/35,1,gold absent (contradicts by alternative),1
musique_0989,musique,1,len=57,1,hits=2/20,1,gold absent (contradicts by alternative),1
squad_0143,squad,1,len=43,1,hits=2/13,1,gold absent (contradicts by alternative),1
squad_0015,squad,1,len=50,1,hits=4/17,1,gold absent (contradicts by alternative),1
musique_0791,musique,1,len=55,1,hits=7/29,1,gold absent (contradicts by alternative),1
musique_0230,musique,1,len=61,1,hits=1/22,1,gold absent (contradicts by alternative),1
squad_0104,squad,1,len=50,1,hits=3/28,1,gold absent (contradicts by alternative),1
hotpotqa_0458,hotpotqa,1,len=46,1,hits=3/8,1,gold absent (contradicts by alternative),1
hotpotqa_0681,hotpotqa,1,len=46,1,hits=2/26,1,gold absent (contradicts by alternative),1
hotpotqa_0185,hotpotqa,1,len=48,1,hits=5/26,1,gold absent (contradicts by alternative),1
squad_0305,squad,1,len=37,1,hits=1/16,1,gold absent (contradicts by alternative),1
squad_0247,squad,1,len=47,1,hits=3/14,1,gold absent (contradicts by alternative),1
squad_0032,squad,1,len=35,1,hits=2/16,1,gold absent (contradicts by alternative),1
hotpotqa_0278,hotpotqa,1,len=51,1,hits=2/17,1,gold absent (contradicts by alternative),1
squad_0281,squad,1,len=44,0,hits=0/17,1,gold absent (contradicts by alternative),0
hotpotqa_0252,hotpotqa,1,len=50,1,hits=2/22,1,gold absent (contradicts by alternative),1
musique_0373,musique,1,len=56,1,hits=2/19,1,gold absent (contradicts by alternative),1
musique_0456,musique,1,len=52,1,hits=1/11,1,gold absent (contradicts by alternative),1
musique_0648,musique,1,len=38,1,hits=3/15,1,gold absent (contradicts by alternative),1
hotpotqa_0527,hotpotqa,1,len=37,1,hits=2/24,1,gold absent (contradicts by alternative),1
squad_0386,squad,1,len=42,1,hits=1/20,1,gold absent (contradicts by alternative),1
hotpotqa_0574,hotpotqa,1,len=52,1,hits=4/29,1,gold absent (contradicts by alternative),1
squad_0330,squad,1,len=46,1,hits=1/16,1,gold absent (contradicts by alternative),1
hotpotqa_0668,hotpotqa,1,len=44,1,hits=4/17,0,gold appears affirmatively,0
hotpotqa_0328,hotpotqa,1,len=57,1,hits=4/10,1,gold absent (contradicts by alternative),1
hotpotqa_0059,hotpotqa,1,len=47,1,hits=4/33,1,gold absent (contradicts by alternative),1
hotpotqa_0890,hotpotqa,1,len=46,1,hits=1/20,1,gold absent (contradicts by alternative),1
musique_0938,musique,1,len=43,1,hits=5/26,1,gold absent (contradicts by alternative),1
hotpotqa_0183,hotpotqa,1,len=61,1,hits=5/25,1,gold absent (contradicts by alternative),1
squad_0157,squad,1,len=45,1,hits=4/20,1,gold absent (contradicts by alternative),1
musique_0576,musique,1,len=47,1,hits=3/21,1,gold absent (contradicts by alternative),1
hotpotqa_0433,hotpotqa,1,len=44,1,hits=1/17,1,gold absent (contradicts by alternative),1
musique_0852,musique,1,len=39,1,hits=3/16,1,gold absent (contradicts by alternative),1
hotpotqa_0493,hotpotqa,1,len=52,1,hits=3/14,1,gold absent (contradicts by alternative),1
musique_0107,musique,1,len=46,1,hits=4/27,1,gold absent (contradicts by alternative),1
musique_0636,musique,1,len=44,1,hits=1/26,1,gold absent (contradicts by alternative),1
musique_0815,musique,1,len=31,1,hits=2/30,1,gold absent (contradicts by alternative),1
hotpotqa_0236,hotpotqa,1,len=46,1,hits=3/4,1,gold absent (contradicts by alternative),1
squad_0391,squad,1,len=46,1,hits=4/20,1,gold absent (contradicts by alternative),1
squad_0243,squad,1,len=43,1,hits=2/24,1,gold absent (contradicts by alternative),1
squad_0095,squad,1,len=42,1,hits=1/7,1,gold absent (contradicts by alternative),1
musique_0123,musique,1,len=49,1,hits=2/25,1,gold absent (contradicts by alternative),1
musique_0378,musique,1,len=64,1,hits=4/18,1,gold absent (contradicts by alternative),1
musique_0946,musique,1,len=44,1,hits=5/27,1,gold absent (contradicts by alternative),1
squad_0089,squad,1,len=42,1,hits=2/15,1,gold absent (contradicts by alternative),1
musique_0019,musique,1,len=44,1,hits=4/13,0,gold appears affirmatively,0
hotpotqa_0261,hotpotqa,1,len=49,1,hits=5/32,0,gold appears affirmatively,0
hotpotqa_0065,hotpotqa,1,len=38,1,hits=2/47,1,gold absent (contradicts by alternative),1
musique_0033,musique,1,len=46,0,hits=0/14,1,gold absent (contradicts by alternative),0
musique_0171,musique,1,len=53,1,hits=1/32,1,gold absent (contradicts by alternative),1
squad_0103,squad,1,len=50,1,hits=4/28,1,gold absent (contradicts by alternative),1
hotpotqa_0293,hotpotqa,1,len=35,1,hits=3/22,1,gold absent (contradicts by alternative),1
hotpotqa_0399,hotpotqa,1,len=55,1,hits=4/20,1,gold negated,1
squad_0257,squad,1,len=50,1,hits=4/10,1,gold absent (contradicts by alternative),1
hotpotqa_0601,hotpotqa,1,len=42,1,hits=4/15,1,gold absent (contradicts by alternative),1
musique_0681,musique,1,len=44,1,hits=2/19,1,gold absent (contradicts by alternative),1
musique_0498,musique,1,len=51,1,hits=6/25,1,gold absent (contradicts by alternative),1
squad_0379,squad,1,len=45,1,hits=1/29,1,gold absent (contradicts by alternative),1
musique_0613,musique,1,len=48,1,hits=4/22,1,gold absent (contradicts by alternative),1
hotpotqa_0975,hotpotqa,1,len=54,1,hits=7/18,1,gold absent (contradicts by alternative),1
musique_0942,musique,1,len=44,1,hits=3/28,1,gold absent (contradicts by alternative),1
musique_0671,musique,1,len=46,0,hits=0/29,1,gold absent (contradicts by alternative),0
hotpotqa_0166,hotpotqa,1,len=45,1,hits=2/13,1,gold absent (contradicts by alternative),1
musique_0254,musique,1,len=53,1,hits=8/30,1,gold absent (contradicts by alternative),1
hotpotqa_0819,hotpotqa,1,len=51,1,hits=3/17,1,gold absent (contradicts by alternative),1
squad_0048,squad,1,len=39,1,hits=1/23,1,gold absent (contradicts by alternative),1
musique_0242,musique,1,len=42,1,hits=4/16,1,gold absent (contradicts by alternative),1
hotpotqa_0478,hotpotqa,1,len=46,1,hits=2/16,1,gold absent (contradicts by alternative),1
musique_0995,musique,1,len=47,1,hits=3/25,1,gold absent (contradicts by alternative),1
musique_0894,musique,1,len=49,1,hits=3/43,1,gold absent (contradicts by alternative),1
hotpotqa_0666,hotpotqa,1,len=42,1,hits=8/32,1,gold absent (contradicts by alternative),1
hotpotqa_0093,hotpotqa,1,len=53,1,hits=3/14,1,gold absent (contradicts by alternative),1
hotpotqa_0737,hotpotqa,1,len=41,1,hits=6/27,1,gold absent (contradicts by alternative),1
musique_0297,musique,1,len=45,1,hits=4/28,1,gold absent (contradicts by alternative),1
squad_0222,squad,1,len=44,1,hits=3/19,1,gold absent (contradicts by alternative),1
hotpotqa_0659,hotpotqa,1,len=44,1,hits=5/17,1,gold absent (contradicts by alternative),1
musique_0306,musique,1,len=44,1,hits=4/13,1,gold absent (contradicts by alternative),1
musique_0497,musique,1,len=59,1,hits=4/39,1,gold absent (contradicts by alternative),1
hotpotqa_0384,hotpotqa,1,len=50,1,hits=4/20,1,gold absent (contradicts by alternative),1
squad_0175,squad,1,len=53,1,hits=4/13,1,gold absent (contradicts by alternative),1
hotpotqa_0846,hotpotqa,1,len=34,1,hits=2/10,1,gold absent (contradicts by alternative),1
musique_0054,musique,1,len=32,1,hits=3/25,1,gold absent (contradicts by alternative),1
hotpotqa_0973,hotpotqa,1,len=50,1,hits=5/12,1,gold absent (contradicts by alternative),1
musique_0349,musique,1,len=48,1,hits=2/24,1,gold absent (contradicts by alternative),1
musique_0405,musique,1,len=43,1,hits=3/21,1,gold absent (contradicts by alternative),1
musique_0266,musique,1,len=47,1,hits=4/31,1,gold absent (contradicts by alternative),1
hotpotqa_0925,hotpotqa,1,len=49,1,hits=4/24,1,gold absent (contradicts by alternative),1
musique_0665,musique,1,len=54,0,hits=0/10,1,gold absent (contradicts by alternative),0
musique_0760,musique,1,len=50,1,hits=5/14,1,gold absent (contradicts by alternative),1
musique_0432,musique,1,len=39,1,hits=4/35,1,gold absent (contradicts by alternative),1
hotpotqa_0572,hotpotqa,1,len=45,1,hits=5/16,1,gold absent (contradicts by alternative),1
musique_0086,musique,1,len=45,1,hits=5/37,1,gold absent (contradicts by alternative),1
hotpotqa_0251,hotpotqa,1,len=52,1,hits=4/32,0,gold appears affirmatively,0
musique_0232,musique,1,len=48,1,hits=3/20,1,gold absent (contradicts by alternative),1
hotpotqa_0052,hotpotqa,1,len=45,1,hits=4/22,1,gold absent (contradicts by alternative),1
squad_0153,squad,1,len=45,1,hits=3/14,1,gold absent (contradicts by alternative),1
musique_0698,musique,1,len=39,1,hits=2/25,1,gold absent (contradicts by alternative),1
hotpotqa_0822,hotpotqa,1,len=56,1,hits=3/12,1,gold absent (contradicts by alternative),1
musique_0430,musique,1,len=47,1,hits=3/12,1,gold absent (contradicts by alternative),1
hotpotqa_0935,hotpotqa,1,len=62,1,hits=7/23,1,gold absent (contradicts by alternative),1
hotpotqa_0006,hotpotqa,1,len=56,1,hits=1/22,1,gold absent (contradicts by alternative),1
squad_0036,squad,1,len=51,1,hits=8/10,1,gold absent (contradicts by alternative),1
hotpotqa_0676,hotpotqa,1,len=39,1,hits=6/21,1,gold absent (contradicts by alternative),1
hotpotqa_0729,hotpotqa,1,len=48,1,hits=4/20,1,gold absent (contradicts by alternative),1
hotpotqa_0117,hotpotqa,1,len=46,1,hits=5/108,1,gold absent (contradicts by alternative),1
musique_0250,musique,1,len=35,1,hits=4/23,1,gold absent (contradicts by alternative),1
squad_0408,squad,1,len=47,1,hits=4/34,1,gold absent (contradicts by alternative),1
hotpotqa_0816,hotpotqa,1,len=43,1,hits=6/31,1,gold absent (contradicts by alternative),1
musique_0528,musique,1,len=36,1,hits=3/18,1,gold absent (contradicts by alternative),1
hotpotqa_0739,hotpotqa,1,len=48,1,hits=2/4,1,gold absent (contradicts by alternative),1
hotpotqa_0490,hotpotqa,1,len=52,1,hits=3/23,1,gold absent (contradicts by alternative),1
hotpotqa_0645,hotpotqa,1,len=55,1,hits=6/28,1,gold absent (contradicts by alternative),1
squad_0161,squad,1,len=46,0,hits=0/10,1,gold absent (contradicts by alternative),0
musique_0396,musique,1,len=41,0,hits=0/35,1,gold absent (contradicts by alternative),0
hotpotqa_0759,hotpotqa,1,len=43,1,hits=9/24,1,gold absent (contradicts by alternative),1
hotpotqa_0689,hotpotqa,1,len=51,1,hits=5/12,1,gold absent (contradicts by alternative),1
hotpotqa_0879,hotpotqa,1,len=49,1,hits=4/27,1,gold absent (contradicts by alternative),1
musique_0237,musique,1,len=51,1,hits=3/37,1,gold absent (contradicts by alternative),1
musique_0975,musique,1,len=53,1,hits=3/14,1,gold absent (contradicts by alternative),1
hotpotqa_0969,hotpotqa,1,len=46,1,hits=3/19,1,gold absent (contradicts by alternative),1
squad_0444,squad,1,len=47,0,hits=0/18,1,gold absent (contradicts by alternative),0
musique_0530,musique,1,len=41,1,hits=3/17,1,gold absent (contradicts by alternative),1
musique_0065,musique,1,len=41,1,hits=4/24,1,gold absent (contradicts by alternative),1
squad_0487,squad,1,len=38,1,hits=1/9,1,gold absent (contradicts by alternative),1
musique_0842,musique,1,len=42,1,hits=3/20,1,gold absent (contradicts by alternative),1
musique_0529,musique,1,len=56,1,hits=2/17,1,gold absent (contradicts by alternative),1
squad_0223,squad,1,len=46,1,hits=4/18,1,gold absent (contradicts by alternative),1
hotpotqa_0432,hotpotqa,1,len=42,0,hits=0/12,1,gold absent (contradicts by alternative),0
musique_0587,musique,1,len=47,1,hits=3/39,1,gold absent (contradicts by alternative),1
squad_0349,squad,1,len=38,1,hits=3/18,1,gold absent (contradicts by alternative),1
squad_0148,squad,1,len=34,1,hits=1/35,1,gold absent (contradicts by alternative),1
musique_0362,musique,1,len=30,1,hits=4/13,1,gold negated,1
hotpotqa_0014,hotpotqa,1,len=42,1,hits=6/13,1,gold absent (contradicts by alternative),1
hotpotqa_0544,hotpotqa,1,len=53,1,hits=4/21,1,gold absent (contradicts by alternative),1
hotpotqa_0125,hotpotqa,1,len=40,1,hits=4/5,1,gold absent (contradicts by alternative),1
hotpotqa_0019,hotpotqa,1,len=45,1,hits=5/24,0,gold appears affirmatively,0
hotpotqa_0206,hotpotqa,1,len=62,1,hits=1/14,1,gold absent (contradicts by alternative),1
squad_0264,squad,1,len=39,1,hits=2/43,1,gold absent (contradicts by alternative),1
hotpotqa_0993,hotpotqa,1,len=47,1,hits=4/12,1,gold absent (contradicts by alternative),1
musique_0656,musique,1,len=37,1,hits=4/14,1,gold negated,1
hotpotqa_0480,hotpotqa,1,len=57,1,hits=4/12,1,gold absent (contradicts by alternative),1
musique_0199,musique,1,len=42,1,hits=4/16,1,gold absent (contradicts by alternative),1
hotpotqa_0060,hotpotqa,1,len=43,1,hits=5/27,1,gold absent (contradicts by alternative),1
hotpotqa_0700,hotpotqa,1,len=59,1,hits=5/21,0,gold appears affirmatively,0
squad_0337,squad,1,len=55,1,hits=5/19,1,gold absent (contradicts by alternative),1
hotpotqa_0566,hotpotqa,1,len=44,1,hits=4/16,1,gold absent (contradicts by alternative),1
hotpotqa_0255,hotpotqa,1,len=51,1,hits=4/22,1,gold absent (contradicts by alternative),1
musique_0747,musique,1,len=44,1,hits=3/20,0,gold appears affirmatively,0
hotpotqa_0175,hotpotqa,1,len=58,1,hits=6/33,1,gold absent (contradicts by alternative),1
hotpotqa_0600,hotpotqa,1,len=38,1,hits=2/9,1,gold absent (contradicts by alternative),1
musique_0750,musique,1,len=38,1,hits=3/8,1,gold absent (contradicts by alternative),1
hotpotqa_0340,hotpotqa,1,len=40,1,hits=7/40,1,gold absent (contradicts by alternative),1
musique_0303,musique,1,len=45,1,hits=6/13,1,gold absent (contradicts by alternative),1
musique_0604,musique,1,len=40,1,hits=1/13,1,gold absent (contradicts by alternative),1
musique_0278,musique,1,len=34,1,hits=2/8,1,gold absent (contradicts by alternative),1
musique_0950,musique,1,len=47,1,hits=8/18,1,gold absent (contradicts by alternative),1
squad_0082,squad,1,len=43,1,hits=1/8,0,gold appears affirmatively,0
squad_0313,squad,1,len=49,1,hits=1/25,1,gold negated,1
hotpotqa_0531,hotpotqa,1,len=45,1,hits=4/11,0,gold appears affirmatively,0
squad_0477,squad,1,len=44,0,hits=0/23,1,gold absent (contradicts by alternative),0
squad_0415,squad,1,len=43,1,hits=1/36,1,gold absent (contradicts by alternative),1
hotpotqa_0374,hotpotqa,1,len=50,1,hits=1/31,1,gold absent (contradicts by alternative),1
musique_0535,musique,1,len=47,1,hits=1/17,1,gold absent (contradicts by alternative),1
hotpotqa_0120,hotpotqa,1,len=47,1,hits=3/24,1,gold absent (contradicts by alternative),1
hotpotqa_0411,hotpotqa,1,len=52,1,hits=5/10,0,gold appears affirmatively,0
hotpotqa_0380,hotpotqa,1,len=39,1,hits=1/15,1,gold absent (contradicts by alternative),1
musique_0928,musique,1,len=41,1,hits=5/32,1,gold absent (contradicts by alternative),1
musique_0161,musique,1,len=55,1,hits=1/16,1,gold absent (contradicts by alternative),1
hotpotqa_0922,hotpotqa,1,len=49,1,hits=7/17,1,gold absent (contradicts by alternative),1
hotpotqa_0225,hotpotqa,1,len=47,1,hits=3/40,1,gold absent (contradicts by alternative),1
musique_0029,musique,1,len=50,1,hits=1/11,1,gold absent (contradicts by alternative),1
hotpotqa_0372,hotpotqa,1,len=51,1,hits=3/13,1,gold absent (contradicts by alternative),1
hotpotqa_0996,hotpotqa,1,len=40,1,hits=2/17,1,gold absent (contradicts by alternative),1
squad_0397,squad,1,len=50,1,hits=1/19,1,gold absent (contradicts by alternative),1
musique_0533,musique,1,len=55,1,hits=3/26,1,gold absent (contradicts by alternative),1
squad_0274,squad,1,len=48,0,hits=0/17,1,gold absent (contradicts by alternative),0
squad_0236,squad,1,len=44,1,hits=3/14,1,gold absent (contradicts by alternative),1
hotpotqa_0705,hotpotqa,1,len=41,1,hits=4/24,1,gold absent (contradicts by alternative),1
musique_0590,musique,1,len=60,1,hits=4/15,1,gold absent (contradicts by alternative),1
musique_0172,musique,1,len=48,1,hits=3/33,1,gold absent (contradicts by alternative),1
squad_0326,squad,1,len=43,1,hits=3/16,1,gold absent (contradicts by alternative),1
squad_0416,squad,1,len=49,1,hits=2/36,1,gold absent (contradicts by alternative),1
squad_0069,squad,1,len=42,1,hits=3/15,1,gold absent (contradicts by alternative),1
musique_0490,musique,1,len=49,1,hits=4/39,1,gold absent (contradicts by alternative),1
musique_0541,musique,1,len=48,1,hits=2/41,1,gold absent (contradicts by alternative),1
squad_0127,squad,1,len=46,1,hits=1/20,1,gold absent (contradicts by alternative),1
musique_0503,musique,1,len=51,1,hits=2/39,1,gold absent (contradicts by alternative),1
musique_0688,musique,1,len=52,1,hits=3/21,1,gold absent (contradicts by alternative),1
musique_0735,musique,1,len=49,1,hits=1/20,1,gold absent (contradicts by alternative),1
musique_0872,musique,1,len=43,1,hits=6/35,1,gold absent (contradicts by alternative),1
squad_0230,squad,1,len=41,1,hits=2/16,1,gold absent (contradicts by alternative),1
musique_0091,musique,1,len=52,1,hits=3/23,1,gold absent (contradicts by alternative),1
musique_0968,musique,1,len=42,1,hits=3/37,1,gold absent (contradicts by alternative),1
hotpotqa_0618,hotpotqa,1,len=46,1,hits=4/27,1,gold absent (contradicts by alternative),1
musique_0416,musique,1,len=47,1,hits=3/41,1,gold absent (contradicts by alternative),1
squad_0314,squad,1,len=49,0,hits=0/25,1,gold absent (contradicts by alternative),0
hotpotqa_0874,hotpotqa,1,len=39,1,hits=5/9,1,gold absent (contradicts by alternative),1
hotpotqa_0339,hotpotqa,1,len=46,1,hits=3/26,1,gold absent (contradicts by alternative),1
hotpotqa_0866,hotpotqa,1,len=55,1,hits=5/29,1,gold absent (contradicts by alternative),1
hotpotqa_0386,hotpotqa,1,len=56,1,hits=6/21,1,gold absent (contradicts by alternative),1
musique_0061,musique,1,len=39,1,hits=5/25,1,gold absent (contradicts by alternative),1
hotpotqa_0164,hotpotqa,1,len=48,1,hits=6/21,1,gold absent (contradicts by alternative),1
musique_0200,musique,1,len=54,1,hits=4/20,1,gold absent (contradicts by alternative),1
musique_0446,musique,1,len=47,1,hits=3/34,1,gold absent (contradicts by alternative),1
hotpotqa_0814,hotpotqa,1,len=49,1,hits=4/23,0,gold appears affirmatively,0
hotpotqa_0787,hotpotqa,1,len=41,1,hits=4/31,1,gold negated,1
musique_0457,musique,1,len=59,1,hits=4/22,1,gold absent (contradicts by alternative),1
musique_0319,musique,1,len=49,1,hits=2/21,1,gold negated,1
squad_0323,squad,1,len=47,0,hits=0/24,1,gold absent (contradicts by alternative),0
musique_0578,musique,1,len=50,1,hits=3/10,1,gold absent (contradicts by alternative),1
hotpotqa_0239,hotpotqa,1,len=43,1,hits=7/16,1,gold absent (contradicts by alternative),1
hotpotqa_0025,hotpotqa,1,len=49,1,hits=2/36,1,gold absent (contradicts by alternative),1
squad_0041,squad,1,len=46,1,hits=1/7,1,gold absent (contradicts by alternative),1
squad_0385,squad,1,len=49,1,hits=4/20,1,gold absent (contradicts by alternative),1
musique_0184,musique,1,len=40,1,hits=1/30,1,gold absent (contradicts by alternative),1
musique_0233,musique,1,len=46,1,hits=5/26,1,gold absent (contradicts by alternative),1
hotpotqa_0506,hotpotqa,1,len=44,1,hits=3/24,1,gold absent (contradicts by alternative),1
hotpotqa_0520,hotpotqa,1,len=42,1,hits=5/17,1,gold absent (contradicts by alternative),1
hotpotqa_0301,hotpotqa,1,len=53,1,hits=10/29,1,gold absent (contradicts by alternative),1
musique_0394,musique,1,len=43,1,hits=2/24,1,gold absent (contradicts by alternative),1
squad_0211,squad,1,len=37,1,hits=1/8,1,gold absent (contradicts by alternative),1
squad_0228,squad,1,len=38,1,hits=1/23,1,gold absent (contradicts by alternative),1
squad_0332,squad,1,len=52,1,hits=1/16,1,gold absent (contradicts by alternative),1
squad_0377,squad,1,len=45,1,hits=2/30,1,gold absent (contradicts by alternative),1
musique_0321,musique,1,len=47,1,hits=2/14,1,gold absent (contradicts by alternative),1
musique_0363,musique,1,len=47,1,hits=3/28,1,gold absent (contradicts by alternative),1
musique_0428,musique,1,len=45,1,hits=3/22,1,gold absent (contradicts by alternative),1
musique_0977,musique,1,len=39,1,hits=5/18,1,gold absent (contradicts by alternative),1
musique_0385,musique,1,len=45,1,hits=5/29,1,gold absent (contradicts by alternative),1
musique_0447,musique,1,len=33,1,hits=4/11,1,gold absent (contradicts by alternative),1
musique_0897,musique,1,len=52,1,hits=1/23,1,gold absent (contradicts by alternative),1
hotpotqa_0740,hotpotqa,1,len=45,1,hits=3/13,1,gold absent (contradicts by alternative),1
squad_0016,squad,1,len=58,1,hits=5/17,1,gold absent (contradicts by alternative),1
hotpotqa_0978,hotpotqa,1,len=50,1,hits=7/17,1,gold absent (contradicts by alternative),1
musique_0811,musique,1,len=53,1,hits=2/38,1,gold absent (contradicts by alternative),1
hotpotqa_0505,hotpotqa,1,len=50,1,hits=7/19,1,gold absent (contradicts by alternative),1
musique_0506,musique,1,len=48,1,hits=2/34,1,gold absent (contradicts by alternative),1
musique_0763,musique,1,len=42,1,hits=3/12,1,gold absent (contradicts by alternative),1
hotpotqa_0789,hotpotqa,1,len=53,1,hits=2/18,1,gold absent (contradicts by alternative),1
musique_0333,musique,1,len=45,1,hits=2/22,1,gold absent (contradicts by alternative),1
hotpotqa_0118,hotpotqa,1,len=38,1,hits=4/15,1,gold absent (contradicts by alternative),1
musique_0896,musique,1,len=44,1,hits=1/13,1,gold absent (contradicts by alternative),1
squad_0381,squad,1,len=53,0,hits=0/30,1,gold absent (contradicts by alternative),0
musique_0410,musique,1,len=32,1,hits=2/15,1,gold absent (contradicts by alternative),1
squad_0007,squad,1,len=46,1,hits=2/19,1,gold absent (contradicts by alternative),1
musique_0000,musique,1,len=44,1,hits=2/17,1,gold absent (contradicts by alternative),1
squad_0187,squad,1,len=46,1,hits=5/20,1,gold absent (contradicts by alternative),1
musique_0043,musique,1,len=58,1,hits=3/23,1,gold absent (contradicts by alternative),1
squad_0359,squad,1,len=51,1,hits=3/33,1,gold negated,1
musique_0479,musique,1,len=40,1,hits=3/25,1,gold absent (contradicts by alternative),1
squad_0384,squad,1,len=41,1,hits=4/20,0,gold appears affirmatively,0
musique_0892,musique,1,len=48,1,hits=1/17,1,gold absent (contradicts by alternative),1
squad_0440,squad,1,len=52,1,hits=1/19,1,gold absent (contradicts by alternative),1
hotpotqa_0893,hotpotqa,1,len=42,1,hits=4/30,1,gold absent (contradicts by alternative),1
squad_0479,squad,1,len=45,0,hits=0/23,1,gold absent (contradicts by alternative),0
hotpotqa_0397,hotpotqa,1,len=46,1,hits=2/14,1,gold absent (contradicts by alternative),1
hotpotqa_0332,hotpotqa,1,len=47,1,hits=8/30,1,gold absent (contradicts by alternative),1
musique_0158,musique,1,len=47,1,hits=2/18,1,gold absent (contradicts by alternative),1
squad_0461,squad,1,len=43,1,hits=1/22,1,gold absent (contradicts by alternative),1
musique_0858,musique,1,len=45,1,hits=6/39,1,gold absent (contradicts by alternative),1
hotpotqa_0079,hotpotqa,1,len=39,1,hits=7/28,1,gold absent (contradicts by alternative),1
hotpotqa_0837,hotpotqa,1,len=50,1,hits=6/17,1,gold absent (contradicts by alternative),1
hotpotqa_0145,hotpotqa,1,len=42,1,hits=6/24,1,gold absent (contradicts by alternative),1
squad_0320,squad,1,len=43,1,hits=2/26,1,gold absent (contradicts by alternative),1
squad_0004,squad,1,len=46,1,hits=4/21,1,gold absent (contradicts by alternative),1
hotpotqa_0630,hotpotqa,1,len=46,1,hits=6/31,1,gold absent (contradicts by alternative),1
musique_0002,musique,1,len=45,1,hits=2/25,1,gold absent (contradicts by alternative),1
hotpotqa_0786,hotpotqa,1,len=52,1,hits=4/8,0,gold appears affirmatively,0
squad_0155,squad,1,len=52,1,hits=2/14,1,gold absent (contradicts by alternative),1
musique_0520,musique,1,len=38,1,hits=4/20,1,gold absent (contradicts by alternative),1
hotpotqa_0808,hotpotqa,1,len=39,1,hits=3/31,1,gold absent (contradicts by alternative),1
musique_0957,musique,1,len=51,1,hits=5/16,1,gold absent (contradicts by alternative),1
hotpotqa_0828,hotpotqa,1,len=48,1,hits=4/14,0,gold appears affirmatively,0
musique_0789,musique,1,len=46,1,hits=3/28,1,gold absent (contradicts by alternative),1
hotpotqa_0766,hotpotqa,1,len=44,1,hits=2/6,1,gold absent (contradicts by alternative),1
squad_0000,squad,1,len=54,1,hits=6/21,1,gold absent (contradicts by alternative),1
musique_0495,musique,1,len=41,1,hits=5/19,1,gold absent (contradicts by alternative),1
musique_0025,musique,1,len=44,1,hits=4/25,1,gold absent (contradicts by alternative),1
hotpotqa_0026,hotpotqa,1,len=45,1,hits=3/13,1,gold absent (contradicts by alternative),1
hotpotqa_0008,hotpotqa,1,len=48,1,hits=5/21,1,gold absent (contradicts by alternative),1
musique_0949,musique,1,len=45,1,hits=1/17,1,gold absent (contradicts by alternative),1
hotpotqa_0316,hotpotqa,1,len=45,1,hits=3/21,1,gold absent (contradicts by alternative),1
hotpotqa_0400,hotpotqa,1,len=43,1,hits=9/33,1,gold absent (contradicts by alternative),1
hotpotqa_0961,hotpotqa,1,len=44,0,hits=0/17,1,gold absent (contradicts by alternative),0
musique_0464,musique,1,len=51,1,hits=4/16,1,gold absent (contradicts by alternative),1
squad_0050,squad,1,len=54,1,hits=5/29,1,gold absent (contradicts by alternative),1
hotpotqa_0682,hotpotqa,1,len=54,1,hits=4/24,1,gold absent (contradicts by alternative),1
hotpotqa_0147,hotpotqa,1,len=38,1,hits=3/37,1,gold absent (contradicts by alternative),1
hotpotqa_0984,hotpotqa,1,len=54,1,hits=9/23,0,gold appears affirmatively,0
musique_0241,musique,1,len=39,1,hits=6/12,1,gold absent (contradicts by alternative),1
musique_0951,musique,1,len=53,1,hits=5/25,1,gold absent (contradicts by alternative),1
hotpotqa_0768,hotpotqa,1,len=57,1,hits=4/20,1,gold absent (contradicts by alternative),1
hotpotqa_0580,hotpotqa,1,len=46,1,hits=6/38,1,gold absent (contradicts by alternative),1
hotpotqa_0928,hotpotqa,1,len=42,1,hits=4/15,1,gold absent (contradicts by alternative),1
hotpotqa_0626,hotpotqa,1,len=47,1,hits=6/30,1,gold absent (contradicts by alternative),1
hotpotqa_0949,hotpotqa,1,len=57,1,hits=9/23,1,gold negated,1
hotpotqa_0779,hotpotqa,1,len=46,1,hits=2/28,1,gold absent (contradicts by alternative),1
hotpotqa_0526,hotpotqa,1,len=52,1,hits=4/23,1,gold absent (contradicts by alternative),1
squad_0266,squad,1,len=48,1,hits=2/41,1,gold absent (contradicts by alternative),1
musique_0488,musique,1,len=45,1,hits=2/19,1,gold absent (contradicts by alternative),1
squad_0240,squad,1,len=40,1,hits=5/25,1,gold absent (contradicts by alternative),1
hotpotqa_0312,hotpotqa,0,len=1,0,hits=0/22,1,gold absent (contradicts by alternative),0
musique_0100,musique,1,len=52,1,hits=2/27,1,gold absent (contradicts by alternative),1
squad_0436,squad,1,len=47,0,hits=0/19,1,gold absent (contradicts by alternative),0
hotpotqa_0614,hotpotqa,1,len=47,1,hits=4/24,1,gold absent (contradicts by alternative),1
squad_0396,squad,1,len=48,1,hits=2/20,1,gold absent (contradicts by alternative),1
hotpotqa_0170,hotpotqa,1,len=54,1,hits=2/25,1,gold absent (contradicts by alternative),1
hotpotqa_0875,hotpotqa,1,len=48,1,hits=5/18,1,gold absent (contradicts by alternative),1
musique_0798,musique,1,len=52,1,hits=4/38,1,gold absent (contradicts by alternative),1
musique_0560,musique,1,len=48,1,hits=2/8,1,gold absent (contradicts by alternative),1
squad_0378,squad,1,len=54,1,hits=1/29,1,gold absent (contradicts by alternative),1
musique_0880,musique,1,len=40,1,hits=2/20,1,gold absent (contradicts by alternative),1
musique_0625,musique,1,len=48,1,hits=5/34,1,gold absent (contradicts by alternative),1
musique_0678,musique,1,len=42,1,hits=5/30,1,gold absent (contradicts by alternative),1
hotpotqa_0319,hotpotqa,1,len=53,1,hits=5/16,1,gold absent (contradicts by alternative),1
musique_0826,musique,1,len=47,1,hits=5/15,1,gold absent (contradicts by alternative),1
hotpotqa_0887,hotpotqa,1,len=45,1,hits=2/24,1,gold absent (contradicts by alternative),1
squad_0258,squad,1,len=51,1,hits=2/11,1,gold absent (contradicts by alternative),1
musique_0248,musique,1,len=63,1,hits=3/19,1,gold absent (contradicts by alternative),1
musique_0034,musique,1,len=45,1,hits=1/20,1,gold absent (contradicts by alternative),1
hotpotqa_0865,hotpotqa,1,len=50,1,hits=5/17,1,gold absent (contradicts by alternative),1
hotpotqa_0903,hotpotqa,1,len=35,1,hits=5/23,1,gold absent (contradicts by alternative),1
squad_0045,squad,1,len=40,1,hits=2/23,1,gold absent (contradicts by alternative),1
musique_0961,musique,1,len=44,1,hits=2/26,1,gold absent (contradicts by alternative),1
hotpotqa_0773,hotpotqa,1,len=36,1,hits=3/41,1,gold absent (contradicts by alternative),1
squad_0154,squad,1,len=53,1,hits=1/14,1,gold absent (contradicts by alternative),1
hotpotqa_0736,hotpotqa,1,len=37,1,hits=3/17,1,gold absent (contradicts by alternative),1
hotpotqa_0163,hotpotqa,0,len=11,0,hits=0/31,1,gold absent (contradicts by alternative),0
hotpotqa_0985,hotpotqa,1,len=52,1,hits=3/19,1,gold absent (contradicts by alternative),1
squad_0171,squad,1,len=41,1,hits=1/12,1,gold absent (contradicts by alternative),1
hotpotqa_0556,hotpotqa,1,len=38,1,hits=2/13,1,gold absent (contradicts by alternative),1
hotpotqa_0412,hotpotqa,1,len=42,1,hits=4/9,1,gold absent (contradicts by alternative),1
musique_0887,musique,1,len=40,1,hits=2/30,1,gold absent (contradicts by alternative),1
hotpotqa_0918,hotpotqa,1,len=35,1,hits=4/10,1,gold absent (contradicts by alternative),1
musique_0180,musique,1,len=47,1,hits=1/14,1,gold absent (contradicts by alternative),1
squad_0115,squad,1,len=46,1,hits=4/16,1,gold absent (contradicts by alternative),1
hotpotqa_0620,hotpotqa,1,len=56,1,hits=7/25,1,gold negated,1
hotpotqa_0509,hotpotqa,1,len=45,1,hits=5/25,1,gold absent (contradicts by alternative),1
musique_0240,musique,1,len=47,1,hits=4/16,1,gold absent (contradicts by alternative),1
hotpotqa_0361,hotpotqa,1,len=47,1,hits=7/22,1,gold absent (contradicts by alternative),1
hotpotqa_0868,hotpotqa,1,len=48,1,hits=4/12,0,gold appears affirmatively,0
hotpotqa_0501,hotpotqa,1,len=52,1,hits=2/41,1,gold negated,1
hotpotqa_0404,hotpotqa,1,len=49,1,hits=4/23,0,gold appears affirmatively,0
musique_0477,musique,1,len=51,0,hits=0/13,1,gold absent (contradicts by alternative),0
hotpotqa_0336,hotpotqa,1,len=54,1,hits=7/15,1,gold absent (contradicts by alternative),1
hotpotqa_0637,hotpotqa,1,len=41,1,hits=2/19,1,gold absent (contradicts by alternative),1
hotpotqa_0956,hotpotqa,1,len=48,1,hits=6/26,1,gold absent (contradicts by alternative),1
musique_0484,musique,1,len=50,1,hits=5/21,1,gold absent (contradicts by alternative),1
hotpotqa_0872,hotpotqa,1,len=51,1,hits=4/18,1,gold absent (contradicts by alternative),1
squad_0106,squad,1,len=47,1,hits=4/29,1,gold absent (contradicts by alternative),1
musique_0039,musique,1,len=31,1,hits=4/20,1,gold negated,1
hotpotqa_0483,hotpotqa,1,len=45,1,hits=5/17,1,gold negated,1
musique_0783,musique,1,len=49,1,hits=2/18,1,gold absent (contradicts by alternative),1
squad_0212,squad,1,len=51,1,hits=2/9,1,gold absent (contradicts by alternative),1
musique_0702,musique,1,len=34,1,hits=3/18,1,gold absent (contradicts by alternative),1
squad_0227,squad,1,len=48,1,hits=3/23,1,gold absent (contradicts by alternative),1
musique_0213,musique,1,len=42,1,hits=4/21,1,gold absent (contradicts by alternative),1
musique_0935,musique,1,len=44,1,hits=5/9,1,gold absent (contradicts by alternative),1
musique_0980,musique,1,len=54,1,hits=6/17,1,gold absent (contradicts by alternative),1
hotpotqa_0257,hotpotqa,1,len=43,1,hits=3/20,1,gold negated,1
musique_0841,musique,1,len=39,1,hits=3/16,1,gold absent (contradicts by alternative),1
hotpotqa_0289,hotpotqa,1,len=55,1,hits=6/16,1,gold absent (contradicts by alternative),1
musique_0299,musique,1,len=49,1,hits=5/13,1,gold absent (contradicts by alternative),1
squad_0466,squad,1,len=52,0,hits=0/22,1,gold absent (contradicts by alternative),0
hotpotqa_0394,hotpotqa,1,len=52,1,hits=5/15,1,gold absent (contradicts by alternative),1
hotpotqa_0143,hotpotqa,1,len=55,1,hits=5/29,1,gold absent (contradicts by alternative),1
musique_0006,musique,1,len=55,1,hits=8/21,1,gold absent (contradicts by alternative),1
musique_0781,musique,1,len=47,1,hits=4/37,1,gold absent (contradicts by alternative),1
hotpotqa_0132,hotpotqa,1,len=37,1,hits=4/16,1,gold absent (contradicts by alternative),1
hotpotqa_0012,hotpotqa,1,len=43,1,hits=2/21,1,gold absent (contradicts by alternative),1
musique_0289,musique,1,len=40,1,hits=5/35,1,gold absent (contradicts by alternative),1
squad_0011,squad,1,len=42,1,hits=3/21,1,gold absent (contradicts by alternative),1
hotpotqa_0375,hotpotqa,1,len=49,1,hits=5/14,1,gold absent (contradicts by alternative),1
hotpotqa_0658,hotpotqa,1,len=42,1,hits=4/16,1,gold absent (contradicts by alternative),1
musique_0067,musique,1,len=47,1,hits=3/18,1,gold absent (contradicts by alternative),1
hotpotqa_0781,hotpotqa,1,len=52,1,hits=7/24,1,gold absent (contradicts by alternative),1
musique_0787,musique,1,len=48,1,hits=7/25,1,gold absent (contradicts by alternative),1
musique_0245,musique,1,len=42,1,hits=5/20,1,gold absent (contradicts by alternative),1
hotpotqa_0455,hotpotqa,1,len=52,1,hits=4/19,1,gold absent (contradicts by alternative),1
musique_0473,musique,1,len=43,1,hits=1/36,1,gold absent (contradicts by alternative),1
musique_0425,musique,1,len=51,1,hits=6/22,1,gold absent (contradicts by alternative),1
squad_0063,squad,1,len=48,1,hits=4/14,1,gold absent (contradicts by alternative),1
musique_0641,musique,1,len=44,1,hits=2/12,1,gold absent (contradicts by alternative),1
hotpotqa_0508,hotpotqa,1,len=49,1,hits=3/12,1,gold absent (contradicts by alternative),1
musique_0361,musique,1,len=44,1,hits=1/21,1,gold absent (contradicts by alternative),1
hotpotqa_0110,hotpotqa,1,len=51,1,hits=4/8,1,gold absent (contradicts by alternative),1
musique_0104,musique,1,len=45,1,hits=4/49,1,gold negated,1
hotpotqa_0421,hotpotqa,1,len=50,1,hits=3/28,1,gold absent (contradicts by alternative),1
squad_0080,squad,1,len=49,1,hits=1/8,0,gold appears affirmatively,0
squad_0338,squad,1,len=47,1,hits=2/18,1,gold absent (contradicts by alternative),1
hotpotqa_0678,hotpotqa,1,len=44,1,hits=4/27,1,gold absent (contradicts by alternative),1
musique_0500,musique,1,len=42,1,hits=4/21,1,gold absent (contradicts by alternative),1
musique_0734,musique,1,len=38,1,hits=4/17,1,gold absent (contradicts by alternative),1
squad_0056,squad,1,len=54,1,hits=1/10,1,gold absent (contradicts by alternative),1
squad_0432,squad,1,len=46,1,hits=2/17,1,gold absent (contradicts by alternative),1
musique_0537,musique,1,len=37,1,hits=2/11,1,gold absent (contradicts by alternative),1
hotpotqa_0590,hotpotqa,1,len=44,1,hits=6/13,1,gold absent (contradicts by alternative),1
musique_0664,musique,1,len=55,1,hits=5/7,1,gold absent (contradicts by alternative),1
musique_0327,musique,1,len=48,1,hits=3/24,1,gold absent (contradicts by alternative),1
squad_0070,squad,1,len=39,1,hits=2/14,1,gold absent (contradicts by alternative),1
squad_0284,squad,1,len=37,1,hits=2/17,1,gold absent (contradicts by alternative),1
musique_0066,musique,1,len=54,1,hits=4/30,1,gold absent (contradicts by alternative),1
hotpotqa_0081,hotpotqa,1,len=51,1,hits=4/9,1,gold absent (contradicts by alternative),1
musique_0557,musique,1,len=49,1,hits=1/64,1,gold absent (contradicts by alternative),1
squad_0090,squad,1,len=48,1,hits=3/15,1,gold absent (contradicts by alternative),1
squad_0298,squad,1,len=38,1,hits=1/21,1,gold absent (contradicts by alternative),1
squad_0142,squad,1,len=51,1,hits=5/21,1,gold absent (contradicts by alternative),1
squad_0177,squad,1,len=49,1,hits=1/17,1,gold absent (contradicts by alternative),1
hotpotqa_0274,hotpotqa,1,len=44,1,hits=3/19,1,gold absent (contradicts by alternative),1
hotpotqa_0673,hotpotqa,1,len=38,1,hits=3/7,1,gold absent (contradicts by alternative),1
squad_0196,squad,1,len=38,1,hits=7/20,1,gold absent (contradicts by alternative),1
musique_0513,musique,1,len=37,1,hits=3/25,1,gold absent (contradicts by alternative),1
hotpotqa_0908,hotpotqa,1,len=36,1,hits=7/28,1,gold absent (contradicts by alternative),1
musique_0224,musique,1,len=50,1,hits=3/29,1,gold absent (contradicts by alternative),1
musique_0485,musique,1,len=44,1,hits=5/18,1,gold absent (contradicts by alternative),1
hotpotqa_0487,hotpotqa,1,len=54,1,hits=7/17,1,gold absent (contradicts by alternative),1
hotpotqa_0077,hotpotqa,1,len=44,1,hits=4/17,1,gold absent (contradicts by alternative),1
musique_0314,musique,1,len=47,1,hits=2/27,1,gold absent (contradicts by alternative),1
hotpotqa_0418,hotpotqa,1,len=38,1,hits=5/19,1,gold absent (contradicts by alternative),1
squad_0200,squad,1,len=54,1,hits=5/13,1,gold absent (contradicts by alternative),1
squad_0248,squad,1,len=50,1,hits=1/15,1,gold absent (contradicts by alternative),1
musique_0987,musique,1,len=46,1,hits=4/23,1,gold absent (contradicts by alternative),1
hotpotqa_0607,hotpotqa,1,len=42,1,hits=1/30,1,gold absent (contradicts by alternative),1
musique_0021,musique,1,len=45,1,hits=4/19,1,gold absent (contradicts by alternative),1
musique_0984,musique,1,len=48,1,hits=3/24,1,gold absent (contradicts by alternative),1
squad_0131,squad,1,len=51,1,hits=2/6,1,gold absent (contradicts by alternative),1
squad_0375,squad,1,len=54,0,hits=0/31,1,gold absent (contradicts by alternative),0
hotpotqa_0162,hotpotqa,1,len=37,1,hits=3/26,0,gold appears affirmatively,0
musique_0269,musique,1,len=51,1,hits=1/12,1,gold absent (contradicts by alternative),1
hotpotqa_0498,hotpotqa,1,len=54,1,hits=3/12,1,gold absent (contradicts by alternative),1
musique_0550,musique,1,len=33,1,hits=1/31,1,gold absent (contradicts by alternative),1
hotpotqa_0877,hotpotqa,1,len=34,1,hits=3/14,1,gold absent (contradicts by alternative),1
musique_0511,musique,1,len=38,1,hits=3/10,1,gold absent (contradicts by alternative),1
hotpotqa_0484,hotpotqa,1,len=43,1,hits=5/25,1,gold absent (contradicts by alternative),1
hotpotqa_0632,hotpotqa,1,len=44,1,hits=4/10,1,gold absent (contradicts by alternative),1
squad_0033,squad,1,len=51,1,hits=2/15,1,gold absent (contradicts by alternative),1
musique_0836,musique,1,len=49,1,hits=1/14,1,gold absent (contradicts by alternative),1
musique_0554,musique,1,len=37,1,hits=3/32,1,gold absent (contradicts by alternative),1
musique_0262,musique,1,len=41,1,hits=2/23,1,gold absent (contradicts by alternative),1
squad_0423,squad,1,len=45,1,hits=2/17,1,gold absent (contradicts by alternative),1
squad_0342,squad,1,len=41,0,hits=0/19,1,gold absent (contradicts by alternative),0
squad_0380,squad,1,len=50,1,hits=1/29,1,gold absent (contradicts by alternative),1
musique_0443,musique,1,len=51,1,hits=5/28,1,gold absent (contradicts by alternative),1
musique_0203,musique,1,len=40,1,hits=6/20,1,gold absent (contradicts by alternative),1
musique_0031,musique,1,len=55,1,hits=5/25,1,gold absent (contradicts by alternative),1
hotpotqa_0476,hotpotqa,1,len=45,1,hits=5/25,1,gold absent (contradicts by alternative),1
musique_0519,musique,1,len=50,1,hits=2/25,1,gold absent (contradicts by alternative),1
musique_0311,musique,1,len=36,1,hits=3/14,1,gold absent (contradicts by alternative),1
musique_0046,musique,1,len=48,1,hits=7/33,1,gold absent (contradicts by alternative),1
hotpotqa_0783,hotpotqa,1,len=42,1,hits=4/16,1,gold absent (contradicts by alternative),1
hotpotqa_0919,hotpotqa,1,len=52,1,hits=5/25,0,gold appears affirmatively,0
musique_0198,musique,1,len=43,1,hits=4/19,1,gold absent (contradicts by alternative),1
musique_0867,musique,1,len=56,1,hits=3/31,1,gold absent (contradicts by alternative),1
musique_0246,musique,1,len=37,1,hits=3/35,1,gold absent (contradicts by alternative),1
squad_0038,squad,1,len=40,1,hits=5/10,1,gold absent (contradicts by alternative),1
hotpotqa_0686,hotpotqa,1,len=45,1,hits=2/14,1,gold absent (contradicts by alternative),1
hotpotqa_0138,hotpotqa,1,len=44,1,hits=3/12,1,gold absent (contradicts by alternative),1
hotpotqa_0987,hotpotqa,1,len=46,1,hits=9/18,1,gold absent (contradicts by alternative),1
musique_0364,musique,1,len=47,1,hits=5/23,1,gold absent (contradicts by alternative),1
squad_0183,squad,1,len=44,1,hits=2/20,1,gold absent (contradicts by alternative),1
hotpotqa_0651,hotpotqa,1,len=42,1,hits=4/19,0,gold appears affirmatively,0
squad_0414,squad,1,len=51,1,hits=5/37,1,gold absent (contradicts by alternative),1
squad_0489,squad,1,len=41,1,hits=2/9,1,gold absent (contradicts by alternative),1
musique_0559,musique,1,len=47,1,hits=2/16,1,gold absent (contradicts by alternative),1
musique_0301,musique,1,len=45,1,hits=4/22,1,gold absent (contradicts by alternative),1
hotpotqa_0359,hotpotqa,1,len=50,1,hits=4/25,1,gold absent (contradicts by alternative),1
hotpotqa_0680,hotpotqa,1,len=52,1,hits=4/13,1,gold absent (contradicts by alternative),1
hotpotqa_0272,hotpotqa,1,len=46,1,hits=2/55,1,gold absent (contradicts by alternative),1
squad_0102,squad,1,len=49,1,hits=6/19,1,gold absent (contradicts by alternative),1
musique_0579,musique,1,len=50,1,hits=5/25,1,gold absent (contradicts by alternative),1
squad_0068,squad,1,len=38,1,hits=1/14,1,gold absent (contradicts by alternative),1
musique_0388,musique,1,len=40,1,hits=5/16,1,gold absent (contradicts by alternative),1
hotpotqa_0795,hotpotqa,1,len=39,1,hits=3/27,1,gold absent (contradicts by alternative),1
squad_0109,squad,1,len=46,1,hits=1/16,1,gold absent (contradicts by alternative),1
musique_0292,musique,1,len=51,1,hits=4/12,1,gold negated,1
squad_0398,squad,1,len=46,1,hits=4/20,0,gold appears affirmatively,0
musique_0228,musique,1,len=48,1,hits=4/15,1,gold absent (contradicts by alternative),1
hotpotqa_0194,hotpotqa,1,len=53,1,hits=5/17,1,gold absent (contradicts by alternative),1
hotpotqa_0515,hotpotqa,1,len=45,1,hits=3/20,1,gold negated,1
squad_0202,squad,1,len=48,1,hits=5/13,1,gold absent (contradicts by alternative),1
musique_0165,musique,1,len=47,1,hits=4/16,1,gold absent (contradicts by alternative),1
musique_0741,musique,1,len=35,1,hits=4/21,1,gold absent (contradicts by alternative),1
musique_0888,musique,1,len=44,1,hits=4/13,0,gold appears affirmatively,0
musique_0620,musique,1,len=47,1,hits=3/11,1,gold absent (contradicts by alternative),1
musique_0098,musique,1,len=45,1,hits=2/22,1,gold absent (contradicts by alternative),1
musique_0459,musique,1,len=48,1,hits=4/19,1,gold absent (contradicts by alternative),1
hotpotqa_0208,hotpotqa,1,len=47,1,hits=4/22,1,gold absent (contradicts by alternative),1
musique_0023,musique,1,len=44,1,hits=1/19,1,gold absent (contradicts by alternative),1
squad_0221,squad,1,len=36,1,hits=2/18,1,gold absent (contradicts by alternative),1
musique_0988,musique,1,len=52,1,hits=3/8,1,gold absent (contradicts by alternative),1
hotpotqa_0617,hotpotqa,1,len=50,1,hits=1/18,1,gold absent (contradicts by alternative),1
hotpotqa_0841,hotpotqa,1,len=40,1,hits=4/32,1,gold absent (contradicts by alternative),1
hotpotqa_0447,hotpotqa,1,len=40,1,hits=2/20,1,gold absent (contradicts by alternative),1
musique_0813,musique,1,len=40,1,hits=3/14,1,gold absent (contradicts by alternative),1
hotpotqa_0137,hotpotqa,1,len=41,1,hits=4/20,0,gold appears affirmatively,0
hotpotqa_0089,hotpotqa,1,len=55,1,hits=1/22,1,gold absent (contradicts by alternative),1
hotpotqa_0755,hotpotqa,1,len=41,1,hits=6/15,1,gold absent (contradicts by alternative),1
musique_0277,musique,1,len=48,1,hits=1/11,1,gold absent (contradicts by alternative),1
musique_0331,musique,1,len=57,1,hits=5/46,1,gold absent (contradicts by alternative),1
hotpotqa_0570,hotpotqa,1,len=42,1,hits=6/32,1,gold absent (contradicts by alternative),1
musique_0669,musique,1,len=40,1,hits=1/14,1,gold absent (contradicts by alternative),1
squad_0110,squad,1,len=45,1,hits=3/16,1,gold absent (contradicts by alternative),1
hotpotqa_0135,hotpotqa,1,len=51,1,hits=7/10,1,gold absent (contradicts by alternative),1
hotpotqa_0450,hotpotqa,1,len=54,1,hits=1/16,1,gold absent (contradicts by alternative),1
hotpotqa_0939,hotpotqa,1,len=41,1,hits=1/21,1,gold absent (contradicts by alternative),1
hotpotqa_0435,hotpotqa,1,len=45,1,hits=5/12,0,gold appears affirmatively,0
hotpotqa_0797,hotpotqa,1,len=47,1,hits=3/28,1,gold absent (contradicts by alternative),1
hotpotqa_0024,hotpotqa,1,len=43,1,hits=6/18,1,gold absent (contradicts by alternative),1
hotpotqa_0647,hotpotqa,1,len=46,1,hits=5/25,1,gold absent (contradicts by alternative),1
squad_0054,squad,1,len=55,1,hits=2/10,1,gold absent (contradicts by alternative),1
hotpotqa_0823,hotpotqa,1,len=39,1,hits=4/14,1,gold absent (contradicts by alternative),1
squad_0116,squad,1,len=47,1,hits=1/16,1,gold absent (contradicts by alternative),1
hotpotqa_0355,hotpotqa,1,len=42,1,hits=4/23,1,gold absent (contradicts by alternative),1
hotpotqa_0662,hotpotqa,1,len=45,1,hits=4/28,1,gold absent (contradicts by alternative),1
hotpotqa_0730,hotpotqa,1,len=48,1,hits=1/24,1,gold absent (contradicts by alternative),1
hotpotqa_0216,hotpotqa,1,len=31,1,hits=5/16,1,gold absent (contradicts by alternative),1
hotpotqa_0437,hotpotqa,1,len=57,1,hits=9/23,1,gold absent (contradicts by alternative),1
hotpotqa_0475,hotpotqa,1,len=39,1,hits=3/29,1,gold absent (contradicts by alternative),1
squad_0441,squad,1,len=27,1,hits=2/18,0,gold appears affirmatively,0
hotpotqa_0876,hotpotqa,1,len=50,1,hits=4/13,1,gold absent (contradicts by alternative),1
musique_0922,musique,1,len=44,1,hits=1/20,1,gold absent (contradicts by alternative),1
hotpotqa_0809,hotpotqa,1,len=56,1,hits=3/10,1,gold absent (contradicts by alternative),1
musique_0109,musique,1,len=48,1,hits=7/24,1,gold absent (contradicts by alternative),1
musique_0913,musique,1,len=53,1,hits=3/30,1,gold absent (contradicts by alternative),1
hotpotqa_0424,hotpotqa,1,len=46,1,hits=7/15,1,gold absent (contradicts by alternative),1
musique_0279,musique,1,len=46,1,hits=5/11,1,gold absent (contradicts by alternative),1
hotpotqa_0388,hotpotqa,1,len=33,1,hits=5/15,0,gold appears affirmatively,0
squad_0493,squad,1,len=39,0,hits=0/8,1,gold absent (contradicts by alternative),0
musique_0151,musique,1,len=32,0,hits=0/16,1,gold absent (contradicts by alternative),0
hotpotqa_0660,hotpotqa,1,len=49,1,hits=3/11,1,gold absent (contradicts by alternative),1
hotpotqa_0669,hotpotqa,1,len=53,1,hits=1/14,1,gold absent (contradicts by alternative),1
musique_0670,musique,1,len=44,1,hits=2/19,1,gold absent (contradicts by alternative),1
hotpotqa_0220,hotpotqa,1,len=36,1,hits=2/8,1,gold negated,1
squad_0450,squad,1,len=37,0,hits=0/43,1,gold absent (contradicts by alternative),0
hotpotqa_0851,hotpotqa,1,len=39,1,hits=5/16,1,gold absent (contradicts by alternative),1
hotpotqa_0090,hotpotqa,1,len=49,1,hits=2/5,1,gold absent (contradicts by alternative),1
hotpotqa_0342,hotpotqa,1,len=43,1,hits=4/10,1,gold absent (contradicts by alternative),1
musique_0482,musique,1,len=46,1,hits=2/17,1,gold absent (contradicts by alternative),1
hotpotqa_0343,hotpotqa,1,len=40,1,hits=4/22,1,gold absent (contradicts by alternative),1
musique_0360,musique,1,len=48,1,hits=4/13,1,gold absent (contradicts by alternative),1
squad_0265,squad,1,len=43,1,hits=4/43,1,gold absent (contradicts by alternative),1
squad_0198,squad,1,len=43,1,hits=1/20,1,gold absent (contradicts by alternative),1
musique_0632,musique,1,len=43,1,hits=3/40,1,gold absent (contradicts by alternative),1
hotpotqa_0197,hotpotqa,1,len=48,1,hits=7/36,0,gold appears affirmatively,0
musique_0806,musique,1,len=45,1,hits=3/18,1,gold absent (contradicts by alternative),1
musique_0963,musique,1,len=51,1,hits=7/24,1,gold absent (contradicts by alternative),1
hotpotqa_0451,hotpotqa,1,len=49,1,hits=4/19,1,gold absent (contradicts by alternative),1
hotpotqa_0129,hotpotqa,1,len=53,1,hits=5/26,1,gold absent (contradicts by alternative),1
musique_0370,musique,1,len=45,1,hits=3/26,1,gold negated,1
musique_0392,musique,1,len=33,1,hits=5/35,1,gold absent (contradicts by alternative),1
hotpotqa_0393,hotpotqa,1,len=53,1,hits=5/32,1,gold absent (contradicts by alternative),1
squad_0044,squad,1,len=43,1,hits=3/23,1,gold absent (contradicts by alternative),1
hotpotqa_0690,hotpotqa,1,len=38,1,hits=3/20,1,gold absent (contradicts by alternative),1
hotpotqa_0029,hotpotqa,1,len=46,1,hits=2/14,1,gold absent (contradicts by alternative),1
hotpotqa_0057,hotpotqa,1,len=59,1,hits=9/23,1,gold absent (contradicts by alternative),1
hotpotqa_0863,hotpotqa,1,len=43,1,hits=3/34,1,gold absent (contradicts by alternative),1
hotpotqa_0032,hotpotqa,1,len=47,1,hits=4/14,1,gold absent (contradicts by alternative),1
hotpotqa_0187,hotpotqa,1,len=64,1,hits=4/12,1,gold absent (contradicts by alternative),1
hotpotqa_0409,hotpotqa,1,len=44,1,hits=4/15,1,gold absent (contradicts by alternative),1
hotpotqa_0488,hotpotqa,1,len=58,1,hits=4/22,1,gold absent (contradicts by alternative),1
musique_0861,musique,1,len=46,1,hits=7/35,1,gold absent (contradicts by alternative),1
hotpotqa_0767,hotpotqa,1,len=45,1,hits=4/19,1,gold absent (contradicts by alternative),1
squad_0498,squad,1,len=54,1,hits=2/10,1,gold absent (contradicts by alternative),1
musique_0902,musique,1,len=45,1,hits=1/21,1,gold absent (contradicts by alternative),1
hotpotqa_0413,hotpotqa,1,len=44,1,hits=2/11,1,gold absent (contradicts by alternative),1
musique_0571,musique,1,len=46,1,hits=2/19,1,gold absent (contradicts by alternative),1
hotpotqa_0772,hotpotqa,1,len=43,1,hits=3/27,1,gold absent (contradicts by alternative),1
musique_0581,musique,1,len=38,1,hits=2/37,1,gold absent (contradicts by alternative),1
hotpotqa_0099,hotpotqa,1,len=45,1,hits=3/13,1,gold absent (contradicts by alternative),1
hotpotqa_0009,hotpotqa,1,len=43,1,hits=6/16,1,gold absent (contradicts by alternative),1
musique_0225,musique,1,len=52,1,hits=1/30,1,gold absent (contradicts by alternative),1
hotpotqa_0107,hotpotqa,1,len=50,1,hits=8/22,1,gold absent (contradicts by alternative),1
hotpotqa_0909,hotpotqa,1,len=48,1,hits=7/34,1,gold absent (contradicts by alternative),1
hotpotqa_0631,hotpotqa,1,len=47,1,hits=3/19,1,gold absent (contradicts by alternative),1
musique_0413,musique,1,len=47,1,hits=4/18,1,gold absent (contradicts by alternative),1
hotpotqa_0799,hotpotqa,1,len=44,1,hits=3/14,0,gold appears affirmatively,0
hotpotqa_0210,hotpotqa,1,len=33,1,hits=4/21,1,gold absent (contradicts by alternative),1
musique_0837,musique,1,len=53,1,hits=5/26,1,gold absent (contradicts by alternative),1
musique_0351,musique,1,len=53,1,hits=6/23,1,gold absent (contradicts by alternative),1
musique_0467,musique,1,len=43,1,hits=1/19,1,gold absent (contradicts by alternative),1
squad_0405,squad,1,len=44,0,hits=0/35,1,gold absent (contradicts by alternative),0
musique_0312,musique,1,len=43,1,hits=4/15,1,gold absent (contradicts by alternative),1
musique_0070,musique,1,len=63,1,hits=3/26,1,gold absent (contradicts by alternative),1
squad_0217,squad,1,len=42,1,hits=4/9,1,gold absent (contradicts by alternative),1
musique_0300,musique,1,len=48,1,hits=4/19,1,gold absent (contradicts by alternative),1
squad_0133,squad,1,len=45,1,hits=4/11,1,gold absent (contradicts by alternative),1
hotpotqa_0097,hotpotqa,1,len=43,1,hits=3/24,1,gold absent (contradicts by alternative),1
musique_0426,musique,1,len=50,1,hits=2/29,1,gold absent (contradicts by alternative),1
hotpotqa_0905,hotpotqa,1,len=51,1,hits=4/24,1,gold absent (contradicts by alternative),1
squad_0460,squad,1,len=40,1,hits=2/22,1,gold absent (contradicts by alternative),1
musique_0090,musique,1,len=37,1,hits=1/27,1,gold absent (contradicts by alternative),1
musique_0382,musique,1,len=47,1,hits=1/32,1,gold absent (contradicts by alternative),1
musique_0828,musique,1,len=42,1,hits=2/42,1,gold absent (contradicts by alternative),1
hotpotqa_0070,hotpotqa,1,len=45,1,hits=1/17,1,gold absent (contradicts by alternative),1
musique_0463,musique,1,len=42,1,hits=3/27,1,gold absent (contradicts by alternative),1
hotpotqa_0443,hotpotqa,1,len=46,1,hits=2/8,1,gold absent (contradicts by alternative),1
hotpotqa_0364,hotpotqa,1,len=33,1,hits=5/22,1,gold absent (contradicts by alternative),1
squad_0299,squad,1,len=43,0,hits=0/21,1,gold absent (contradicts by alternative),0
hotpotqa_0902,hotpotqa,1,len=41,1,hits=4/23,1,gold absent (contradicts by alternative),1
hotpotqa_0314,hotpotqa,1,len=53,1,hits=4/14,1,gold absent (contradicts by alternative),1
squad_0244,squad,1,len=49,1,hits=4/16,1,gold absent (contradicts by alternative),1
musique_0387,musique,1,len=38,1,hits=6/14,1,gold absent (contradicts by alternative),1
hotpotqa_0022,hotpotqa,1,len=36,1,hits=4/17,0,gold appears affirmatively,0
musique_0563,musique,1,len=48,1,hits=1/17,1,gold absent (contradicts by alternative),1
musique_0375,musique,1,len=48,1,hits=1/20,1,gold absent (contradicts by alternative),1
hotpotqa_0158,hotpotqa,1,len=40,1,hits=3/21,1,gold absent (contradicts by alternative),1
squad_0273,squad,1,len=52,0,hits=0/18,1,gold absent (contradicts by alternative),0
squad_0413,squad,1,len=51,1,hits=2/36,1,gold absent (contradicts by alternative),1
musique_0518,musique,1,len=45,1,hits=4/19,1,gold absent (contradicts by alternative),1
musique_0094,musique,1,len=43,1,hits=3/18,1,gold absent (contradicts by alternative),1
hotpotqa_0254,hotpotqa,1,len=46,1,hits=2/24,1,gold absent (contradicts by alternative),1
hotpotqa_0602,hotpotqa,1,len=52,1,hits=4/10,1,gold absent (contradicts by alternative),1
hotpotqa_0362,hotpotqa,1,len=55,1,hits=5/30,1,gold absent (contradicts by alternative),1
hotpotqa_0205,hotpotqa,1,len=46,1,hits=7/18,1,gold absent (contradicts by alternative),1
musique_0243,musique,1,len=43,1,hits=3/22,1,gold absent (contradicts by alternative),1
hotpotqa_0036,hotpotqa,1,len=46,1,hits=7/9,1,gold negated,1
musique_0717,musique,1,len=49,1,hits=1/16,1,gold absent (contradicts by alternative),1
hotpotqa_0349,hotpotqa,1,len=47,1,hits=4/13,1,gold absent (contradicts by alternative),1
hotpotqa_0330,hotpotqa,1,len=51,1,hits=4/24,1,gold absent (contradicts by alternative),1
musique_0723,musique,1,len=48,1,hits=2/28,1,gold absent (contradicts by alternative),1
hotpotqa_0571,hotpotqa,1,len=50,1,hits=5/23,1,gold absent (contradicts by alternative),1
musique_0680,musique,1,len=46,1,hits=4/32,1,gold absent (contradicts by alternative),1
hotpotqa_0964,hotpotqa,1,len=60,1,hits=6/26,1,gold absent (contradicts by alternative),1
hotpotqa_0287,hotpotqa,1,len=44,1,hits=3/12,1,gold absent (contradicts by alternative),1
musique_0792,musique,1,len=47,1,hits=3/25,1,gold absent (contradicts by alternative),1
hotpotqa_0992,hotpotqa,1,len=58,1,hits=1/17,1,gold absent (contradicts by alternative),1
hotpotqa_0338,hotpotqa,1,len=42,1,hits=4/27,1,gold absent (contradicts by alternative),1
hotpotqa_0279,hotpotqa,1,len=47,1,hits=3/34,1,gold absent (contradicts by alternative),1
squad_0204,squad,1,len=45,1,hits=3/13,1,gold absent (contradicts by alternative),1
musique_0985,musique,1,len=49,1,hits=5/27,1,gold absent (contradicts by alternative),1
squad_0300,squad,1,len=40,0,hits=0/21,1,gold absent (contradicts by alternative),0
musique_0339,musique,1,len=50,1,hits=3/22,1,gold absent (contradicts by alternative),1
hotpotqa_0559,hotpotqa,1,len=56,1,hits=2/14,0,gold appears affirmatively,0
hotpotqa_0469,hotpotqa,1,len=47,1,hits=3/23,1,gold absent (contradicts by alternative),1
musique_0026,musique,1,len=37,1,hits=3/15,1,gold absent (contradicts by alternative),1
squad_0473,squad,1,len=64,1,hits=9/24,1,gold absent (contradicts by alternative),1
hotpotqa_0154,hotpotqa,1,len=51,1,hits=3/13,1,gold absent (contradicts by alternative),1
musique_0624,musique,1,len=49,1,hits=5/12,1,gold absent (contradicts by alternative),1
squad_0404,squad,1,len=46,1,hits=2/35,1,gold absent (contradicts by alternative),1
squad_0206,squad,1,len=48,1,hits=2/5,1,gold absent (contradicts by alternative),1
musique_0407,musique,1,len=43,1,hits=4/15,1,gold absent (contradicts by alternative),1
squad_0173,squad,1,len=38,1,hits=4/11,1,gold absent (contradicts by alternative),1
musique_0891,musique,1,len=46,1,hits=3/16,1,gold absent (contradicts by alternative),1
hotpotqa_0299,hotpotqa,1,len=55,1,hits=3/15,1,gold absent (contradicts by alternative),1
squad_0156,squad,1,len=37,1,hits=3/15,1,gold absent (contradicts by alternative),1
musique_0893,musique,1,len=48,1,hits=3/11,1,gold absent (contradicts by alternative),1
hotpotqa_0182,hotpotqa,1,len=43,1,hits=6/12,1,gold absent (contradicts by alternative),1
hotpotqa_0849,hotpotqa,1,len=54,1,hits=4/36,1,gold absent (contradicts by alternative),1
musique_0035,musique,1,len=48,1,hits=5/17,1,gold absent (contradicts by alternative),1
hotpotqa_0675,hotpotqa,1,len=44,1,hits=5/15,1,gold absent (contradicts by alternative),1
squad_0262,squad,1,len=52,1,hits=4/20,1,gold absent (contradicts by alternative),1
musique_0679,musique,1,len=54,1,hits=3/18,1,gold negated,1
squad_0180,squad,1,len=53,1,hits=3/21,1,gold absent (contradicts by alternative),1
squad_0066,squad,1,len=47,1,hits=5/19,1,gold absent (contradicts by alternative),1
hotpotqa_0430,hotpotqa,1,len=45,1,hits=5/26,1,gold absent (contradicts by alternative),1
hotpotqa_0313,hotpotqa,1,len=46,1,hits=4/23,1,gold absent (contradicts by alternative),1
squad_0425,squad,1,len=43,1,hits=1/17,1,gold absent (contradicts by alternative),1
hotpotqa_0496,hotpotqa,1,len=49,1,hits=4/13,1,gold absent (contradicts by alternative),1
musique_0684,musique,1,len=48,1,hits=2/47,1,gold absent (contradicts by alternative),1
squad_0021,squad,1,len=47,1,hits=4/11,1,gold negated,1
hotpotqa_0889,hotpotqa,1,len=54,1,hits=5/25,1,gold absent (contradicts by alternative),1
hotpotqa_0273,hotpotqa,1,len=52,1,hits=5/21,1,gold absent (contradicts by alternative),1
musique_0195,musique,1,len=45,1,hits=1/20,1,gold absent (contradicts by alternative),1
musique_0121,musique,1,len=40,1,hits=3/20,1,gold absent (contradicts by alternative),1
hotpotqa_0646,hotpotqa,1,len=43,1,hits=1/16,1,gold absent (contradicts by alternative),1
hotpotqa_0981,hotpotqa,1,len=55,1,hits=7/14,1,gold absent (contradicts by alternative),1
hotpotqa_0178,hotpotqa,1,len=46,1,hits=6/23,1,gold absent (contradicts by alternative),1
musique_0611,musique,1,len=45,1,hits=4/22,1,gold absent (contradicts by alternative),1
hotpotqa_0391,hotpotqa,1,len=55,1,hits=4/22,1,gold absent (contradicts by alternative),1
hotpotqa_0751,hotpotqa,1,len=52,1,hits=6/29,1,gold absent (contradicts by alternative),1
musique_0575,musique,1,len=48,1,hits=2/9,1,gold absent (contradicts by alternative),1
musique_0875,musique,1,len=37,1,hits=3/13,1,gold absent (contradicts by alternative),1
musique_0769,musique,1,len=49,1,hits=3/23,1,gold absent (contradicts by alternative),1
squad_0252,squad,1,len=50,1,hits=1/28,1,gold absent (contradicts by alternative),1
musique_0020,musique,1,len=43,1,hits=4/19,1,gold absent (contradicts by alternative),1
musique_0700,musique,1,len=55,1,hits=3/28,1,gold absent (contradicts by alternative),1
hotpotqa_0717,hotpotqa,1,len=50,1,hits=6/25,1,gold absent (contradicts by alternative),1
squad_0137,squad,1,len=43,1,hits=6/11,1,gold absent (contradicts by alternative),1
musique_0218,musique,1,len=44,1,hits=3/15,1,gold absent (contradicts by alternative),1
musique_0420,musique,1,len=45,1,hits=4/34,1,gold absent (contradicts by alternative),1
musique_0869,musique,1,len=45,1,hits=4/40,1,gold absent (contradicts by alternative),1
musique_0179,musique,1,len=43,1,hits=6/16,1,gold absent (contradicts by alternative),1
hotpotqa_0373,hotpotqa,1,len=50,1,hits=4/17,1,gold absent (contradicts by alternative),1
hotpotqa_0160,hotpotqa,1,len=47,1,hits=4/25,1,gold negated,1
musique_0895,musique,1,len=51,1,hits=6/21,1,gold negated,1
musique_0884,musique,1,len=46,1,hits=1/23,1,gold absent (contradicts by alternative),1
squad_0010,squad,1,len=40,1,hits=3/21,1,gold absent (contradicts by alternative),1
musique_0347,musique,1,len=51,1,hits=5/14,1,gold absent (contradicts by alternative),1
musique_0011,musique,1,len=53,1,hits=4/18,1,gold absent (contradicts by alternative),1
musique_0635,musique,1,len=52,1,hits=4/36,1,gold absent (contradicts by alternative),1
hotpotqa_0262,hotpotqa,1,len=52,1,hits=6/26,1,gold absent (contradicts by alternative),1
musique_0825,musique,1,len=44,1,hits=1/10,1,gold absent (contradicts by alternative),1
hotpotqa_0584,hotpotqa,1,len=41,1,hits=5/23,1,gold absent (contradicts by alternative),1
hotpotqa_0030,hotpotqa,1,len=50,1,hits=4/23,1,gold absent (contradicts by alternative),1
hotpotqa_0826,hotpotqa,1,len=53,1,hits=5/22,1,gold absent (contradicts by alternative),1
musique_0128,musique,1,len=47,1,hits=2/46,1,gold absent (contradicts by alternative),1
musique_0879,musique,1,len=39,1,hits=2/18,1,gold absent (contradicts by alternative),1
squad_0058,squad,1,len=41,1,hits=2/11,1,gold absent (contradicts by alternative),1
squad_0287,squad,1,len=48,0,hits=0/17,1,gold absent (contradicts by alternative),0
musique_0271,musique,1,len=49,1,hits=4/14,1,gold negated,1
hotpotqa_0650,hotpotqa,1,len=38,1,hits=4/9,1,gold absent (contradicts by alternative),1
squad_0167,squad,1,len=42,1,hits=3/11,1,gold absent (contradicts by alternative),1
musique_0770,musique,1,len=42,1,hits=5/21,1,gold absent (contradicts by alternative),1
musique_0268,musique,1,len=39,1,hits=3/22,1,gold absent (contradicts by alternative),1
hotpotqa_0842,hotpotqa,1,len=41,1,hits=3/16,1,gold absent (contradicts by alternative),1
hotpotqa_0532,hotpotqa,1,len=53,1,hits=3/26,1,gold absent (contradicts by alternative),1
hotpotqa_0845,hotpotqa,1,len=49,1,hits=3/13,1,gold absent (contradicts by alternative),1
musique_0593,musique,1,len=32,1,hits=4/46,1,gold negated,1
hotpotqa_0281,hotpotqa,1,len=45,1,hits=3/19,1,gold absent (contradicts by alternative),1
musique_0958,musique,1,len=51,1,hits=1/16,1,gold absent (contradicts by alternative),1
musique_0713,musique,1,len=44,1,hits=2/20,0,gold appears affirmatively,0
hotpotqa_0528,hotpotqa,1,len=40,1,hits=3/33,1,gold absent (contradicts by alternative),1
hotpotqa_0453,hotpotqa,1,len=42,1,hits=5/20,1,gold absent (contradicts by alternative),1
squad_0279,squad,1,len=46,1,hits=3/18,1,gold absent (contradicts by alternative),1
squad_0174,squad,1,len=47,1,hits=3/13,1,gold absent (contradicts by alternative),1
musique_0682,musique,1,len=44,1,hits=1/18,1,gold absent (contradicts by alternative),1
musique_0338,musique,1,len=53,1,hits=5/17,1,gold absent (contradicts by alternative),1
hotpotqa_0703,hotpotqa,1,len=57,1,hits=6/19,1,gold absent (contradicts by alternative),1
hotpotqa_0045,hotpotqa,1,len=40,1,hits=5/14,1,gold absent (contradicts by alternative),1
squad_0123,squad,1,len=53,1,hits=2/19,1,gold absent (contradicts by alternative),1
musique_0509,musique,1,len=37,1,hits=3/26,1,gold absent (contradicts by alternative),1
hotpotqa_0235,hotpotqa,1,len=44,1,hits=8/27,1,gold absent (contradicts by alternative),1
musique_0862,musique,1,len=46,1,hits=4/37,1,gold absent (contradicts by alternative),1
hotpotqa_0286,hotpotqa,1,len=54,1,hits=2/16,1,gold absent (contradicts by alternative),1
squad_0147,squad,1,len=50,1,hits=3/14,1,gold absent (contradicts by alternative),1
squad_0426,squad,1,len=41,1,hits=1/18,1,gold absent (contradicts by alternative),1
squad_0475,squad,1,len=50,0,hits=0/23,1,gold absent (contradicts by alternative),0
hotpotqa_0843,hotpotqa,1,len=58,1,hits=10/18,1,gold absent (contradicts by alternative),1
musique_0162,musique,1,len=41,1,hits=2/32,1,gold absent (contradicts by alternative),1
musique_0580,musique,1,len=50,1,hits=5/11,1,gold absent (contradicts by alternative),1
hotpotqa_0284,hotpotqa,1,len=42,1,hits=5/24,1,gold absent (contradicts by alternative),1
squad_0365,squad,1,len=38,0,hits=0/13,1,gold absent (contradicts by alternative),0
hotpotqa_0764,hotpotqa,1,len=49,1,hits=4/19,1,gold absent (contradicts by alternative),1
hotpotqa_0109,hotpotqa,1,len=54,1,hits=3/17,1,gold absent (contradicts by alternative),1
squad_0001,squad,1,len=45,1,hits=3/21,1,gold absent (contradicts by alternative),1
squad_0178,squad,1,len=38,1,hits=1/17,1,gold absent (contradicts by alternative),1
hotpotqa_0727,hotpotqa,1,len=52,1,hits=3/16,1,gold absent (contradicts by alternative),1
hotpotqa_0427,hotpotqa,1,len=59,1,hits=4/22,1,gold absent (contradicts by alternative),1
hotpotqa_0702,hotpotqa,1,len=47,1,hits=3/27,1,gold absent (contradicts by alternative),1
hotpotqa_0381,hotpotqa,1,len=50,1,hits=7/19,1,gold absent (contradicts by alternative),1
musique_0247,musique,1,len=40,1,hits=3/30,1,gold absent (contradicts by alternative),1
musique_0849,musique,1,len=47,1,hits=2/28,1,gold absent (contradicts by alternative),1
squad_0399,squad,1,len=45,1,hits=3/35,1,gold absent (contradicts by alternative),1
hotpotqa_0444,hotpotqa,1,len=35,1,hits=2/14,1,gold absent (contradicts by alternative),1
musique_0944,musique,1,len=41,1,hits=4/17,1,gold absent (contradicts by alternative),1
hotpotqa_0771,hotpotqa,1,len=51,1,hits=7/14,1,gold absent (contradicts by alternative),1
musique_0582,musique,1,len=46,1,hits=3/10,1,gold absent (contradicts by alternative),1
hotpotqa_0260,hotpotqa,1,len=55,1,hits=3/11,1,gold absent (contradicts by alternative),1
musique_0600,musique,1,len=44,1,hits=7/32,1,gold absent (contradicts by alternative),1
hotpotqa_0836,hotpotqa,1,len=45,1,hits=4/26,1,gold absent (contradicts by alternative),1
musique_0561,musique,1,len=40,1,hits=3/45,1,gold absent (contradicts by alternative),1
musique_0601,musique,1,len=41,1,hits=3/12,1,gold absent (contradicts by alternative),1
musique_0352,musique,1,len=48,1,hits=4/39,1,gold absent (contradicts by alternative),1
hotpotqa_0629,hotpotqa,1,len=46,1,hits=3/29,1,gold absent (contradicts by alternative),1
squad_0192,squad,1,len=52,1,hits=2/12,1,gold absent (contradicts by alternative),1
hotpotqa_0131,hotpotqa,1,len=39,1,hits=2/15,1,gold absent (contradicts by alternative),1
hotpotqa_0095,hotpotqa,1,len=54,1,hits=9/24,1,gold absent (contradicts by alternative),1
musique_0335,musique,1,len=42,1,hits=1/21,1,gold absent (contradicts by alternative),1
squad_0401,squad,1,len=42,1,hits=3/34,1,gold absent (contradicts by alternative),1
musique_0652,musique,1,len=43,1,hits=6/35,1,gold absent (contradicts by alternative),1
musique_0743,musique,1,len=44,1,hits=2/11,1,gold absent (contradicts by alternative),1
musique_0716,musique,1,len=50,1,hits=1/25,1,gold absent (contradicts by alternative),1
hotpotqa_0923,hotpotqa,0,len=21,1,hits=3/15,1,gold absent (contradicts by alternative),0
squad_0358,squad,1,len=53,1,hits=2/33,1,gold absent (contradicts by alternative),1
musique_0452,musique,1,len=61,1,hits=4/13,1,gold absent (contradicts by alternative),1
squad_0047,squad,1,len=41,1,hits=5/23,1,gold absent (contradicts by alternative),1
hotpotqa_0039,hotpotqa,1,len=46,1,hits=3/19,1,gold absent (contradicts by alternative),1
musique_0251,musique,1,len=43,1,hits=3/22,1,gold absent (contradicts by alternative),1
hotpotqa_0525,hotpotqa,1,len=51,1,hits=2/29,1,gold absent (contradicts by alternative),1
hotpotqa_0569,hotpotqa,1,len=53,1,hits=3/21,1,gold absent (contradicts by alternative),1
musique_0534,musique,1,len=50,1,hits=1/81,1,gold absent (contradicts by alternative),1
hotpotqa_0123,hotpotqa,1,len=37,1,hits=4/17,0,gold appears affirmatively,0
musique_0843,musique,1,len=40,1,hits=5/16,1,gold absent (contradicts by alternative),1
musique_0796,musique,1,len=56,1,hits=3/21,1,gold absent (contradicts by alternative),1
hotpotqa_0858,hotpotqa,1,len=53,1,hits=5/27,1,gold negated,1
musique_0710,musique,1,len=51,1,hits=2/38,1,gold absent (contradicts by alternative),1
musique_0756,musique,1,len=48,1,hits=8/23,1,gold absent (contradicts by alternative),1
hotpotqa_0769,hotpotqa,1,len=39,1,hits=5/25,1,gold absent (contradicts by alternative),1
musique_0282,musique,1,len=49,1,hits=4/9,1,gold absent (contradicts by alternative),1
hotpotqa_0351,hotpotqa,1,len=45,1,hits=6/19,1,gold absent (contradicts by alternative),1
musique_0395,musique,1,len=54,1,hits=4/58,1,gold absent (contradicts by alternative),1
musique_0889,musique,1,len=39,1,hits=4/35,1,gold absent (contradicts by alternative),1
musique_0919,musique,1,len=53,1,hits=2/24,1,gold absent (contradicts by alternative),1
squad_0112,squad,1,len=54,1,hits=2/18,1,gold absent (contradicts by alternative),1
squad_0250,squad,1,len=48,1,hits=1/27,1,gold absent (contradicts by alternative),1
musique_0943,musique,1,len=58,1,hits=1/30,1,gold absent (contradicts by alternative),1
hotpotqa_0859,hotpotqa,1,len=53,1,hits=4/17,1,gold absent (contradicts by alternative),1
hotpotqa_0929,hotpotqa,1,len=33,1,hits=3/27,1,gold absent (contradicts by alternative),1
squad_0242,squad,1,len=45,1,hits=4/24,1,gold absent (contradicts by alternative),1
musique_0628,musique,1,len=42,1,hits=3/18,1,gold absent (contradicts by alternative),1
hotpotqa_0611,hotpotqa,1,len=42,1,hits=2/22,1,gold negated,1
squad_0099,squad,1,len=52,1,hits=5/19,1,gold absent (contradicts by alternative),1
musique_0933,musique,1,len=39,1,hits=4/13,1,gold absent (contradicts by alternative),1
hotpotqa_0048,hotpotqa,1,len=50,1,hits=3/20,0,gold appears affirmatively,0
musique_0661,musique,1,len=45,1,hits=3/41,1,gold absent (contradicts by alternative),1
musique_0654,musique,1,len=42,1,hits=5/15,1,gold absent (contradicts by alternative),1
musique_0419,musique,1,len=45,1,hits=4/28,1,gold absent (contradicts by alternative),1
musique_0154,musique,1,len=42,1,hits=3/19,1,gold negated,1
musique_0226,musique,1,len=57,1,hits=2/19,1,gold absent (contradicts by alternative),1
hotpotqa_0034,hotpotqa,1,len=46,1,hits=3/11,1,gold absent (contradicts by alternative),1
musique_0069,musique,1,len=55,1,hits=3/14,1,gold negated,1
squad_0224,squad,1,len=44,1,hits=3/23,1,gold absent (contradicts by alternative),1
hotpotqa_0564,hotpotqa,1,len=52,1,hits=4/23,1,gold absent (contradicts by alternative),1
hotpotqa_0780,hotpotqa,1,len=40,1,hits=7/18,1,gold negated,1
musique_0124,musique,1,len=35,1,hits=5/29,1,gold absent (contradicts by alternative),1
musique_0239,musique,1,len=36,1,hits=5/17,1,gold absent (contradicts by alternative),1
musique_0024,musique,1,len=47,1,hits=1/19,1,gold absent (contradicts by alternative),1
musique_0348,musique,1,len=42,0,hits=0/29,1,gold absent (contradicts by alternative),0
hotpotqa_0805,hotpotqa,1,len=47,1,hits=1/15,1,gold absent (contradicts by alternative),1
musique_0367,musique,1,len=55,1,hits=3/23,1,gold absent (contradicts by alternative),1
squad_0412,squad,1,len=49,1,hits=1/37,1,gold absent (contradicts by alternative),1
hotpotqa_0156,hotpotqa,1,len=42,1,hits=3/21,1,gold absent (contradicts by alternative),1
musique_0475,musique,1,len=52,1,hits=4/13,1,gold absent (contradicts by alternative),1
hotpotqa_0292,hotpotqa,1,len=42,1,hits=2/11,1,gold absent (contradicts by alternative),1
squad_0334,squad,1,len=48,1,hits=1/15,1,gold absent (contradicts by alternative),1
hotpotqa_0403,hotpotqa,1,len=51,1,hits=3/21,1,gold absent (contradicts by alternative),1
hotpotqa_0932,hotpotqa,1,len=55,1,hits=6/23,1,gold absent (contradicts by alternative),1
musique_0132,musique,1,len=50,1,hits=3/42,1,gold absent (contradicts by alternative),1
hotpotqa_0320,hotpotqa,1,len=49,1,hits=4/28,1,gold absent (contradicts by alternative),1
squad_0239,squad,1,len=58,1,hits=2/24,1,gold absent (contradicts by alternative),1
squad_0100,squad,1,len=48,1,hits=5/19,1,gold absent (contradicts by alternative),1
squad_0055,squad,1,len=49,0,hits=0/10,1,gold absent (contradicts by alternative),0
musique_0206,musique,1,len=49,1,hits=3/24,1,gold absent (contradicts by alternative),1
hotpotqa_0337,hotpotqa,1,len=40,1,hits=1/15,1,gold absent (contradicts by alternative),1
musique_0470,musique,1,len=44,0,hits=0/27,1,gold absent (contradicts by alternative),0
hotpotqa_0310,hotpotqa,1,len=55,1,hits=6/33,1,gold absent (contradicts by alternative),1
musique_0087,musique,1,len=56,1,hits=4/31,1,gold absent (contradicts by alternative),1
hotpotqa_0957,hotpotqa,1,len=55,1,hits=3/23,1,gold absent (contradicts by alternative),1
musique_0809,musique,1,len=54,1,hits=4/17,1,gold absent (contradicts by alternative),1
hotpotqa_0735,hotpotqa,1,len=47,1,hits=2/25,1,gold absent (contradicts by alternative),1
hotpotqa_0101,hotpotqa,1,len=60,1,hits=8/20,1,gold absent (contradicts by alternative),1
musique_0566,musique,1,len=52,1,hits=2/9,1,gold absent (contradicts by alternative),1
musique_0118,musique,1,len=48,1,hits=6/22,1,gold negated,1
musique_0298,musique,1,len=48,1,hits=5/30,1,gold absent (contradicts by alternative),1
squad_0037,squad,1,len=48,1,hits=6/9,1,gold absent (contradicts by alternative),1
musique_0505,musique,1,len=48,1,hits=3/27,1,gold absent (contradicts by alternative),1
musique_0675,musique,1,len=40,0,hits=0/31,1,gold absent (contradicts by alternative),0
musique_0771,musique,1,len=36,1,hits=3/18,1,gold absent (contradicts by alternative),1
musique_0915,musique,1,len=40,1,hits=1/16,1,gold absent (contradicts by alternative),1
musique_0847,musique,1,len=44,1,hits=4/30,1,gold absent (contradicts by alternative),1
musique_0745,musique,1,len=50,1,hits=1/22,1,gold absent (contradicts by alternative),1
musique_0377,musique,1,len=52,1,hits=4/18,1,gold absent (contradicts by alternative),1
squad_0098,squad,1,len=46,1,hits=2/20,1,gold absent (contradicts by alternative),1
musique_0905,musique,1,len=42,1,hits=1/27,1,gold absent (contradicts by alternative),1
hotpotqa_0168,hotpotqa,1,len=46,1,hits=3/10,1,gold absent (contradicts by alternative),1
hotpotqa_0942,hotpotqa,1,len=43,1,hits=2/18,1,gold absent (contradicts by alternative),1
musique_0440,musique,1,len=36,1,hits=3/29,1,gold absent (contradicts by alternative),1
squad_0301,squad,1,len=39,0,hits=0/15,1,gold absent (contradicts by alternative),0
musique_0820,musique,1,len=39,1,hits=3/14,1,gold negated,1
musique_0208,musique,1,len=44,1,hits=3/29,1,gold absent (contradicts by alternative),1
hotpotqa_0344,hotpotqa,1,len=41,1,hits=3/18,1,gold absent (contradicts by alternative),1
hotpotqa_0550,hotpotqa,1,len=38,1,hits=5/14,0,gold appears affirmatively,0
hotpotqa_0347,hotpotqa,1,len=55,1,hits=6/28,1,gold absent (contradicts by alternative),1
squad_0255,squad,1,len=53,1,hits=6/10,1,gold absent (contradicts by alternative),1
musique_0042,musique,1,len=53,1,hits=6/14,1,gold absent (contradicts by alternative),1
squad_0303,squad,1,len=47,0,hits=0/15,1,gold absent (contradicts by alternative),0
hotpotqa_0643,hotpotqa,1,len=57,1,hits=8/22,1,gold absent (contradicts by alternative),1
musique_0544,musique,1,len=50,1,hits=2/18,1,gold absent (contradicts by alternative),1
musique_0740,musique,1,len=47,1,hits=4/27,1,gold absent (contradicts by alternative),1
musique_0253,musique,1,len=60,1,hits=4/28,1,gold absent (contradicts by alternative),1
hotpotqa_0895,hotpotqa,1,len=42,1,hits=6/17,1,gold absent (contradicts by alternative),1
musique_0621,musique,1,len=40,1,hits=3/18,0,gold appears affirmatively,0
hotpotqa_0960,hotpotqa,1,len=35,1,hits=3/7,1,gold absent (contradicts by alternative),1
musique_0851,musique,1,len=51,1,hits=5/26,1,gold absent (contradicts by alternative),1
hotpotqa_0831,hotpotqa,1,len=40,1,hits=1/14,1,gold absent (contradicts by alternative),1
hotpotqa_0899,hotpotqa,1,len=46,1,hits=2/13,1,gold absent (contradicts by alternative),1
hotpotqa_0848,hotpotqa,1,len=47,1,hits=7/25,1,gold absent (contradicts by alternative),1
hotpotqa_0149,hotpotqa,1,len=47,1,hits=4/6,0,gold appears affirmatively,0
musique_0642,musique,1,len=41,1,hits=2/14,1,gold absent (contradicts by alternative),1
musique_0099,musique,1,len=41,1,hits=5/17,1,gold absent (contradicts by alternative),1
musique_0940,musique,1,len=43,1,hits=5/16,1,gold absent (contradicts by alternative),1
squad_0026,squad,1,len=44,1,hits=6/33,1,gold absent (contradicts by alternative),1
musique_0979,musique,1,len=42,1,hits=4/24,1,gold absent (contradicts by alternative),1
squad_0152,squad,1,len=42,1,hits=2/35,1,gold absent (contradicts by alternative),1
musique_0531,musique,1,len=36,1,hits=3/10,1,gold absent (contradicts by alternative),1
musique_0318,musique,1,len=59,1,hits=2/23,1,gold absent (contradicts by alternative),1
hotpotqa_0733,hotpotqa,1,len=59,1,hits=4/15,1,gold absent (contradicts by alternative),1
squad_0470,squad,1,len=38,1,hits=1/21,1,gold absent (contradicts by alternative),1
squad_0125,squad,1,len=48,1,hits=2/19,1,gold absent (contradicts by alternative),1
squad_0042,squad,1,len=47,1,hits=2/8,1,gold absent (contradicts by alternative),1
squad_0327,squad,1,len=52,1,hits=2/16,1,gold absent (contradicts by alternative),1
squad_0085,squad,1,len=43,1,hits=3/34,1,gold absent (contradicts by alternative),1
musique_0589,musique,1,len=50,1,hits=3/96,1,gold absent (contradicts by alternative),1
squad_0083,squad,1,len=39,1,hits=4/33,1,gold absent (contradicts by alternative),1
hotpotqa_0685,hotpotqa,1,len=49,1,hits=2/19,1,gold absent (contradicts by alternative),1
hotpotqa_0265,hotpotqa,1,len=40,1,hits=4/15,0,gold appears affirmatively,0
musique_0927,musique,1,len=51,1,hits=2/17,1,gold absent (contradicts by alternative),1
hotpotqa_0333,hotpotqa,1,len=49,1,hits=6/23,1,gold absent (contradicts by alternative),1
hotpotqa_0857,hotpotqa,1,len=38,1,hits=4/10,1,gold absent (contradicts by alternative),1
squad_0002,squad,1,len=51,1,hits=8/23,1,gold negated,1
squad_0081,squad,1,len=43,1,hits=1/8,1,gold absent (contradicts by alternative),1
hotpotqa_0517,hotpotqa,1,len=39,1,hits=5/18,1,gold absent (contradicts by alternative),1
musique_0147,musique,1,len=46,1,hits=4/14,1,gold absent (contradicts by alternative),1
hotpotqa_0218,hotpotqa,1,len=53,1,hits=2/23,1,gold absent (contradicts by alternative),1
musique_0012,musique,1,len=37,1,hits=1/15,1,gold absent (contradicts by alternative),1
musique_0342,musique,1,len=63,1,hits=4/21,1,gold negated,1
hotpotqa_0608,hotpotqa,1,len=57,1,hits=6/25,1,gold absent (contradicts by alternative),1
musique_0204,musique,1,len=48,1,hits=6/29,1,gold absent (contradicts by alternative),1
squad_0193,squad,1,len=39,1,hits=2/12,1,gold absent (contradicts by alternative),1
hotpotqa_0774,hotpotqa,1,len=39,1,hits=6/24,1,gold absent (contradicts by alternative),1
hotpotqa_0189,hotpotqa,1,len=43,1,hits=7/26,1,gold absent (contradicts by alternative),1
musique_0001,musique,1,len=45,1,hits=3/13,1,gold absent (contradicts by alternative),1
musique_0759,musique,1,len=52,1,hits=6/17,1,gold negated,1
musique_0302,musique,1,len=45,1,hits=3/22,1,gold absent (contradicts by alternative),1
musique_0532,musique,1,len=52,1,hits=3/26,1,gold absent (contradicts by alternative),1
musique_0549,musique,1,len=48,1,hits=2/21,1,gold absent (contradicts by alternative),1
squad_0181,squad,1,len=59,1,hits=4/21,1,gold absent (contradicts by alternative),1
hotpotqa_0785,hotpotqa,1,len=40,1,hits=2/24,1,gold absent (contradicts by alternative),1
hotpotqa_0776,hotpotqa,1,len=45,1,hits=3/20,1,gold absent (contradicts by alternative),1
hotpotqa_0535,hotpotqa,1,len=57,1,hits=5/20,1,gold absent (contradicts by alternative),1
hotpotqa_0591,hotpotqa,1,len=48,1,hits=4/19,1,gold absent (contradicts by alternative),1
hotpotqa_0485,hotpotqa,1,len=48,1,hits=3/10,1,gold absent (contradicts by alternative),1
hotpotqa_0267,hotpotqa,1,len=37,1,hits=2/30,1,gold absent (contradicts by alternative),1
musique_0776,musique,1,len=40,1,hits=4/20,1,gold absent (contradicts by alternative),1
squad_0158,squad,1,len=42,1,hits=3/21,1,gold absent (contradicts by alternative),1
hotpotqa_0701,hotpotqa,1,len=44,1,hits=1/17,1,gold absent (contradicts by alternative),1
musique_0525,musique,1,len=41,1,hits=4/16,1,gold absent (contradicts by alternative),1
musique_0514,musique,1,len=47,1,hits=2/17,1,gold absent (contradicts by alternative),1
hotpotqa_0983,hotpotqa,1,len=38,0,hits=0/14,1,gold absent (contradicts by alternative),0
musique_0868,musique,1,len=44,1,hits=5/44,1,gold absent (contradicts by alternative),1
musique_0249,musique,1,len=38,1,hits=6/16,1,gold absent (contradicts by alternative),1
hotpotqa_0861,hotpotqa,1,len=48,1,hits=5/30,1,gold absent (contradicts by alternative),1
musique_0386,musique,1,len=40,1,hits=3/29,1,gold negated,1
hotpotqa_0454,hotpotqa,1,len=45,1,hits=3/25,1,gold absent (contradicts by alternative),1
musique_0552,musique,1,len=42,1,hits=4/18,1,gold absent (contradicts by alternative),1
hotpotqa_0562,hotpotqa,1,len=53,1,hits=4/14,1,gold negated,1
hotpotqa_0085,hotpotqa,1,len=49,0,hits=0/18,1,gold absent (contradicts by alternative),0
squad_0468,squad,1,len=34,0,hits=0/21,1,gold absent (contradicts by alternative),0
musique_0072,musique,1,len=35,1,hits=3/14,1,gold negated,1
hotpotqa_0721,hotpotqa,1,len=42,1,hits=1/13,1,gold absent (contradicts by alternative),1
hotpotqa_0088,hotpotqa,1,len=57,1,hits=4/18,1,gold absent (contradicts by alternative),1
hotpotqa_0802,hotpotqa,1,len=42,1,hits=4/18,1,gold absent (contradicts by alternative),1
hotpotqa_0731,hotpotqa,1,len=42,1,hits=3/14,1,gold absent (contradicts by alternative),1
musique_0007,musique,1,len=51,1,hits=3/15,1,gold absent (contradicts by alternative),1
squad_0271,squad,1,len=47,0,hits=0/18,1,gold absent (contradicts by alternative),0
squad_0467,squad,1,len=47,1,hits=2/21,1,gold absent (contradicts by alternative),1
squad_0362,squad,1,len=40,1,hits=2/33,1,gold absent (contradicts by alternative),1
musique_0073,musique,1,len=49,1,hits=2/16,1,gold absent (contradicts by alternative),1
hotpotqa_0896,hotpotqa,1,len=55,1,hits=7/22,1,gold absent (contradicts by alternative),1
hotpotqa_0713,hotpotqa,1,len=48,1,hits=6/19,1,gold absent (contradicts by alternative),1
musique_0163,musique,1,len=45,1,hits=7/9,1,gold negated,1
hotpotqa_0810,hotpotqa,1,len=38,1,hits=4/15,0,gold appears affirmatively,0
hotpotqa_0815,hotpotqa,1,len=54,1,hits=4/27,1,gold absent (contradicts by alternative),1
hotpotqa_0121,hotpotqa,1,len=53,1,hits=1/11,1,gold absent (contradicts by alternative),1
hotpotqa_0179,hotpotqa,1,len=43,1,hits=4/13,1,gold absent (contradicts by alternative),1
musique_0474,musique,1,len=39,1,hits=1/17,1,gold absent (contradicts by alternative),1
hotpotqa_0796,hotpotqa,1,len=49,1,hits=5/16,1,gold absent (contradicts by alternative),1
musique_0803,musique,1,len=59,1,hits=6/25,1,gold absent (contradicts by alternative),1
musique_0190,musique,1,len=44,1,hits=5/23,1,gold absent (contradicts by alternative),1
hotpotqa_0583,hotpotqa,1,len=40,1,hits=3/15,1,gold absent (contradicts by alternative),1
hotpotqa_0471,hotpotqa,1,len=45,1,hits=3/16,1,gold absent (contradicts by alternative),1
squad_0272,squad,1,len=48,0,hits=0/18,1,gold absent (contradicts by alternative),0
hotpotqa_0122,hotpotqa,1,len=55,1,hits=3/12,1,gold absent (contradicts by alternative),1
squad_0435,squad,1,len=40,1,hits=2/18,1,gold absent (contradicts by alternative),1
hotpotqa_0302,hotpotqa,1,len=39,1,hits=4/18,1,gold absent (contradicts by alternative),1
hotpotqa_0040,hotpotqa,1,len=42,1,hits=5/18,1,gold absent (contradicts by alternative),1
musique_0486,musique,1,len=51,1,hits=3/19,1,gold absent (contradicts by alternative),1
hotpotqa_0027,hotpotqa,1,len=44,1,hits=3/18,1,gold absent (contradicts by alternative),1
hotpotqa_0754,hotpotqa,1,len=41,1,hits=5/16,1,gold absent (contradicts by alternative),1
musique_0639,musique,1,len=43,1,hits=6/11,1,gold absent (contradicts by alternative),1
hotpotqa_0840,hotpotqa,1,len=40,1,hits=4/9,1,gold absent (contradicts by alternative),1
musique_0539,musique,1,len=45,1,hits=1/35,1,gold absent (contradicts by alternative),1
musique_0357,musique,1,len=44,1,hits=3/20,1,gold absent (contradicts by alternative),1
musique_0969,musique,1,len=47,1,hits=6/17,1,gold absent (contradicts by alternative),1
hotpotqa_0979,hotpotqa,1,len=44,1,hits=1/13,1,gold absent (contradicts by alternative),1
hotpotqa_0873,hotpotqa,1,len=47,1,hits=4/18,1,gold absent (contradicts by alternative),1
musique_0910,musique,1,len=51,1,hits=2/26,1,gold absent (contradicts by alternative),1
hotpotqa_0943,hotpotqa,1,len=48,1,hits=7/23,1,gold absent (contradicts by alternative),1
hotpotqa_0913,hotpotqa,1,len=47,1,hits=6/22,1,gold negated,1
hotpotqa_0015,hotpotqa,1,len=48,1,hits=5/26,1,gold absent (contradicts by alternative),1
hotpotqa_0898,hotpotqa,1,len=49,1,hits=7/29,1,gold absent (contradicts by alternative),1
squad_0031,squad,1,len=63,1,hits=7/15,1,gold absent (contradicts by alternative),1
hotpotqa_0172,hotpotqa,1,len=44,1,hits=5/21,1,gold absent (contradicts by alternative),1
musique_0860,musique,1,len=60,1,hits=1/18,1,gold absent (contradicts by alternative),1
hotpotqa_0429,hotpotqa,1,len=40,1,hits=3/12,1,gold absent (contradicts by alternative),1
hotpotqa_0664,hotpotqa,1,len=38,1,hits=1/13,1,gold absent (contradicts by alternative),1
musique_0346,musique,1,len=44,1,hits=4/12,1,gold absent (contradicts by alternative),1
musique_0714,musique,1,len=48,1,hits=4/27,1,gold absent (contradicts by alternative),1
musique_0227,musique,1,len=41,1,hits=3/30,1,gold absent (contradicts by alternative),1
musique_0374,musique,1,len=52,1,hits=3/26,1,gold absent (contradicts by alternative),1
squad_0318,squad,1,len=42,1,hits=2/25,1,gold absent (contradicts by alternative),1
squad_0369,squad,1,len=48,1,hits=4/12,1,gold absent (contradicts by alternative),1
musique_0356,musique,1,len=50,1,hits=3/20,1,gold absent (contradicts by alternative),1
musique_0914,musique,1,len=47,1,hits=4/19,1,gold absent (contradicts by alternative),1
musique_0948,musique,1,len=47,1,hits=2/17,1,gold absent (contradicts by alternative),1
hotpotqa_0775,hotpotqa,1,len=51,1,hits=4/33,1,gold absent (contradicts by alternative),1
musique_0398,musique,1,len=47,1,hits=2/65,1,gold absent (contradicts by alternative),1
hotpotqa_0280,hotpotqa,1,len=42,1,hits=3/21,1,gold absent (contradicts by alternative),1
hotpotqa_0824,hotpotqa,1,len=44,1,hits=3/24,1,gold absent (contradicts by alternative),1
hotpotqa_0820,hotpotqa,1,len=33,1,hits=5/12,1,gold absent (contradicts by alternative),1
hotpotqa_0800,hotpotqa,1,len=43,1,hits=1/15,1,gold absent (contradicts by alternative),1
musique_0408,musique,1,len=49,1,hits=5/18,1,gold absent (contradicts by alternative),1
musique_0728,musique,1,len=45,1,hits=3/29,1,gold absent (contradicts by alternative),1
hotpotqa_0223,hotpotqa,1,len=42,1,hits=1/17,1,gold absent (contradicts by alternative),1
squad_0291,squad,1,len=43,1,hits=2/23,1,gold absent (contradicts by alternative),1
squad_0077,squad,1,len=40,1,hits=2/25,1,gold absent (contradicts by alternative),1
hotpotqa_0972,hotpotqa,1,len=60,1,hits=2/21,1,gold absent (contradicts by alternative),1
hotpotqa_0234,hotpotqa,1,len=35,1,hits=1/22,1,gold absent (contradicts by alternative),1
hotpotqa_0592,hotpotqa,1,len=41,1,hits=4/19,1,gold absent (contradicts by alternative),1
squad_0402,squad,1,len=52,1,hits=3/35,1,gold absent (contradicts by alternative),1
squad_0120,squad,1,len=40,1,hits=2/4,1,gold absent (contradicts by alternative),1
hotpotqa_0033,hotpotqa,1,len=32,1,hits=6/16,1,gold absent (contradicts by alternative),1
musique_0510,musique,1,len=52,1,hits=2/37,1,gold absent (contradicts by alternative),1
musique_0192,musique,1,len=45,1,hits=3/24,1,gold absent (contradicts by alternative),1
musique_0404,musique,1,len=38,1,hits=2/34,1,gold absent (contradicts by alternative),1
musique_0264,musique,1,len=40,1,hits=2/23,1,gold absent (contradicts by alternative),1
musique_0923,musique,1,len=50,1,hits=2/13,1,gold absent (contradicts by alternative),1
hotpotqa_0603,hotpotqa,1,len=54,1,hits=5/20,1,gold absent (contradicts by alternative),1
hotpotqa_0596,hotpotqa,1,len=41,1,hits=4/15,1,gold absent (contradicts by alternative),1
squad_0216,squad,1,len=51,1,hits=3/9,1,gold absent (contradicts by alternative),1
squad_0390,squad,1,len=41,1,hits=2/19,1,gold absent (contradicts by alternative),1
musique_0274,musique,1,len=47,1,hits=3/16,1,gold absent (contradicts by alternative),1
musique_0465,musique,1,len=48,1,hits=3/26,1,gold absent (contradicts by alternative),1
squad_0101,squad,1,len=44,1,hits=4/19,1,gold absent (contradicts by alternative),1
musique_0785,musique,1,len=50,1,hits=2/22,1,gold absent (contradicts by alternative),1
squad_0394,squad,1,len=43,1,hits=2/19,1,gold absent (contradicts by alternative),1
musique_0276,musique,1,len=48,1,hits=2/8,1,gold absent (contradicts by alternative),1
squad_0491,squad,1,len=40,0,hits=0/8,1,gold absent (contradicts by alternative),0
hotpotqa_0247,hotpotqa,1,len=47,1,hits=4/28,1,gold absent (contradicts by alternative),1
hotpotqa_0180,hotpotqa,1,len=42,1,hits=1/16,1,gold absent (contradicts by alternative),1
hotpotqa_0563,hotpotqa,1,len=53,1,hits=12/24,1,gold absent (contradicts by alternative),1
hotpotqa_0995,hotpotqa,1,len=49,1,hits=1/13,1,gold absent (contradicts by alternative),1
hotpotqa_0761,hotpotqa,1,len=52,1,hits=4/22,1,gold absent (contradicts by alternative),1
musique_0821,musique,1,len=47,1,hits=6/27,1,gold absent (contradicts by alternative),1
musique_0971,musique,1,len=61,1,hits=4/14,1,gold absent (contradicts by alternative),1
musique_0724,musique,1,len=51,1,hits=1/24,1,gold absent (contradicts by alternative),1
musique_0455,musique,1,len=46,1,hits=6/16,1,gold absent (contradicts by alternative),1
musique_0049,musique,1,len=43,1,hits=5/14,1,gold negated,1
squad_0084,squad,1,len=42,1,hits=4/34,1,gold absent (contradicts by alternative),1
hotpotqa_0516,hotpotqa,1,len=49,1,hits=4/35,1,gold absent (contradicts by alternative),1
squad_0347,squad,1,len=44,1,hits=5/18,1,gold absent (contradicts by alternative),1
hotpotqa_0793,hotpotqa,1,len=39,1,hits=2/20,1,gold absent (contradicts by alternative),1
squad_0428,squad,1,len=42,1,hits=2/18,1,gold absent (contradicts by alternative),1
hotpotqa_0276,hotpotqa,1,len=45,1,hits=4/30,1,gold absent (contradicts by alternative),1
squad_0437,squad,1,len=37,0,hits=0/19,1,gold absent (contradicts by alternative),0
hotpotqa_0050,hotpotqa,1,len=52,1,hits=8/20,1,gold absent (contradicts by alternative),1
hotpotqa_0420,hotpotqa,1,len=50,1,hits=3/14,0,gold appears affirmatively,0
hotpotqa_0442,hotpotqa,1,len=40,1,hits=4/15,1,gold absent (contradicts by alternative),1
hotpotqa_0788,hotpotqa,1,len=44,1,hits=3/31,1,gold absent (contradicts by alternative),1
squad_0407,squad,1,len=50,1,hits=3/34,1,gold absent (contradicts by alternative),1
musique_0344,musique,1,len=36,1,hits=2/22,1,gold absent (contradicts by alternative),1
squad_0118,squad,1,len=55,1,hits=2/3,1,gold absent (contradicts by alternative),1
musique_0859,musique,1,len=39,1,hits=4/49,0,gold appears affirmatively,0
hotpotqa_0106,hotpotqa,1,len=43,1,hits=10/31,1,gold absent (contradicts by alternative),1
musique_0391,musique,1,len=50,1,hits=4/24,1,gold absent (contradicts by alternative),1
hotpotqa_0414,hotpotqa,1,len=40,1,hits=6/31,1,gold negated,1
musique_0753,musique,1,len=42,1,hits=5/28,1,gold absent (contradicts by alternative),1
musique_0901,musique,1,len=51,0,hits=0/15,1,gold absent (contradicts by alternative),0
musique_0572,musique,1,len=47,1,hits=2/9,1,gold absent (contradicts by alternative),1
musique_0857,musique,1,len=46,1,hits=4/41,1,gold absent (contradicts by alternative),1
hotpotqa_0043,hotpotqa,1,len=46,1,hits=5/16,1,gold absent (contradicts by alternative),1
squad_0455,squad,1,len=54,1,hits=4/42,1,gold absent (contradicts by alternative),1
hotpotqa_0954,hotpotqa,1,len=49,1,hits=3/32,1,gold absent (contradicts by alternative),1
musique_0683,musique,1,len=59,1,hits=4/19,1,gold absent (contradicts by alternative),1
hotpotqa_0392,hotpotqa,1,len=48,1,hits=4/15,0,gold appears affirmatively,0
musique_0645,musique,1,len=52,1,hits=1/17,1,gold absent (contradicts by alternative),1
musique_0562,musique,1,len=53,1,hits=5/23,1,gold absent (contradicts by alternative),1
musique_0207,musique,1,len=52,1,hits=4/29,1,gold absent (contradicts by alternative),1
hotpotqa_0213,hotpotqa,1,len=45,1,hits=9/33,0,gold appears affirmatively,0
squad_0290,squad,1,len=41,0,hits=0/22,1,gold absent (contradicts by alternative),0
hotpotqa_0228,hotpotqa,1,len=50,1,hits=4/24,1,gold absent (contradicts by alternative),1
hotpotqa_0417,hotpotqa,1,len=43,1,hits=5/17,1,gold negated,1
hotpotqa_0269,hotpotqa,1,len=39,1,hits=4/18,1,gold absent (contradicts by alternative),1
musique_0768,musique,1,len=48,1,hits=7/17,1,gold absent (contradicts by alternative),1
musique_0234,musique,1,len=57,1,hits=1/21,1,gold absent (contradicts by alternative),1
hotpotqa_0224,hotpotqa,1,len=42,1,hits=3/15,1,gold absent (contradicts by alternative),1
musique_0810,musique,1,len=35,1,hits=2/19,1,gold absent (contradicts by alternative),1
hotpotqa_0253,hotpotqa,1,len=41,1,hits=3/16,1,gold negated,1
hotpotqa_0522,hotpotqa,1,len=44,1,hits=6/23,1,gold absent (contradicts by alternative),1
hotpotqa_0266,hotpotqa,1,len=42,1,hits=6/10,1,gold absent (contradicts by alternative),1
musique_0283,musique,1,len=42,1,hits=4/28,0,gold appears affirmatively,0
musique_0545,musique,1,len=38,1,hits=2/50,1,gold absent (contradicts by alternative),1
hotpotqa_0136,hotpotqa,1,len=42,1,hits=5/22,1,gold absent (contradicts by alternative),1
hotpotqa_0248,hotpotqa,1,len=47,1,hits=8/23,1,gold absent (contradicts by alternative),1
hotpotqa_0350,hotpotqa,1,len=49,1,hits=6/18,1,gold absent (contradicts by alternative),1
hotpotqa_0511,hotpotqa,1,len=49,1,hits=6/20,1,gold absent (contradicts by alternative),1
squad_0371,squad,1,len=51,0,hits=0/12,1,gold absent (contradicts by alternative),0
